row_id,section,page_slug,provider_or_product,source_url,metric_key,metric_label,metric_value_text,value_numeric,value_min,value_max,unit,tier,source_type,verification_date,is_headline,confidence,figure_status,notes
airport-lounges-airport-lounge__cancellation,Airport Lounge,airport-lounges-airport-lounge,Airport Lounges Airport Lounge,https://compare100.com/airport-lounges-airport-lounge/,,Cancellation,Typically 24 hours' notice; inside that window the operators keep the money,24,,,,,own_review,2026-09-21,false,high,current,
airport-lounges-airport-lounge__corporate-identity,Airport Lounge,airport-lounges-airport-lounge,Airport Lounges Airport Lounge,https://compare100.com/airport-lounges-airport-lounge/,,Corporate identity,No company registered at Companies House under the name Airport Lounges — checked 21 September 2026,,,,,,own_review,2026-09-21,false,high,current,
airport-lounges-airport-lounge__cost-of-one-lounge-visit,Airport Lounge,airport-lounges-airport-lounge,Airport Lounges Airport Lounge,https://compare100.com/airport-lounges-airport-lounge/,,Cost of one lounge visit,"£29.99–£64 per adult, pre-booked — UK lounge operators' own published prices, checked 21 September 2026",,,,,,own_review,2026-09-21,true,high,current,
airport-lounges-airport-lounge__regulated,Airport Lounge,airport-lounges-airport-lounge,Airport Lounges Airport Lounge,https://compare100.com/airport-lounges-airport-lounge/,,Regulated?,"No. A lounge pass is not a package holiday, carries no ATOL protection and has no financial regulator behind it",,,,,,own_review,2026-09-21,false,high,current,
airport-lounges-airport-lounge__standard-stay,Airport Lounge,airport-lounges-airport-lounge,Airport Lounges Airport Lounge,https://compare100.com/airport-lounges-airport-lounge/,,Standard stay,Three hours before your scheduled departure; extra hours sold separately,,,,,,own_review,2026-09-21,false,high,current,
airport-lounges-airport-lounge__typical-uk-price,Airport Lounge,airport-lounges-airport-lounge,Airport Lounges Airport Lounge,https://compare100.com/airport-lounges-airport-lounge/,,Typical UK price,"£31 at Humberside and Inverness, £38 at Gatwick North, £50 at Heathrow Terminal 3, £64 for Suite by Aspire at Newcastle",,,,,,own_review,2026-09-21,false,high,current,
airport-lounges-airport-lounge__what-it-sells,Airport Lounge,airport-lounges-airport-lounge,Airport Lounges Airport Lounge,https://compare100.com/airport-lounges-airport-lounge/,,What it sells,"Single-visit airport lounge entry, pre-booked for a named date and flight",,,,,,own_review,2026-09-21,false,high,current,
airport-lounges-airport-lounge__who-runs-the-lounges,Airport Lounge,airport-lounges-airport-lounge,Airport Lounges Airport Lounge,https://compare100.com/airport-lounges-airport-lounge/,,Who runs the lounges,"Third parties — Swissport (Aspire, No1, Club Aspire, My Lounge, Clubrooms), CAVU Experiences (EMEA) Limited (Escape) and Plaza Premium",1,,,,,own_review,2026-09-21,false,high,current,
loungekey-airport-lounge__cheapest-uk-card-rate-found,Airport Lounge,loungekey-airport-lounge,LoungeKey Airport Lounge,https://compare100.com/loungekey-airport-lounge/,,Cheapest UK card rate found,"£18.50 per person per visit (Barclaycard Avios Plus, £20 a month)",,,,,,own_review,2026-09-21,false,high,current,
loungekey-airport-lounge__complaint-window,Airport Lounge,loungekey-airport-lounge,LoungeKey Airport Lounge,https://compare100.com/loungekey-airport-lounge/,,Complaint window,"Six months from the visit, to LoungeKey rather than the lounge",,,,,,own_review,2026-09-21,false,high,current,
loungekey-airport-lounge__contract-dated,Airport Lounge,loungekey-airport-lounge,LoungeKey Airport Lounge,https://compare100.com/loungekey-airport-lounge/,,Contract dated,"Conditions of Use effective 28 June 2023, governed by English law",,,,,,own_review,2026-09-21,false,high,current,
loungekey-airport-lounge__cost-of-one-lounge-visit,Airport Lounge,loungekey-airport-lounge,LoungeKey Airport Lounge,https://compare100.com/loungekey-airport-lounge/,,Cost of one lounge visit,"£18.50–£24 per person per visit — set by your card issuer, guests charged the same",,,,,,own_review,2026-09-21,true,high,current,
loungekey-airport-lounge__guests,Airport Lounge,loungekey-airport-lounge,LoungeKey Airport Lounge,https://compare100.com/loungekey-airport-lounge/,,Guests,"Charged the same per-person fee, and must enter with you",,,,,,own_review,2026-09-21,false,high,current,
loungekey-airport-lounge__operated-by,Airport Lounge,loungekey-airport-lounge,LoungeKey Airport Lounge,https://compare100.com/loungekey-airport-lounge/,,Operated by,"Priority Pass Limited, company 02728518, incorporated 3 July 1992",,,,,,own_review,2026-09-21,false,high,current,
loungekey-airport-lounge__parent-group,Airport Lounge,loungekey-airport-lounge,LoungeKey Airport Lounge,https://compare100.com/loungekey-airport-lounge/,,Parent group,"Collinson, company 11141096, 2,500+ staff in 19 locations",,,,,,own_review,2026-09-21,false,high,current,
loungekey-airport-lounge__pre-booking,Airport Lounge,loungekey-airport-lounge,LoungeKey Airport Lounge,https://compare100.com/loungekey-airport-lounge/,,Pre-booking,Extra where a lounge offers it — Monzo quotes at least £6 on top,6,,,GBP,,own_review,2026-09-21,false,high,current,
loungekey-airport-lounge__registered-office,Airport Lounge,loungekey-airport-lounge,LoungeKey Airport Lounge,https://compare100.com/loungekey-airport-lounge/,,Registered office,"3 More London Riverside, 5th Floor, London SE1 2AQ",,,,,,own_review,2026-09-21,false,high,current,
loungekey-airport-lounge__sister-brand,Airport Lounge,loungekey-airport-lounge,LoungeKey Airport Lounge,https://compare100.com/loungekey-airport-lounge/,,Sister brand,"Priority Pass — 1,900+ lounges, 600+ cities, US$99 to US$469 a year",,,,,,own_review,2026-09-21,false,high,current,
loungekey-airport-lounge__typical-uk-card-rate,Airport Lounge,loungekey-airport-lounge,LoungeKey Airport Lounge,https://compare100.com/loungekey-airport-lounge/,,Typical UK card rate,£24 per person per visit (Monzo Premium and Monzo Max),24,,,GBP,,own_review,2026-09-21,false,high,current,
a2z-airport-parking-compare-book__airports-listed,Airport Parking,a2z-airport-parking-compare-book,A2Z Airport Parking: Compare & Book,https://compare100.com/a2z-airport-parking-compare-book/,,Airports listed,"21, from Aberdeen and Belfast International to Southend and Stansted",21,,,,,own_review,2026-09-23,false,high,current,
a2z-airport-parking-compare-book__booking-fee,Airport Parking,a2z-airport-parking-compare-book,A2Z Airport Parking: Compare & Book,https://compare100.com/a2z-airport-parking-compare-book/,,Booking fee,"Charged on every booking, non-refundable, and the amount is not published anywhere on the site",,,,,,own_review,2026-09-23,false,high,current,
a2z-airport-parking-compare-book__cancellation,Airport Parking,a2z-airport-parking-compare-book,A2Z Airport Parking: Compare & Book,https://compare100.com/a2z-airport-parking-compare-book/,,Cancellation,"Flexible bookings only, at least 48 hours before arrival, less a fee the terms put at £10 and the FAQ at £20",,,,,,own_review,2026-09-23,false,high,current,
a2z-airport-parking-compare-book__card-processing,Airport Parking,a2z-airport-parking-compare-book,A2Z Airport Parking: Compare & Book,https://compare100.com/a2z-airport-parking-compare-book/,,Card processing,Stripe. A2Z says it does not store full card details on its own servers,2,,,,,own_review,2026-09-23,false,high,current,
a2z-airport-parking-compare-book__cheapest-park-and-ride,Airport Parking,a2z-airport-parking-compare-book,A2Z Airport Parking: Compare & Book,https://compare100.com/a2z-airport-parking-compare-book/,,Cheapest park and ride,£8.15 a day at Manchester · £10.28 at Heathrow — A2Z's own live results for seven nights from 30 September 2026,,,,,,own_review,2026-09-23,true,high,current,
a2z-airport-parking-compare-book__company,Airport Parking,a2z-airport-parking-compare-book,A2Z Airport Parking: Compare & Book,https://compare100.com/a2z-airport-parking-compare-book/,,Company,"A2Z Airport Parking Ltd, registered in England and Wales, 10693802, incorporated 28 March 2017",,,,,,own_review,2026-09-23,false,high,current,
a2z-airport-parking-compare-book__office-hours,Airport Parking,a2z-airport-parking-compare-book,A2Z Airport Parking: Compare & Book,https://compare100.com/a2z-airport-parking-compare-book/,,Office hours,"Monday to Friday, 08:00 to 16:00. Closed on bank holidays",,,,,,own_review,2026-09-23,false,high,current,
a2z-airport-parking-compare-book__owner-since-1-july-2026,Airport Parking,a2z-airport-parking-compare-book,A2Z Airport Parking: Compare & Book,https://compare100.com/a2z-airport-parking-compare-book/,,Owner since 1 July 2026,"Aamir Raja, 75% or more of shares and voting rights",75,,,,,own_review,2026-09-23,false,high,current,
a2z-airport-parking-compare-book__registered-office,Airport Parking,a2z-airport-parking-compare-book,A2Z Airport Parking: Compare & Book,https://compare100.com/a2z-airport-parking-compare-book/,,Registered office,"390 London Road, Mitcham, England, CR4 4EA",,,,,,own_review,2026-09-23,false,high,current,
a2z-airport-parking-compare-book__regulator,Airport Parking,a2z-airport-parking-compare-book,A2Z Airport Parking: Compare & Book,https://compare100.com/a2z-airport-parking-compare-book/,,Regulator,"None. Airport parking sits outside the FCA, and there is no ombudsman or ADR scheme for it",,,,,,own_review,2026-09-23,false,high,current,
a2z-airport-parking-compare-book__what-it-is,Airport Parking,a2z-airport-parking-compare-book,A2Z Airport Parking: Compare & Book,https://compare100.com/a2z-airport-parking-compare-book/,,What it is,"A booking agent. The parking contract is with the car park operator, not with A2Z",2,,,,,own_review,2026-09-23,false,high,current,
aph-airport-parking__booking-fee,Airport Parking,aph-airport-parking,APH Airport Parking Review,https://compare100.com/aph-airport-parking/,,Booking fee,None advertised; APH states “no hidden fees or booking charges”,,,,,,own_review,2026-09-15,false,high,current,
aph-airport-parking__cheapest-park-and-ride,Airport Parking,aph-airport-parking,APH Airport Parking Review,https://compare100.com/aph-airport-parking/,,Cheapest park and ride,£7.49 a day at Gatwick · £6.17 at Heathrow (APH's own advertised floors),,,,,,own_review,2026-09-15,true,high,current,
aph-airport-parking__company,Airport Parking,aph-airport-parking,APH Airport Parking Review,https://compare100.com/aph-airport-parking/,,Company,"Airport Parking and Hotels Limited, registered in England and Wales, 01539777",01539777,,,,,own_review,2026-09-15,false,high,current,
aph-airport-parking__complaints,Airport Parking,aph-airport-parking,APH Airport Parking Review,https://compare100.com/aph-airport-parking/,,Complaints,"Acknowledged within 5 working days, written decision aimed at within 30 days; no ombudsman covers parking",,,,,,own_review,2026-09-15,false,high,current,
aph-airport-parking__independent-rating,Airport Parking,aph-airport-parking,APH Airport Parking Review,https://compare100.com/aph-airport-parking/,,Independent rating,"Which? Recommended Provider, park and ride, customer score 80% (March 2026)",,,,,,own_review,2026-09-15,false,high,current,
aph-airport-parking__own-car-parks,Airport Parking,aph-airport-parking,APH Airport Parking Review,https://compare100.com/aph-airport-parking/,,Own car parks,"Gatwick, Manchester and Cardiff; around 7,000 spaces",7000,,,,,own_review,2026-09-15,false,high,current,
aph-airport-parking__owner,Airport Parking,aph-airport-parking,APH Airport Parking Review,https://compare100.com/aph-airport-parking/,,Owner,"Crawley Down Holdings Limited (07123465) holds 75% or more, notified 1 July 2016",,,,,,own_review,2026-09-15,false,high,current,
aph-airport-parking__security-award,Airport Parking,aph-airport-parking,APH Airport Parking Review,https://compare100.com/aph-airport-parking/,,Security award,Park Mark Plus at Gatwick (June 2023) and at Manchester; renamed Safer Parking Plus from 1 April 2026,,,,,,own_review,2026-09-15,false,high,current,
aph-airport-parking__trade-body,Airport Parking,aph-airport-parking,APH Airport Parking Review,https://compare100.com/aph-airport-parking/,,Trade body,"Independent Airport Parking Association, one of 14 members",14,,,,,own_review,2026-09-15,false,high,current,
aph-airport-parking__trading-since,Airport Parking,aph-airport-parking,APH Airport Parking Review,https://compare100.com/aph-airport-parking/,,Trading since,Incorporated 19 January 1981 as Airport Parking (Gatwick) Limited; renamed 26 April 1996,,,,,,own_review,2026-09-15,false,high,current,
holiday-extras-airport-parking__amendment-fee,Airport Parking,holiday-extras-airport-parking,"Holiday Extras Airport Parking: Prices, Fare Types and What the Voucher Is Worth",https://compare100.com/holiday-extras-airport-parking/,,Amendment fee,None — you pay only a price difference,,,,,,own_review,2026-09-11,false,high,current,
holiday-extras-airport-parking__cheapest-park-and-ride,Airport Parking,holiday-extras-airport-parking,"Holiday Extras Airport Parking: Prices, Fare Types and What the Voucher Is Worth",https://compare100.com/holiday-extras-airport-parking/,,Cheapest park and ride,£5.74 a day at Gatwick · £11.33 at Heathrow,,,,,,own_review,2026-09-11,true,high,current,
holiday-extras-airport-parking__company,Airport Parking,holiday-extras-airport-parking,"Holiday Extras Airport Parking: Prices, Fare Types and What the Voucher Is Worth",https://compare100.com/holiday-extras-airport-parking/,,Company,"Holiday Extras Limited, registered in England and Wales, 01693250",01693250,,,,,own_review,2026-09-11,false,high,current,
holiday-extras-airport-parking__gatwick-entry-price,Airport Parking,holiday-extras-airport-parking,"Holiday Extras Airport Parking: Prices, Fare Types and What the Voucher Is Worth",https://compare100.com/holiday-extras-airport-parking/,,Gatwick entry price,£5.74 a day; £45.95 for eight days (11 September 2026),,,,,,own_review,2026-09-11,false,high,current,
holiday-extras-airport-parking__heathrow-entry-price,Airport Parking,holiday-extras-airport-parking,"Holiday Extras Airport Parking: Prices, Fare Types and What the Voucher Is Worth",https://compare100.com/holiday-extras-airport-parking/,,Heathrow entry price,£11.33 a day; £90.62 for a week (11 September 2026),,,,,,own_review,2026-09-11,false,high,current,
holiday-extras-airport-parking__incorporated,Airport Parking,holiday-extras-airport-parking,"Holiday Extras Airport Parking: Prices, Fare Types and What the Voucher Is Worth",https://compare100.com/holiday-extras-airport-parking/,,Incorporated,"21 January 1983, as Apple Booking Company Limited",,,,,,own_review,2026-09-11,false,high,current,
holiday-extras-airport-parking__insurance-arm,Airport Parking,holiday-extras-airport-parking,"Holiday Extras Airport Parking: Prices, Fare Types and What the Voucher Is Worth",https://compare100.com/holiday-extras-airport-parking/,,Insurance arm,"Holiday Extras Cover Limited, 05058680, FCA firm reference 828848",,,,,,own_review,2026-09-11,false,high,current,
holiday-extras-airport-parking__ownership,Airport Parking,holiday-extras-airport-parking,"Holiday Extras Airport Parking: Prices, Fare Types and What the Voucher Is Worth",https://compare100.com/holiday-extras-airport-parking/,,Ownership,Employee Benefit Trust and management team; founders exited in 2024,2024,,,,,own_review,2026-09-11,false,high,current,
holiday-extras-airport-parking__refund-fee,Airport Parking,holiday-extras-airport-parking,"Holiday Extras Airport Parking: Prices, Fare Types and What the Voucher Is Worth",https://compare100.com/holiday-extras-airport-parking/,,Refund fee,£10 processing fee on any voucher converted to cash,10,,,GBP,,own_review,2026-09-11,false,high,current,
holiday-extras-airport-parking__registered-office,Airport Parking,holiday-extras-airport-parking,"Holiday Extras Airport Parking: Prices, Fare Types and What the Voucher Is Worth",https://compare100.com/holiday-extras-airport-parking/,,Registered office,"Ashford Road, Newingreen, Hythe, Kent CT21 4JF",,,,,,own_review,2026-09-11,false,high,current,
holiday-extras-airport-parking__scale-claimed,Airport Parking,holiday-extras-airport-parking,"Holiday Extras Airport Parking: Prices, Fare Types and What the Voucher Is Worth",https://compare100.com/holiday-extras-airport-parking/,,Scale claimed,More than 8 million travellers a year; 19 UK airports,,,,,,own_review,2026-09-11,false,high,current,
purple-parking-airport-parking__car-parks-listed-at-gatwick,Airport Parking,purple-parking-airport-parking,"Purple Parking Review: Prices, Car Parks and the Small Print",https://compare100.com/purple-parking-airport-parking/,,Car parks listed at Gatwick,"29, of which one is Purple Parking's own",29,,,,,own_review,2026-09-07,false,high,current,
purple-parking-airport-parking__cheapest-fares,Airport Parking,purple-parking-airport-parking,"Purple Parking Review: Prices, Car Parks and the Small Print",https://compare100.com/purple-parking-airport-parking/,,Cheapest fares,SAVER bookings cannot be amended and are not refunded,,,,,,own_review,2026-09-07,false,high,current,
purple-parking-airport-parking__cheapest-park-and-ride,Airport Parking,purple-parking-airport-parking,"Purple Parking Review: Prices, Car Parks and the Small Print",https://compare100.com/purple-parking-airport-parking/,,Cheapest park and ride,£4.21 a day at Gatwick · £5.12 at Heathrow,,,,,,own_review,2026-09-07,true,high,current,
purple-parking-airport-parking__complaints,Airport Parking,purple-parking-airport-parking,"Purple Parking Review: Prices, Car Parks and the Small Print",https://compare100.com/purple-parking-airport-parking/,,Complaints,Online form; the company says 80% of issues close within 21 days,,,,,,own_review,2026-09-07,false,high,current,
purple-parking-airport-parking__coverage,Airport Parking,purple-parking-airport-parking,"Purple Parking Review: Prices, Car Parks and the Small Print",https://compare100.com/purple-parking-airport-parking/,,Coverage,"31 UK airports and ports, including Dover and Southampton docks",31,,,,,own_review,2026-09-07,false,high,current,
purple-parking-airport-parking__gatwick-cheapest-park-and-ride,Airport Parking,purple-parking-airport-parking,"Purple Parking Review: Prices, Car Parks and the Small Print",https://compare100.com/purple-parking-airport-parking/,,"Gatwick, cheapest park and ride",£4.21 a day / £33.75 for 8 days,,,,,,own_review,2026-09-07,false,high,current,
purple-parking-airport-parking__heathrow-cheapest-park-and-ride,Airport Parking,purple-parking-airport-parking,"Purple Parking Review: Prices, Car Parks and the Small Print",https://compare100.com/purple-parking-airport-parking/,,"Heathrow, cheapest park and ride",£5.12 a day / £40.95 for 8 days,,,,,,own_review,2026-09-07,false,high,current,
purple-parking-airport-parking__meet-and-greet,Airport Parking,purple-parking-airport-parking,"Purple Parking Review: Prices, Car Parks and the Small Print",https://compare100.com/purple-parking-airport-parking/,,Meet and greet,"From £5.87 a day at Gatwick, £10.63 a day at Heathrow",,,,,,own_review,2026-09-07,false,high,current,
purple-parking-airport-parking__no-show-fee,Airport Parking,purple-parking-airport-parking,"Purple Parking Review: Prices, Car Parks and the Small Print",https://compare100.com/purple-parking-airport-parking/,,No-show fee,"£25 on meet and greet, plus the non-refundable booking fee",25,,,GBP,,own_review,2026-09-07,false,high,current,
purple-parking-airport-parking__owner,Airport Parking,purple-parking-airport-parking,"Purple Parking Review: Prices, Car Parks and the Small Print",https://compare100.com/purple-parking-airport-parking/,,Owner,"Holiday Extras Limited (company 01693250), since 2 November 2017",,,,,,own_review,2026-09-07,false,high,current,
purple-parking-airport-parking__regulator-for-the-parking,Airport Parking,purple-parking-airport-parking,"Purple Parking Review: Prices, Car Parks and the Small Print",https://compare100.com/purple-parking-airport-parking/,,Regulator for the parking,None; only the group's travel insurance arm is FCA authorised,,,,,,own_review,2026-09-07,false,high,current,
purple-parking-airport-parking__security,Airport Parking,purple-parking-airport-parking,"Purple Parking Review: Prices, Car Parks and the Small Print",https://compare100.com/purple-parking-airport-parking/,,Security,"Park Mark, renamed Safer Parking by Police CPI in April 2026",2026,,,,,own_review,2026-09-07,false,high,current,
purple-parking-airport-parking__transfer-times,Airport Parking,purple-parking-airport-parking,"Purple Parking Review: Prices, Car Parks and the Small Print",https://compare100.com/purple-parking-airport-parking/,,Transfer times,3 to 20 minutes at Heathrow; 10 to 15 minutes at Gatwick,,,,,,own_review,2026-09-07,false,high,current,
compare-boat-insurance-review__cooling-off-period,Boat Insurance,compare-boat-insurance-review,Compare-Boat-Insurance.co.uk Boat Insurance,https://compare100.com/compare-boat-insurance-review/,,Cooling-off period,"14 days, no cancellation fee",14,,,,,own_review,2026-08-23,false,high,current,
compare-boat-insurance-review__fca-firm-reference,Boat Insurance,compare-boat-insurance-review,Compare-Boat-Insurance.co.uk Boat Insurance,https://compare100.com/compare-boat-insurance-review/,,FCA firm reference,307824,307824,,,,,own_review,2026-08-23,false,high,current,
compare-boat-insurance-review__insurer-panel,Boat Insurance,compare-boat-insurance-review,Compare-Boat-Insurance.co.uk Boat Insurance,https://compare100.com/compare-boat-insurance-review/,,Insurer panel,"AIG UK, MS Amlin, Navigators & General, Towergate Mardon",,,,,,own_review,2026-08-23,false,high,current,
compare-boat-insurance-review__operated-by,Boat Insurance,compare-boat-insurance-review,Compare-Boat-Insurance.co.uk Boat Insurance,https://compare100.com/compare-boat-insurance-review/,,Operated by,"CETA Insurance Ltd, Chipping Norton (company no. 02827690)",02827690,,,,,own_review,2026-08-23,false,high,current,
compare-boat-insurance-review__personal-accident,Boat Insurance,compare-boat-insurance-review,Compare-Boat-Insurance.co.uk Boat Insurance,https://compare100.com/compare-boat-insurance-review/,,Personal accident,"Up to £60,000 for any one event",60000,,,GBP,,own_review,2026-08-23,false,high,current,
compare-boat-insurance-review__quote-validity,Boat Insurance,compare-boat-insurance-review,Compare-Boat-Insurance.co.uk Boat Insurance,https://compare100.com/compare-boat-insurance-review/,,Quote validity,30 days at the rate shown,30,,,,,own_review,2026-08-23,false,high,current,
compare-boat-insurance-review__sales-line,Boat Insurance,compare-boat-insurance-review,Compare-Boat-Insurance.co.uk Boat Insurance,https://compare100.com/compare-boat-insurance-review/,,Sales line,01608 647806,,,,,,own_review,2026-08-23,false,high,current,
compare-boat-insurance-review__set-up-or-renewal-fee,Boat Insurance,compare-boat-insurance-review,Compare-Boat-Insurance.co.uk Boat Insurance,https://compare100.com/compare-boat-insurance-review/,,Set-up or renewal fee,£40 to £100 depending on policy type,,,,,,own_review,2026-08-23,false,high,current,
compare-boat-insurance-review__standard-third-party-liability,Boat Insurance,compare-boat-insurance-review,Compare-Boat-Insurance.co.uk Boat Insurance,https://compare100.com/compare-boat-insurance-review/,,Standard third party liability,£3 million (inland waterways product),3,,,GBP,,own_review,2026-08-23,false,high,current,
compare-boat-insurance-review__third-party-liability,Boat Insurance,compare-boat-insurance-review,Compare-Boat-Insurance.co.uk Boat Insurance,https://compare100.com/compare-boat-insurance-review/,,Third-party liability,£3 million standard on the inland waterways product,3,,,GBP,,own_review,2026-08-23,true,high,current,
compare-boat-insurance-review__trading-since,Boat Insurance,compare-boat-insurance-review,Compare-Boat-Insurance.co.uk Boat Insurance,https://compare100.com/compare-boat-insurance-review/,,Trading since,16 June 1993,,,,,,own_review,2026-08-23,false,high,current,
compare-boat-insurance-review__uk-coastal-use-included,Boat Insurance,compare-boat-insurance-review,Compare-Boat-Insurance.co.uk Boat Insurance,https://compare100.com/compare-boat-insurance-review/,,UK coastal use included,"30 days per policy period, prior notice required",30,,,,,own_review,2026-08-23,false,high,current,
haven-knox-johnston-boat-insurance-review__customer-rating,Boat Insurance,haven-knox-johnston-boat-insurance-review,Haven Knox-Johnston Boat Insurance,https://compare100.com/haven-knox-johnston-boat-insurance-review/,,Customer rating,"Feefo 4.8 out of 5 from 11,625 reviews in the past year",,,,,,own_review,2026-08-23,false,high,current,
haven-knox-johnston-boat-insurance-review__european-waters-included,Boat Insurance,haven-knox-johnston-boat-insurance-review,Haven Knox-Johnston Boat Insurance,https://compare100.com/haven-knox-johnston-boat-insurance-review/,,European waters included,30 days a year on the All Weather policy,30,,,,,own_review,2026-08-23,false,high,current,
haven-knox-johnston-boat-insurance-review__excess-reduction,Boat Insurance,haven-knox-johnston-boat-insurance-review,Haven Knox-Johnston Boat Insurance,https://compare100.com/haven-knox-johnston-boat-insurance-review/,,Excess reduction,Up to 50% on a clean claims record,50,,,,,own_review,2026-08-23,false,high,current,
haven-knox-johnston-boat-insurance-review__fca-firm-reference,Boat Insurance,haven-knox-johnston-boat-insurance-review,Haven Knox-Johnston Boat Insurance,https://compare100.com/haven-knox-johnston-boat-insurance-review/,,FCA firm reference,"307663, verifiable on the FCA Register",307663,,,,,own_review,2026-08-23,false,high,current,
haven-knox-johnston-boat-insurance-review__marine-office,Boat Insurance,haven-knox-johnston-boat-insurance-review,Haven Knox-Johnston Boat Insurance,https://compare100.com/haven-knox-johnston-boat-insurance-review/,,Marine office,"Malling House, Town Hill, West Malling, Kent ME19 6QL",,,,,,own_review,2026-08-23,false,high,current,
haven-knox-johnston-boat-insurance-review__no-claims-discount,Boat Insurance,haven-knox-johnston-boat-insurance-review,Haven Knox-Johnston Boat Insurance,https://compare100.com/haven-knox-johnston-boat-insurance-review/,,No-claims discount,"5% a year, reaching 25% after five claim-free years",,,,,,own_review,2026-08-23,false,high,current,
haven-knox-johnston-boat-insurance-review__policy-tiers,Boat Insurance,haven-knox-johnston-boat-insurance-review,Haven Knox-Johnston Boat Insurance,https://compare100.com/haven-knox-johnston-boat-insurance-review/,,Policy tiers,All Weather (full cover) and Base Layer (club-level basics),,,,,,own_review,2026-08-23,false,high,current,
haven-knox-johnston-boat-insurance-review__race-entry-fees,Boat Insurance,haven-knox-johnston-boat-insurance-review,Haven Knox-Johnston Boat Insurance,https://compare100.com/haven-knox-johnston-boat-insurance-review/,,Race entry fees,"Up to £1,000 where racing cover is agreed",1000,,,GBP,,own_review,2026-08-23,false,high,current,
haven-knox-johnston-boat-insurance-review__registered-office,Boat Insurance,haven-knox-johnston-boat-insurance-review,Haven Knox-Johnston Boat Insurance,https://compare100.com/haven-knox-johnston-boat-insurance-review/,,Registered office,"One Creechurch Place, London EC3A 5AF",,,,,,own_review,2026-08-23,false,high,current,
haven-knox-johnston-boat-insurance-review__sales-line,Boat Insurance,haven-knox-johnston-boat-insurance-review,Haven Knox-Johnston Boat Insurance,https://compare100.com/haven-knox-johnston-boat-insurance-review/,,Sales line,01732 223650,,,,,,own_review,2026-08-23,false,high,current,
haven-knox-johnston-boat-insurance-review__tender-and-outboard,Boat Insurance,haven-knox-johnston-boat-insurance-review,Haven Knox-Johnston Boat Insurance,https://compare100.com/haven-knox-johnston-boat-insurance-review/,,Tender and outboard,Free to £350 combined value,350,,,GBP,,own_review,2026-08-23,false,high,current,
haven-knox-johnston-boat-insurance-review__third-party-liability,Boat Insurance,haven-knox-johnston-boat-insurance-review,Haven Knox-Johnston Boat Insurance,https://compare100.com/haven-knox-johnston-boat-insurance-review/,,Third-party liability,£5 million as standard,5,,,GBP,,own_review,2026-08-23,true,high,current,
haven-knox-johnston-boat-insurance-review__third-party-liability,Boat Insurance,haven-knox-johnston-boat-insurance-review,Haven Knox-Johnston Boat Insurance,https://compare100.com/haven-knox-johnston-boat-insurance-review/,,Third party liability,£5 million as standard,5,,,GBP,,own_review,2026-08-23,false,high,current,
haven-knox-johnston-boat-insurance-review__trading-name-of,Boat Insurance,haven-knox-johnston-boat-insurance-review,Haven Knox-Johnston Boat Insurance,https://compare100.com/haven-knox-johnston-boat-insurance-review/,,Trading name of,Howden UK Brokers Limited (company no. 02831010),02831010,,,,,own_review,2026-08-23,false,high,current,
haven-knox-johnston-boat-insurance-review__underwriter,Boat Insurance,haven-knox-johnston-boat-insurance-review,Haven Knox-Johnston Boat Insurance,https://compare100.com/haven-knox-johnston-boat-insurance-review/,,Underwriter,"MS Amlin Marine, three-year deal announced 5 January 2024",,,,,,own_review,2026-08-23,false,high,current,
insure4boats-boat-insurance-review__basis-of-sale,Boat Insurance,insure4boats-boat-insurance-review,"Insure4Boats Review: Small Craft, Jet Skis and the Conditions Attached",https://compare100.com/insure4boats-boat-insurance-review/,,Basis of sale,Non-advised; the firm acts as agent of the insurer,,,,,,own_review,2026-08-30,false,high,current,
insure4boats-boat-insurance-review__cancellation-fee,Boat Insurance,insure4boats-boat-insurance-review,"Insure4Boats Review: Small Craft, Jet Skis and the Conditions Attached",https://compare100.com/insure4boats-boat-insurance-review/,,Cancellation fee,"Up to £45, with refunds under £10 not paid",,,,,,own_review,2026-08-30,false,high,current,
insure4boats-boat-insurance-review__cooling-off-period,Boat Insurance,insure4boats-boat-insurance-review,"Insure4Boats Review: Small Craft, Jet Skis and the Conditions Attached",https://compare100.com/insure4boats-boat-insurance-review/,,Cooling-off period,"14 days from start, renewal or receipt of documents",14,,,,,own_review,2026-08-30,false,high,current,
insure4boats-boat-insurance-review__craft-covered,Boat Insurance,insure4boats-boat-insurance-review,"Insure4Boats Review: Small Craft, Jet Skis and the Conditions Attached",https://compare100.com/insure4boats-boat-insurance-review/,,Craft covered,Paddleboards and kayaks up to yachts; five separate wordings,,,,,,own_review,2026-08-30,false,high,current,
insure4boats-boat-insurance-review__fca-firm-reference,Boat Insurance,insure4boats-boat-insurance-review,"Insure4Boats Review: Small Craft, Jet Skis and the Conditions Attached",https://compare100.com/insure4boats-boat-insurance-review/,,FCA firm reference,313411 — verifiable on the FCA Register,313411,,,,,own_review,2026-08-30,false,high,current,
insure4boats-boat-insurance-review__hull-and-machinery-insurer,Boat Insurance,insure4boats-boat-insurance-review,"Insure4Boats Review: Small Craft, Jet Skis and the Conditions Attached",https://compare100.com/insure4boats-boat-insurance-review/,,Hull and machinery insurer,Travelers Insurance Company Limited (FRN 202549),202549,,,,,own_review,2026-08-30,false,high,current,
insure4boats-boat-insurance-review__liability-only-insurer,Boat Insurance,insure4boats-boat-insurance-review,"Insure4Boats Review: Small Craft, Jet Skis and the Conditions Attached",https://compare100.com/insure4boats-boat-insurance-review/,,Liability-only insurer,Certain Underwriters at Lloyd's,,,,,,own_review,2026-08-30,false,high,current,
insure4boats-boat-insurance-review__mid-term-change-fee,Boat Insurance,insure4boats-boat-insurance-review,"Insure4Boats Review: Small Craft, Jet Skis and the Conditions Attached",https://compare100.com/insure4boats-boat-insurance-review/,,Mid-term change fee,Up to £45,45,,,GBP,,own_review,2026-08-30,false,high,current,
insure4boats-boat-insurance-review__no-claims-discount,Boat Insurance,insure4boats-boat-insurance-review,"Insure4Boats Review: Small Craft, Jet Skis and the Conditions Attached",https://compare100.com/insure4boats-boat-insurance-review/,,No-claims discount,Up to 25% after five claim-free years,25,,,,,own_review,2026-08-30,false,high,current,
insure4boats-boat-insurance-review__operated-by,Boat Insurance,insure4boats-boat-insurance-review,"Insure4Boats Review: Small Craft, Jet Skis and the Conditions Attached",https://compare100.com/insure4boats-boat-insurance-review/,,Operated by,"Ripe Insurance Services Limited, Stockport (company 04507332)",04507332,,,,,own_review,2026-08-30,false,high,current,
insure4boats-boat-insurance-review__optional-liability-upgrade,Boat Insurance,insure4boats-boat-insurance-review,"Insure4Boats Review: Small Craft, Jet Skis and the Conditions Attached",https://compare100.com/insure4boats-boat-insurance-review/,,Optional liability upgrade,"£5,000,000 for £40 plus IPT — not offered on jet skis",,,,,,own_review,2026-08-30,false,high,current,
insure4boats-boat-insurance-review__small-craft-definition,Boat Insurance,insure4boats-boat-insurance-review,"Insure4Boats Review: Small Craft, Jet Skis and the Conditions Attached",https://compare100.com/insure4boats-boat-insurance-review/,,Small craft definition,27ft and under; anything longer takes the large craft wording,27,,,,,own_review,2026-08-30,false,high,current,
insure4boats-boat-insurance-review__standard-third-party-liability,Boat Insurance,insure4boats-boat-insurance-review,"Insure4Boats Review: Small Craft, Jet Skis and the Conditions Attached",https://compare100.com/insure4boats-boat-insurance-review/,,Standard third-party liability,"£3,000,000",3000000,,,GBP,,own_review,2026-08-30,false,high,current,
insure4boats-boat-insurance-review__third-party-liability,Boat Insurance,insure4boats-boat-insurance-review,"Insure4Boats Review: Small Craft, Jet Skis and the Conditions Attached",https://compare100.com/insure4boats-boat-insurance-review/,,Third-party liability,"£3,000,000 standard; £5,000,000 for £40 more",,,,,,own_review,2026-08-30,true,high,current,
noble-marine-boat-insurance-review__claims-line,Boat Insurance,noble-marine-boat-insurance-review,Noble Marine Boat Insurance Review,https://compare100.com/noble-marine-boat-insurance-review/,,Claims line,01636 675888,,,,,,own_review,2026-09-01,false,high,current,
noble-marine-boat-insurance-review__class-association-discount,Boat Insurance,noble-marine-boat-insurance-review,Noble Marine Boat Insurance Review,https://compare100.com/noble-marine-boat-insurance-review/,,Class association discount,"10%, across 49 sponsored classes",,,,,,own_review,2026-09-01,false,high,current,
noble-marine-boat-insurance-review__company-number,Boat Insurance,noble-marine-boat-insurance-review,Noble Marine Boat Insurance Review,https://compare100.com/noble-marine-boat-insurance-review/,,Company number,"02351642, incorporated 24 February 1989",,,,,,own_review,2026-09-01,false,high,current,
noble-marine-boat-insurance-review__maximum-boat-value,Boat Insurance,noble-marine-boat-insurance-review,Noble Marine Boat Insurance Review,https://compare100.com/noble-marine-boat-insurance-review/,,Maximum boat value,"£750,000",750000,,,GBP,,own_review,2026-09-01,false,high,current,
noble-marine-boat-insurance-review__multi-boat-discount,Boat Insurance,noble-marine-boat-insurance-review,Noble Marine Boat Insurance Review,https://compare100.com/noble-marine-boat-insurance-review/,,Multi-boat discount,"12.5%, capped at £150 per policy",,,,,,own_review,2026-09-01,false,high,current,
noble-marine-boat-insurance-review__no-claims-discount,Boat Insurance,noble-marine-boat-insurance-review,Noble Marine Boat Insurance Review,https://compare100.com/noble-marine-boat-insurance-review/,,No claims discount,"Up to 25%, protection available",25,,,,,own_review,2026-09-01,false,high,current,
noble-marine-boat-insurance-review__personal-belongings,Boat Insurance,noble-marine-boat-insurance-review,Noble Marine Boat Insurance Review,https://compare100.com/noble-marine-boat-insurance-review/,,Personal belongings,£350,350,,,GBP,,own_review,2026-09-01,false,high,current,
noble-marine-boat-insurance-review__premiums-from,Boat Insurance,noble-marine-boat-insurance-review,Noble Marine Boat Insurance Review,https://compare100.com/noble-marine-boat-insurance-review/,,Premiums from,About £40 a year,40,,,GBP,,own_review,2026-09-01,false,high,current,
noble-marine-boat-insurance-review__race-entry-fees-covered,Boat Insurance,noble-marine-boat-insurance-review,Noble Marine Boat Insurance Review,https://compare100.com/noble-marine-boat-insurance-review/,,Race entry fees covered,Up to £150,150,,,GBP,,own_review,2026-09-01,false,high,current,
noble-marine-boat-insurance-review__regulated-firm,Boat Insurance,noble-marine-boat-insurance-review,Noble Marine Boat Insurance Review,https://compare100.com/noble-marine-boat-insurance-review/,,Regulated firm,"Noble Insurance Services Ltd, FRN 305884",305884,,,,,own_review,2026-09-01,false,high,current,
noble-marine-boat-insurance-review__sales-line,Boat Insurance,noble-marine-boat-insurance-review,Noble Marine Boat Insurance Review,https://compare100.com/noble-marine-boat-insurance-review/,,Sales line,01636 707606,,,,,,own_review,2026-09-01,false,high,current,
noble-marine-boat-insurance-review__third-party-liability,Boat Insurance,noble-marine-boat-insurance-review,Noble Marine Boat Insurance Review,https://compare100.com/noble-marine-boat-insurance-review/,,Third-party liability,"£5,000,000 (£3,000,000 on jet skis). Premiums from about £40 a year",,,,,,own_review,2026-09-01,true,high,current,
noble-marine-boat-insurance-review__third-party-liability,Boat Insurance,noble-marine-boat-insurance-review,Noble Marine Boat Insurance Review,https://compare100.com/noble-marine-boat-insurance-review/,,Third party liability,"£5,000,000 (£3,000,000 on jet skis)",,,,,,own_review,2026-09-01,false,high,current,
towergate-boat-insurance-review__administered-by,Boat Insurance,towergate-boat-insurance-review,Towergate Boat Insurance,https://compare100.com/towergate-boat-insurance-review/,,Administered by,Geo Underwriting Services Limited (company no. 4070987),4070987,,,,,own_review,2026-08-28,false,high,current,
towergate-boat-insurance-review__cooling-off-period,Boat Insurance,towergate-boat-insurance-review,Towergate Boat Insurance,https://compare100.com/towergate-boat-insurance-review/,,Cooling-off period,14 days from receiving the documents,14,,,,,own_review,2026-08-28,false,high,current,
towergate-boat-insurance-review__fca-firm-reference,Boat Insurance,towergate-boat-insurance-review,Towergate Boat Insurance,https://compare100.com/towergate-boat-insurance-review/,,FCA firm reference,"308400, verifiable on the FCA Register",308400,,,,,own_review,2026-08-28,false,high,current,
towergate-boat-insurance-review__legal-expenses,Boat Insurance,towergate-boat-insurance-review,Towergate Boat Insurance,https://compare100.com/towergate-boat-insurance-review/,,Legal expenses,"Optional, up to £100,000, via Arc Legal and AmTrust Specialty (FRN 202189)",,,,,,own_review,2026-08-28,false,high,current,
towergate-boat-insurance-review__marine-brand,Boat Insurance,towergate-boat-insurance-review,Towergate Boat Insurance,https://compare100.com/towergate-boat-insurance-review/,,Marine brand,"Navigators & General, founded 1921, based in Brighton",1921,,,,,own_review,2026-08-28,false,high,current,
towergate-boat-insurance-review__marine-sales-and-service,Boat Insurance,towergate-boat-insurance-review,Towergate Boat Insurance,https://compare100.com/towergate-boat-insurance-review/,,Marine sales and service,01242 531172 for former Towergate policies; 01273 863400 for Navigators & General,,,,,,own_review,2026-08-28,false,high,current,
towergate-boat-insurance-review__maximum-vessel-value,Boat Insurance,towergate-boat-insurance-review,Towergate Boat Insurance,https://compare100.com/towergate-boat-insurance-review/,,Maximum vessel value,"£1 million on yacht, motorboat and sailing policies",1,,,GBP,,own_review,2026-08-28,false,high,current,
towergate-boat-insurance-review__personal-accident,Boat Insurance,towergate-boat-insurance-review,Towergate Boat Insurance,https://compare100.com/towergate-boat-insurance-review/,,Personal accident,"£25,000 per person, £10,000 under 16, £100,000 in any one period",,,,,,own_review,2026-08-28,false,high,current,
towergate-boat-insurance-review__previous-underwriter,Boat Insurance,towergate-boat-insurance-review,Towergate Boat Insurance,https://compare100.com/towergate-boat-insurance-review/,,Previous underwriter,"Zurich, on policies written before 1 December 2024",,,,,,own_review,2026-08-28,false,high,current,
towergate-boat-insurance-review__rescue-and-evacuation,Boat Insurance,towergate-boat-insurance-review,Towergate Boat Insurance,https://compare100.com/towergate-boat-insurance-review/,,Rescue and evacuation,"Up to £50,000",50000,,,GBP,,own_review,2026-08-28,false,high,current,
towergate-boat-insurance-review__risk-carried-by,Boat Insurance,towergate-boat-insurance-review,Towergate Boat Insurance,https://compare100.com/towergate-boat-insurance-review/,,Risk carried by,"HCC International Insurance Company plc, trading as Tokio Marine HCC (FRN 202655)",202655,,,,,own_review,2026-08-28,false,high,current,
towergate-boat-insurance-review__rya-discount,Boat Insurance,towergate-boat-insurance-review,Towergate Boat Insurance,https://compare100.com/towergate-boat-insurance-review/,,RYA discount,Up to 10%,10,,,,,own_review,2026-08-28,false,high,current,
towergate-boat-insurance-review__third-party-liability,Boat Insurance,towergate-boat-insurance-review,Towergate Boat Insurance,https://compare100.com/towergate-boat-insurance-review/,,Third-party liability,£5 million standard; £3 million on inland waterways,,,,,,own_review,2026-08-28,true,high,current,
towergate-boat-insurance-review__third-party-liability,Boat Insurance,towergate-boat-insurance-review,Towergate Boat Insurance,https://compare100.com/towergate-boat-insurance-review/,,Third party liability,£5 million standard; £3 million on inland waterways,,,,,,own_review,2026-08-28,false,high,current,
towergate-boat-insurance-review__towergate-marine-transfer,Boat Insurance,towergate-boat-insurance-review,Towergate Boat Insurance,https://compare100.com/towergate-boat-insurance-review/,,Towergate marine transfer,1 November 2025,,,,,,own_review,2026-08-28,false,high,current,
towergate-boat-insurance-review__uninsured-vessel-cover,Boat Insurance,towergate-boat-insurance-review,Towergate Boat Insurance,https://compare100.com/towergate-boat-insurance-review/,,Uninsured vessel cover,"Up to £50,000 for family and guests",50000,,,GBP,,own_review,2026-08-28,false,high,current,
comfort-breakdown-insurance-review__assistance-provided-by,Breakdown Insurance,comfort-breakdown-insurance-review,Comfort Insurance Motorhome Breakdown Cover Review,https://compare100.com/comfort-breakdown-insurance-review/,,Assistance provided by,ARAG (formerly DAS) with Call Assist Ltd,,,,,,own_review,2026-08-31,false,high,current,
comfort-breakdown-insurance-review__broker-charges,Breakdown Insurance,comfort-breakdown-insurance-review,Comfort Insurance Motorhome Breakdown Cover Review,https://compare100.com/comfort-breakdown-insurance-review/,,Broker charges,"£35 new business or renewal, £35 mid-term change, £45 cancellation",,,,,,own_review,2026-08-31,false,high,current,
comfort-breakdown-insurance-review__callouts-allowed,Breakdown Insurance,comfort-breakdown-insurance-review,Comfort Insurance Motorhome Breakdown Cover Review,https://compare100.com/comfort-breakdown-insurance-review/,,Callouts allowed,Six breakdowns in any 12-month period,12,,,,,own_review,2026-08-31,false,high,current,
comfort-breakdown-insurance-review__cooling-off-period,Breakdown Insurance,comfort-breakdown-insurance-review,Comfort Insurance Motorhome Breakdown Cover Review,https://compare100.com/comfort-breakdown-insurance-review/,,Cooling-off period,14 days,14,,,,,own_review,2026-08-31,false,high,current,
comfort-breakdown-insurance-review__european-claim-limit,Breakdown Insurance,comfort-breakdown-insurance-review,Comfort Insurance Motorhome Breakdown Cover Review,https://compare100.com/comfort-breakdown-insurance-review/,,European claim limit,"£5,000 for any one breakdown",5000,,,GBP,,own_review,2026-08-31,false,high,current,
comfort-breakdown-insurance-review__price-from,Breakdown Insurance,comfort-breakdown-insurance-review,Comfort Insurance Motorhome Breakdown Cover Review,https://compare100.com/comfort-breakdown-insurance-review/,,Price from,"£96 a year, added to a Comfort motorhome or campervan policy",96,,,GBP,,own_review,2026-08-31,false,high,current,
comfort-breakdown-insurance-review__roadside-labour,Breakdown Insurance,comfort-breakdown-insurance-review,Comfort Insurance Motorhome Breakdown Cover Review,https://compare100.com/comfort-breakdown-insurance-review/,,Roadside labour,Up to one hour at the scene,,,,,,own_review,2026-08-31,false,high,current,
comfort-breakdown-insurance-review__sold-by,Breakdown Insurance,comfort-breakdown-insurance-review,Comfort Insurance Motorhome Breakdown Cover Review,https://compare100.com/comfort-breakdown-insurance-review/,,Sold by,"Victor Millwell Insurance Agency Ltd, trading as Comfort Insurance, FRN 300281",300281,,,,,own_review,2026-08-31,false,high,current,
comfort-breakdown-insurance-review__standalone-purchase,Breakdown Insurance,comfort-breakdown-insurance-review,Comfort Insurance Motorhome Breakdown Cover Review,https://compare100.com/comfort-breakdown-insurance-review/,,Standalone purchase,Not available — add-on only,,,,,,own_review,2026-08-31,false,high,current,
comfort-breakdown-insurance-review__uk-claim-limit,Breakdown Insurance,comfort-breakdown-insurance-review,Comfort Insurance Motorhome Breakdown Cover Review,https://compare100.com/comfort-breakdown-insurance-review/,,UK claim limit,£300 for any one breakdown,300,,,GBP,,own_review,2026-08-31,false,high,current,
comfort-breakdown-insurance-review__vehicle-limits,Breakdown Insurance,comfort-breakdown-insurance-review,Comfort Insurance Motorhome Breakdown Cover Review,https://compare100.com/comfort-breakdown-insurance-review/,,Vehicle limits,Up to 12 metres long and 2.55 metres wide; towed trailer up to 7.6 metres,,,,,,own_review,2026-08-31,false,high,current,
comfort-breakdown-insurance-review__waiting-period,Breakdown Insurance,comfort-breakdown-insurance-review,Comfort Insurance Motorhome Breakdown Cover Review,https://compare100.com/comfort-breakdown-insurance-review/,,Waiting period,"48 hours, unless bought at the same time as another policy",48,,,,,own_review,2026-08-31,false,high,current,
eversure-breakdown-insurance-review__claims-ceiling,Breakdown Insurance,eversure-breakdown-insurance-review,Eversure Breakdown Cover Review,https://compare100.com/eversure-breakdown-insurance-review/,,Claims ceiling,"£15,000 per policy period",15000,,,GBP,,own_review,2026-08-29,false,high,current,
eversure-breakdown-insurance-review__complaints,Breakdown Insurance,eversure-breakdown-insurance-review,Eversure Breakdown Cover Review,https://compare100.com/eversure-breakdown-insurance-review/,,Complaints,"complaints@eversure.com, then the Financial Ombudsman Service",,,,,,own_review,2026-08-29,false,high,current,
eversure-breakdown-insurance-review__cover-tiers,Breakdown Insurance,eversure-breakdown-insurance-review,Eversure Breakdown Cover Review,https://compare100.com/eversure-breakdown-insurance-review/,,Cover tiers,"Silver, Gold, Platinum",,,,,,own_review,2026-08-29,false,high,current,
eversure-breakdown-insurance-review__european-annual-from,Breakdown Insurance,eversure-breakdown-insurance-review,Eversure Breakdown Cover Review,https://compare100.com/eversure-breakdown-insurance-review/,,European annual from,£50.28 (trips up to 90 days),,,,,,own_review,2026-08-29,false,high,current,
eversure-breakdown-insurance-review__people-covered,Breakdown Insurance,eversure-breakdown-insurance-review,Eversure Breakdown Cover Review,https://compare100.com/eversure-breakdown-insurance-review/,,People covered,Up to 4 at the same address,4,,,,,own_review,2026-08-29,false,high,current,
eversure-breakdown-insurance-review__personal-cover-from,Breakdown Insurance,eversure-breakdown-insurance-review,Eversure Breakdown Cover Review,https://compare100.com/eversure-breakdown-insurance-review/,,Personal cover from,£33.81,33.81,,,GBP,,own_review,2026-08-29,false,high,current,
eversure-breakdown-insurance-review__sold-by,Breakdown Insurance,eversure-breakdown-insurance-review,Eversure Breakdown Cover Review,https://compare100.com/eversure-breakdown-insurance-review/,,Sold by,"Eversure Limited, FRN 501311",501311,,,,,own_review,2026-08-29,false,high,current,
eversure-breakdown-insurance-review__uk-annual-price-from,Breakdown Insurance,eversure-breakdown-insurance-review,Eversure Breakdown Cover Review,https://compare100.com/eversure-breakdown-insurance-review/,,UK annual price from,£17.47,17.47,,,GBP,,own_review,2026-08-29,false,high,current,
eversure-breakdown-insurance-review__underwritten-by,Breakdown Insurance,eversure-breakdown-insurance-review,Eversure Breakdown Cover Review,https://compare100.com/eversure-breakdown-insurance-review/,,Underwritten by,"Collinson Insurance (Astrenska Insurance Limited), FRN 202846",202846,,,,,own_review,2026-08-29,false,high,current,
eversure-breakdown-insurance-review__vehicle-age-limit,Breakdown Insurance,eversure-breakdown-insurance-review,Eversure Breakdown Cover Review,https://compare100.com/eversure-breakdown-insurance-review/,,Vehicle age limit,15 years on the personal product,15,,,,,own_review,2026-08-29,false,high,current,
eversure-breakdown-insurance-review__vehicle-size-limit,Breakdown Insurance,eversure-breakdown-insurance-review,Eversure Breakdown Cover Review,https://compare100.com/eversure-breakdown-insurance-review/,,Vehicle size limit,"3,500kg, 7m long, 3m high, 2.25m wide",,,,,,own_review,2026-08-29,false,high,current,
eversure-breakdown-insurance-review__waiting-period,Breakdown Insurance,eversure-breakdown-insurance-review,Eversure Breakdown Cover Review,https://compare100.com/eversure-breakdown-insurance-review/,,Waiting period,48 hours from purchase,48,,,,,own_review,2026-08-29,false,high,current,
mymoneycomparison-breakdown-insurance-review__advertised-price,Breakdown Insurance,mymoneycomparison-breakdown-insurance-review,MyMoneyComparison Breakdown Insurance Review,https://compare100.com/mymoneycomparison-breakdown-insurance-review/,,Advertised price,From £15.49 — but read the section on where that number comes from,15.49,,,GBP,,own_review,2026-09-02,false,high,current,
mymoneycomparison-breakdown-insurance-review__breakdown-panel,Breakdown Insurance,mymoneycomparison-breakdown-insurance-review,MyMoneyComparison Breakdown Insurance Review,https://compare100.com/mymoneycomparison-breakdown-insurance-review/,,Breakdown panel,Up to 10 providers from one form,10,,,,,own_review,2026-09-02,false,high,current,
mymoneycomparison-breakdown-insurance-review__company,Breakdown Insurance,mymoneycomparison-breakdown-insurance-review,MyMoneyComparison Breakdown Insurance Review,https://compare100.com/mymoneycomparison-breakdown-insurance-review/,,Company,"MyMoneyComparison.com Ltd, number 08464012, incorporated 27 March 2013",,,,,,own_review,2026-09-02,false,high,current,
mymoneycomparison-breakdown-insurance-review__contact-hours,Breakdown Insurance,mymoneycomparison-breakdown-insurance-review,MyMoneyComparison Breakdown Insurance Review,https://compare100.com/mymoneycomparison-breakdown-insurance-review/,,Contact hours,"Monday to Friday, 9am to 5:30pm — by email or form; no phone number is published",,,,,,own_review,2026-09-02,false,high,current,
mymoneycomparison-breakdown-insurance-review__cost-to-you,Breakdown Insurance,mymoneycomparison-breakdown-insurance-review,MyMoneyComparison Breakdown Insurance Review,https://compare100.com/mymoneycomparison-breakdown-insurance-review/,,Cost to you,Nothing. The site says it “may receive a small commission” when you buy,,,,,,own_review,2026-09-02,false,high,current,
mymoneycomparison-breakdown-insurance-review__cover-components-quoted,Breakdown Insurance,mymoneycomparison-breakdown-insurance-review,MyMoneyComparison Breakdown Insurance Review,https://compare100.com/mymoneycomparison-breakdown-insurance-review/,,Cover components quoted,"Roadside, recovery, home start, onward travel, European or worldwide",,,,,,own_review,2026-09-02,false,high,current,
mymoneycomparison-breakdown-insurance-review__data-controllers,Breakdown Insurance,mymoneycomparison-breakdown-insurance-review,MyMoneyComparison Breakdown Insurance Review,https://compare100.com/mymoneycomparison-breakdown-insurance-review/,,Data controllers,MyMoneyComparison ICO ZA460665; Seopa ICO Z8733752,,,,,,own_review,2026-09-02,false,high,current,
mymoneycomparison-breakdown-insurance-review__fca-reference,Breakdown Insurance,mymoneycomparison-breakdown-insurance-review,MyMoneyComparison Breakdown Insurance Review,https://compare100.com/mymoneycomparison-breakdown-insurance-review/,,FCA reference,"916241, quoted by the firm for insurance mediation and credit broking — checkable on the FCA Register",916241,,,,,own_review,2026-09-02,false,high,current,
mymoneycomparison-breakdown-insurance-review__independent-rating,Breakdown Insurance,mymoneycomparison-breakdown-insurance-review,MyMoneyComparison Breakdown Insurance Review,https://compare100.com/mymoneycomparison-breakdown-insurance-review/,,Independent rating,None found — no Defaqto rating and no entry on Smart Money People,,,,,,own_review,2026-09-02,false,high,current,
mymoneycomparison-breakdown-insurance-review__quote-platform,Breakdown Insurance,mymoneycomparison-breakdown-insurance-review,MyMoneyComparison Breakdown Insurance Review,https://compare100.com/mymoneycomparison-breakdown-insurance-review/,,Quote platform,"Seopa Ltd, Belfast · company NI46322 · FCA reference 313860",,,,,,own_review,2026-09-02,false,high,current,
mymoneycomparison-breakdown-insurance-review__registered-office,Breakdown Insurance,mymoneycomparison-breakdown-insurance-review,MyMoneyComparison Breakdown Insurance Review,https://compare100.com/mymoneycomparison-breakdown-insurance-review/,,Registered office,"Jubilee House, 55 Church Street, Morley, Leeds LS27 9JQ",,,,,,own_review,2026-09-02,false,high,current,
mymoneycomparison-breakdown-insurance-review__what-it-is,Breakdown Insurance,mymoneycomparison-breakdown-insurance-review,MyMoneyComparison Breakdown Insurance Review,https://compare100.com/mymoneycomparison-breakdown-insurance-review/,,What it is,"A quote comparison and introduction service — not an insurer, and not an adviser",,,,,,own_review,2026-09-02,false,high,current,
start-rescue-breakdown-insurance-review__claims-permitted,Breakdown Insurance,start-rescue-breakdown-insurance-review,Start Rescue Breakdown Cover Review,https://compare100.com/start-rescue-breakdown-insurance-review/,,Claims permitted,"Six per period of insurance, capped at £15,000",15000,,,GBP,,own_review,2026-08-23,false,high,current,
start-rescue-breakdown-insurance-review__cooling-off-period,Breakdown Insurance,start-rescue-breakdown-insurance-review,Start Rescue Breakdown Cover Review,https://compare100.com/start-rescue-breakdown-insurance-review/,,Cooling-off period,"14 days, full refund of premium and fee if no claim made",14,,,,,own_review,2026-08-23,false,high,current,
start-rescue-breakdown-insurance-review__cover-starts,Breakdown Insurance,start-rescue-breakdown-insurance-review,Start Rescue Breakdown Cover Review,https://compare100.com/start-rescue-breakdown-insurance-review/,,Cover starts,24 hours after purchase; One Star only for the first 48 hours,,,,,,own_review,2026-08-23,false,high,current,
start-rescue-breakdown-insurance-review__entry-price,Breakdown Insurance,start-rescue-breakdown-insurance-review,Start Rescue Breakdown Cover Review,https://compare100.com/start-rescue-breakdown-insurance-review/,,Entry price,"£31.58 a year, or £3.16 a month, for One Star",,,,,,own_review,2026-08-23,false,high,current,
start-rescue-breakdown-insurance-review__fca-firm-reference,Breakdown Insurance,start-rescue-breakdown-insurance-review,Start Rescue Breakdown Cover Review,https://compare100.com/start-rescue-breakdown-insurance-review/,,FCA firm reference,"304838, for insurance distribution",304838,,,,,own_review,2026-08-23,false,high,current,
start-rescue-breakdown-insurance-review__local-recovery-distance,Breakdown Insurance,start-rescue-breakdown-insurance-review,Start Rescue Breakdown Cover Review,https://compare100.com/start-rescue-breakdown-insurance-review/,,Local recovery distance,10 miles at One Star; nationwide from Two Star,10,,,,,own_review,2026-08-23,false,high,current,
start-rescue-breakdown-insurance-review__recovery-network,Breakdown Insurance,start-rescue-breakdown-insurance-review,Start Rescue Breakdown Cover Review,https://compare100.com/start-rescue-breakdown-insurance-review/,,Recovery network,"Over 400 approved operators, 45+ countries in Europe",,,,,,own_review,2026-08-23,false,high,current,
start-rescue-breakdown-insurance-review__roadside-fix-rate,Breakdown Insurance,start-rescue-breakdown-insurance-review,Start Rescue Breakdown Cover Review,https://compare100.com/start-rescue-breakdown-insurance-review/,,Roadside fix rate,"Over 78% (November 2025 to April 2026, provider figure)",,,,,,own_review,2026-08-23,false,high,current,
start-rescue-breakdown-insurance-review__sold-and-administered-by,Breakdown Insurance,start-rescue-breakdown-insurance-review,Start Rescue Breakdown Cover Review,https://compare100.com/start-rescue-breakdown-insurance-review/,,Sold and administered by,"Call Assist Limited, Colchester (company no. 03668383)",03668383,,,,,own_review,2026-08-23,false,high,current,
start-rescue-breakdown-insurance-review__three-star-most-popular,Breakdown Insurance,start-rescue-breakdown-insurance-review,Start Rescue Breakdown Cover Review,https://compare100.com/start-rescue-breakdown-insurance-review/,,Three Star (most popular),"£55.12 a year, Defaqto 5 Star rated",,,,,,own_review,2026-08-23,false,high,current,
start-rescue-breakdown-insurance-review__top-tier,Breakdown Insurance,start-rescue-breakdown-insurance-review,Start Rescue Breakdown Cover Review,https://compare100.com/start-rescue-breakdown-insurance-review/,,Top tier,"Five Star at £106.66 a year, annual payment only",106.66,,,GBP,,own_review,2026-08-23,false,high,current,
start-rescue-breakdown-insurance-review__trading-since,Breakdown Insurance,start-rescue-breakdown-insurance-review,Start Rescue Breakdown Cover Review,https://compare100.com/start-rescue-breakdown-insurance-review/,,Trading since,Incorporated 16 November 1998,,,,,,own_review,2026-08-23,false,high,current,
start-rescue-breakdown-insurance-review__underwriter-policies-from-1-nov-2024,Breakdown Insurance,start-rescue-breakdown-insurance-review,Start Rescue Breakdown Cover Review,https://compare100.com/start-rescue-breakdown-insurance-review/,,"Underwriter, policies from 1 Nov 2024",ARAG Legal Expenses Insurance Company Ltd (FRN 202106),202106,,,,,own_review,2026-08-23,false,high,current,
start-rescue-breakdown-insurance-review__underwriter-policies-to-31-oct-2024,Breakdown Insurance,start-rescue-breakdown-insurance-review,Start Rescue Breakdown Cover Review,https://compare100.com/start-rescue-breakdown-insurance-review/,,"Underwriter, policies to 31 Oct 2024",Ageas Insurance Limited (FRN 202039),202039,,,,,own_review,2026-08-23,false,high,current,
the-aa-breakdown-insurance-review__at-home-boundary,Breakdown Insurance,the-aa-breakdown-insurance-review,AA Breakdown Cover Review,https://compare100.com/the-aa-breakdown-insurance-review/,,At Home boundary,Registered home address and the surrounding quarter of a mile,,,,,,own_review,2026-08-27,false,high,current,
the-aa-breakdown-insurance-review__breakdowns-attended,Breakdown Insurance,the-aa-breakdown-insurance-review,AA Breakdown Cover Review,https://compare100.com/the-aa-breakdown-insurance-review/,,Breakdowns attended,3.5 million in the year to 31 January 2026,,,,,,own_review,2026-08-27,false,high,current,
the-aa-breakdown-insurance-review__cooling-off,Breakdown Insurance,the-aa-breakdown-insurance-review,AA Breakdown Cover Review,https://compare100.com/the-aa-breakdown-insurance-review/,,Cooling off,"14 days, with a £20 adjustment fee on an unused annual policy",,,,,,own_review,2026-08-27,false,high,current,
the-aa-breakdown-insurance-review__cover-starts,Breakdown Insurance,the-aa-breakdown-insurance-review,AA Breakdown Cover Review,https://compare100.com/the-aa-breakdown-insurance-review/,,Cover starts,24 hours after purchase for most elements,24,,,,,own_review,2026-08-27,false,high,current,
the-aa-breakdown-insurance-review__entry-price,Breakdown Insurance,the-aa-breakdown-insurance-review,AA Breakdown Cover Review,https://compare100.com/the-aa-breakdown-insurance-review/,,Entry price,"£5.49 a month, paid by 10% of new customers Apr–Jun 2026",,,,,,own_review,2026-08-27,false,high,current,
the-aa-breakdown-insurance-review__fca-firm-reference,Breakdown Insurance,the-aa-breakdown-insurance-review,AA Breakdown Cover Review,https://compare100.com/the-aa-breakdown-insurance-review/,,FCA firm reference,"310562, verifiable on the FCA Register",310562,,,,,own_review,2026-08-27,false,high,current,
the-aa-breakdown-insurance-review__fixed-at-the-roadside,Breakdown Insurance,the-aa-breakdown-insurance-review,AA Breakdown Cover Review,https://compare100.com/the-aa-breakdown-insurance-review/,,Fixed at the roadside,"8 in 10 cars, AA data 1 April 2025 to 31 March 2026",,,,,,own_review,2026-08-27,false,high,current,
the-aa-breakdown-insurance-review__national-recovery,Breakdown Insurance,the-aa-breakdown-insurance-review,AA Breakdown Cover Review,https://compare100.com/the-aa-breakdown-insurance-review/,,National Recovery,Driver plus up to 7 passengers to any single UK destination,7,,,,,own_review,2026-08-27,false,high,current,
the-aa-breakdown-insurance-review__onward-travel,Breakdown Insurance,the-aa-breakdown-insurance-review,AA Breakdown Cover Review,https://compare100.com/the-aa-breakdown-insurance-review/,,Onward Travel,"Hire car up to 72 hours, one night bed and breakfast, 3 claims a year",,,,,,own_review,2026-08-27,false,high,current,
the-aa-breakdown-insurance-review__onward-travel-underwriter,Breakdown Insurance,the-aa-breakdown-insurance-review,AA Breakdown Cover Review,https://compare100.com/the-aa-breakdown-insurance-review/,,Onward Travel underwriter,"Acromas Insurance Company Limited, authorised in Gibraltar",,,,,,own_review,2026-08-27,false,high,current,
the-aa-breakdown-insurance-review__parts-and-garage-cover,Breakdown Insurance,the-aa-breakdown-insurance-review,AA Breakdown Cover Review,https://compare100.com/the-aa-breakdown-insurance-review/,,Parts and Garage Cover,"£535 per claim, £35 excess, 14-day wait, 5 claims a year",,,,,,own_review,2026-08-27,false,high,current,
the-aa-breakdown-insurance-review__patrol-force,Breakdown Insurance,the-aa-breakdown-insurance-review,AA Breakdown Cover Review,https://compare100.com/the-aa-breakdown-insurance-review/,,Patrol force,"2,753 directly employed patrols",2753,,,,,own_review,2026-08-27,false,high,current,
the-aa-breakdown-insurance-review__sold-and-arranged-by,Breakdown Insurance,the-aa-breakdown-insurance-review,AA Breakdown Cover Review,https://compare100.com/the-aa-breakdown-insurance-review/,,Sold and arranged by,"Automobile Association Insurance Services Limited, Basingstoke",,,,,,own_review,2026-08-27,false,high,current,
the-aa-breakdown-insurance-review__tyre-cover,Breakdown Insurance,the-aa-breakdown-insurance-review,AA Breakdown Cover Review,https://compare100.com/the-aa-breakdown-insurance-review/,,Tyre Cover,Up to £160 per tyre,160,,,GBP,,own_review,2026-08-27,false,high,current,
the-aa-breakdown-insurance-review__vehicle-limits,Breakdown Insurance,the-aa-breakdown-insurance-review,AA Breakdown Cover Review,https://compare100.com/the-aa-breakdown-insurance-review/,,Vehicle limits,"3.5 tonnes, 2.55 metres wide, 7 metres long, any age",,,,,,own_review,2026-08-27,false,high,current,
hey-broadband__annual-increase,Broadband,hey-broadband,Hey! Broadband review,https://compare100.com/hey-broadband/,,Annual increase,"£2 each April, printed in pounds beside the opening price",2,,,GBP,,own_review,2026-09-18,false,high,current,
hey-broadband__cheapest-advertised-price,Broadband,hey-broadband,Hey! Broadband review,https://compare100.com/hey-broadband/,,Cheapest advertised price,"£23 a month — 150Mbps symmetrical, 24-month term (rising to £27 by April 2028)",,,,,,own_review,2026-09-18,true,high,current,
hey-broadband__company,Broadband,hey-broadband,Hey! Broadband review,https://compare100.com/hey-broadband/,,Company,"Hey Broadband Ltd, company number 11992003 — retail arm of F&W Networks",11992003,,,,,own_review,2026-09-18,false,high,current,
hey-broadband__complaints,Broadband,hey-broadband,Hey! Broadband review,https://compare100.com/hey-broadband/,,Complaints,CISAS after six weeks; 28 working-day investigation target,28,,,,,own_review,2026-09-18,false,high,current,
hey-broadband__contract-lengths,Broadband,hey-broadband,Hey! Broadband review,https://compare100.com/hey-broadband/,,Contract lengths,"30-day rolling, 12 months or 24 months",,,,,,own_review,2026-09-18,false,high,current,
hey-broadband__customers,Broadband,hey-broadband,Hey! Broadband review,https://compare100.com/hey-broadband/,,Customers,"About 40,000 as at August 2025",,,,,,own_review,2026-09-18,false,high,current,
hey-broadband__entry-package,Broadband,hey-broadband,Hey! Broadband review,https://compare100.com/hey-broadband/,,Entry package,"Superfast 150 — 150Mbps down and 150Mbps up, £23 a month on 24 months",,,,,,own_review,2026-09-18,false,high,current,
hey-broadband__incorporated,Broadband,hey-broadband,Hey! Broadband review,https://compare100.com/hey-broadband/,,Incorporated,"13 May 2019; registered at 3rd Floor, 1 Ashley Road, Altrincham WA14 2DT",,,,,,own_review,2026-09-18,false,high,current,
hey-broadband__network-reach,Broadband,hey-broadband,Hey! Broadband review,https://compare100.com/hey-broadband/,,Network reach,"410,000+ premises passed, 30+ locations, mostly southern England",,,,,,own_review,2026-09-18,false,high,current,
hey-broadband__social-tariff,Broadband,hey-broadband,Hey! Broadband review,https://compare100.com/hey-broadband/,,Social tariff,"Everyday Fibre, 100Mbps, 12-month term, nine qualifying benefits",,,,,,own_review,2026-09-18,false,high,current,
hey-broadband__top-package,Broadband,hey-broadband,Hey! Broadband review,https://compare100.com/hey-broadband/,,Top package,"Gigafast 900 — 900Mbps symmetrical, £43 a month on 24 months",,,,,,own_review,2026-09-18,false,high,current,
business-mobiles-deals__company,Business Mobiles,business-mobiles-deals,"BusinessMobiles.com Review: Business Contracts Across EE, O2, Vodafone and Three",https://compare100.com/business-mobiles-deals/,,Company,"BUSINESSMOBILES.COM LTD, company 03772025, incorporated 17 May 1999",,,,,,own_review,2026-09-06,false,high,current,
business-mobiles-deals__contact,Business Mobiles,business-mobiles-deals,"BusinessMobiles.com Review: Business Contracts Across EE, O2, Vodafone and Three",https://compare100.com/business-mobiles-deals/,,Contact,"0800 999 2999, Monday to Friday 8.30am to 5.30pm",,,,,,own_review,2026-09-06,false,high,current,
business-mobiles-deals__contract-lengths,Business Mobiles,business-mobiles-deals,"BusinessMobiles.com Review: Business Contracts Across EE, O2, Vodafone and Three",https://compare100.com/business-mobiles-deals/,,Contract lengths,"12, 24 or 36 months",,,,,,own_review,2026-09-06,false,high,current,
business-mobiles-deals__delivery,Business Mobiles,business-mobiles-deals,"BusinessMobiles.com Review: Business Contracts Across EE, O2, Vodafone and Three",https://compare100.com/business-mobiles-deals/,,Delivery,Free next working day to most of the UK; the network pages quote free 48-hour delivery,48,,,,,own_review,2026-09-06,false,high,current,
business-mobiles-deals__early-upgrade,Business Mobiles,business-mobiles-deals,"BusinessMobiles.com Review: Business Contracts Across EE, O2, Vodafone and Three",https://compare100.com/business-mobiles-deals/,,Early upgrade,From six months into the contract on selected networks,,,,,,own_review,2026-09-06,false,high,current,
business-mobiles-deals__entry-prices-ex-vat,Business Mobiles,business-mobiles-deals,"BusinessMobiles.com Review: Business Contracts Across EE, O2, Vodafone and Three",https://compare100.com/business-mobiles-deals/,,Entry prices (ex VAT),Business SIM from £1 a month; handsets from £16; mobile broadband from £14,,,,,,own_review,2026-09-06,false,high,current,
business-mobiles-deals__networks-sold,Business Mobiles,business-mobiles-deals,"BusinessMobiles.com Review: Business Contracts Across EE, O2, Vodafone and Three",https://compare100.com/business-mobiles-deals/,,Networks sold,"EE, O2, Vodafone and Three — all four UK mobile networks",2,,,,,own_review,2026-09-06,false,high,current,
business-mobiles-deals__registered-office,Business Mobiles,business-mobiles-deals,"BusinessMobiles.com Review: Business Contracts Across EE, O2, Vodafone and Three",https://compare100.com/business-mobiles-deals/,,Registered office,"Suite 301, Boundary House, Boston Road, Hanwell, London W7 2QE",,,,,,own_review,2026-09-06,false,high,current,
business-mobiles-deals__return-window,Business Mobiles,business-mobiles-deals,"BusinessMobiles.com Review: Business Contracts Across EE, O2, Vodafone and Three",https://compare100.com/business-mobiles-deals/,,Return window,"7 days from activation or despatch, whichever is earlier",7,,,,,own_review,2026-09-06,false,high,current,
business-mobiles-deals__scale-claimed,Business Mobiles,business-mobiles-deals,"BusinessMobiles.com Review: Business Contracts Across EE, O2, Vodafone and Three",https://compare100.com/business-mobiles-deals/,,Scale claimed,"More than 20,000 business mobile lines; a 15,000 sq ft West London office",,,,,,own_review,2026-09-06,false,high,current,
pitchup-campsites-and-resorts__balance,Campsites and Resorts,pitchup-campsites-and-resorts,"Pitchup.com Review: What the 15% Deposit Buys, and Who You Are Really Booking With",https://compare100.com/pitchup-campsites-and-resorts/,,Balance,"Paid to the park, on arrival or by automatic collection through Payup into the site’s Stripe account",,,,,,own_review,2026-09-09,false,high,current,
pitchup-campsites-and-resorts__commission,Campsites and Resorts,pitchup-campsites-and-resorts,"Pitchup.com Review: What the 15% Deposit Buys, and Who You Are Really Booking With",https://compare100.com/pitchup-campsites-and-resorts/,,Commission,"15%, described on the trade pages as “We take a 15% commission on the bookings we send your way”",,,,,,own_review,2026-09-09,false,high,current,
pitchup-campsites-and-resorts__company,Campsites and Resorts,pitchup-campsites-and-resorts,"Pitchup.com Review: What the 15% Deposit Buys, and Who You Are Really Booking With",https://compare100.com/pitchup-campsites-and-resorts/,,Company,"Pitchup.com Ltd, company 06636463, incorporated 2 July 2008 as Wikiventure Ltd, renamed 9 May 2014",,,,,,own_review,2026-09-09,false,high,current,
pitchup-campsites-and-resorts__contract-for-the-stay,Campsites and Resorts,pitchup-campsites-and-resorts,"Pitchup.com Review: What the 15% Deposit Buys, and Who You Are Really Booking With",https://compare100.com/pitchup-campsites-and-resorts/,,Contract for the stay,"With the campsite, not with Pitchup",,,,,,own_review,2026-09-09,false,high,current,
pitchup-campsites-and-resorts__cost-to-the-camper,Campsites and Resorts,pitchup-campsites-and-resorts,"Pitchup.com Review: What the 15% Deposit Buys, and Who You Are Really Booking With",https://compare100.com/pitchup-campsites-and-resorts/,,Cost to the camper,"No booking fee, no listing fee, no membership",,,,,,own_review,2026-09-09,false,high,current,
pitchup-campsites-and-resorts__deposit,Campsites and Resorts,pitchup-campsites-and-resorts,"Pitchup.com Review: What the 15% Deposit Buys, and Who You Are Really Booking With",https://compare100.com/pitchup-campsites-and-resorts/,,Deposit,"15% of the booking value, taken by Pitchup at the time of booking, non-refundable",15,,,,,own_review,2026-09-09,false,high,current,
pitchup-campsites-and-resorts__founded-founder,Campsites and Resorts,pitchup-campsites-and-resorts,"Pitchup.com Review: What the 15% Deposit Buys, and Who You Are Really Booking With",https://compare100.com/pitchup-campsites-and-resorts/,,Founded / founder,Trading since 2009; founder and director Daniel Yates,2009,,,,,own_review,2026-09-09,false,high,current,
pitchup-campsites-and-resorts__governing-law,Campsites and Resorts,pitchup-campsites-and-resorts,"Pitchup.com Review: What the 15% Deposit Buys, and Who You Are Really Booking With",https://compare100.com/pitchup-campsites-and-resorts/,,Governing law,"English law, English courts",,,,,,own_review,2026-09-09,false,high,current,
pitchup-campsites-and-resorts__independent-rating,Campsites and Resorts,pitchup-campsites-and-resorts,"Pitchup.com Review: What the 15% Deposit Buys, and Who You Are Really Booking With",https://compare100.com/pitchup-campsites-and-resorts/,,Independent rating,"4.8 out of 5 on Feefo from 11,455 verified ratings in the past year (155,362 reviews in total)",,,,,,own_review,2026-09-09,false,high,current,
pitchup-campsites-and-resorts__liability-cap,Campsites and Resorts,pitchup-campsites-and-resorts,"Pitchup.com Review: What the 15% Deposit Buys, and Who You Are Really Booking With",https://compare100.com/pitchup-campsites-and-resorts/,,Liability cap,“up to the amount paid for your booking”,,,,,,own_review,2026-09-09,false,high,current,
pitchup-campsites-and-resorts__ownership,Campsites and Resorts,pitchup-campsites-and-resorts,"Pitchup.com Review: What the 15% Deposit Buys, and Who You Are Really Booking With",https://compare100.com/pitchup-campsites-and-resorts/,,Ownership,Plan A Holdings Limited (16594354) has held 75% or more of shares and votes since 28 July 2025,,,,,,own_review,2026-09-09,false,high,current,
pitchup-campsites-and-resorts__rate-parity,Campsites and Resorts,pitchup-campsites-and-resorts,"Pitchup.com Review: What the 15% Deposit Buys, and Who You Are Really Booking With",https://compare100.com/pitchup-campsites-and-resorts/,,Rate parity,"Required of every listed park, checked by random price comparisons, breach means temporary suspension",,,,,,own_review,2026-09-09,false,high,current,
pitchup-campsites-and-resorts__registered-office,Campsites and Resorts,pitchup-campsites-and-resorts,"Pitchup.com Review: What the 15% Deposit Buys, and Who You Are Really Booking With",https://compare100.com/pitchup-campsites-and-resorts/,,Registered office,"Zeeta House, 200 Upper Richmond Road, Putney, London SW15 2SH",,,,,,own_review,2026-09-09,false,high,current,
pitchup-campsites-and-resorts__sites-listed,Campsites and Resorts,pitchup-campsites-and-resorts,"Pitchup.com Review: What the 15% Deposit Buys, and Who You Are Really Booking With",https://compare100.com/pitchup-campsites-and-resorts/,,Sites listed,"6,371 on the about page; 5,344 on the media page; 5,648 across 67 countries in the 2026 press release",,,,,,own_review,2026-09-09,false,high,current,
carmoola-car-finance__company,Car Finance,carmoola-car-finance,"Carmoola Car Finance Review: Rates, Limits and What It Won't Fund",https://compare100.com/carmoola-car-finance/,,Company,"Carmoola Limited, company 12992987, incorporated 3 November 2020",,,,,,own_review,2026-09-04,false,high,current,
carmoola-car-finance__complaints-line,Car Finance,carmoola-car-finance,"Carmoola Car Finance Review: Rates, Limits and What It Won't Fund",https://compare100.com/carmoola-car-finance/,,Complaints line,"020 3773 3901, 8am to 8pm daily",,,,,,own_review,2026-09-04,false,high,current,
carmoola-car-finance__deposit,Car Finance,carmoola-car-finance,"Carmoola Car Finance Review: Rates, Limits and What It Won't Fund",https://compare100.com/carmoola-car-finance/,,Deposit,"None required; deposits up to £20,000 accepted",20000,,,GBP,,own_review,2026-09-04,false,high,current,
carmoola-car-finance__hire-purchase-amount,Car Finance,carmoola-car-finance,"Carmoola Car Finance Review: Rates, Limits and What It Won't Fund",https://compare100.com/carmoola-car-finance/,,Hire purchase amount,"£2,000 to £40,000",,,,,,own_review,2026-09-04,false,high,current,
carmoola-car-finance__independent-score,Car Finance,carmoola-car-finance,"Carmoola Car Finance Review: Rates, Limits and What It Won't Fund",https://compare100.com/carmoola-car-finance/,,Independent score,"4.86 out of 5 from 1,118 reviews on Smart Money People",,,,,,own_review,2026-09-04,false,high,current,
carmoola-car-finance__option-to-purchase-fee,Car Finance,carmoola-car-finance,"Carmoola Car Finance Review: Rates, Limits and What It Won't Fund",https://compare100.com/carmoola-car-finance/,,Option to purchase fee,"£1, payable at the end of the agreement",1,,,GBP,,own_review,2026-09-04,false,high,current,
carmoola-car-finance__pcp-amount,Car Finance,carmoola-car-finance,"Carmoola Car Finance Review: Rates, Limits and What It Won't Fund",https://compare100.com/carmoola-car-finance/,,PCP amount,"£2,000 to £55,000",,,,,,own_review,2026-09-04,false,high,current,
carmoola-car-finance__regulated-by,Car Finance,carmoola-car-finance,"Carmoola Car Finance Review: Rates, Limits and What It Won't Fund",https://compare100.com/carmoola-car-finance/,,Regulated by,"FCA, firm reference number 958057",958057,,,,,own_review,2026-09-04,false,high,current,
carmoola-car-finance__representative-apr,Car Finance,carmoola-car-finance,"Carmoola Car Finance Review: Rates, Limits and What It Won't Fund",https://compare100.com/carmoola-car-finance/,,Representative APR,14.9% fixed (rates offered run 9.9% to 29.9%),,,,,,own_review,2026-09-04,false,high,current,
carmoola-car-finance__term,Car Finance,carmoola-car-finance,"Carmoola Car Finance Review: Rates, Limits and What It Won't Fund",https://compare100.com/carmoola-car-finance/,,Term,12 to 60 months,,,,,,own_review,2026-09-04,false,high,current,
carmoola-car-finance__vehicle-limits-hp,Car Finance,carmoola-car-finance,"Carmoola Car Finance Review: Rates, Limits and What It Won't Fund",https://compare100.com/carmoola-car-finance/,,Vehicle limits (HP),"Under 15 years old and under 100,000 miles by the end of the agreement",,,,,,own_review,2026-09-04,false,high,current,
carmoola-car-finance__vehicle-limits-pcp,Car Finance,carmoola-car-finance,"Carmoola Car Finance Review: Rates, Limits and What It Won't Fund",https://compare100.com/carmoola-car-finance/,,Vehicle limits (PCP),"Under 10 years old and under 70,000 miles",,,,,,own_review,2026-09-04,false,high,current,
admiral-car-insurance-review__admin-fees,Car Insurance Deals,admiral-car-insurance-review,Admiral Car Insurance Review,https://compare100.com/admiral-car-insurance-review/,,Admin fees,About £15 to amend a policy; £60–£160 to cancel,,,,,,own_review,2026-08-16,false,high,current,
admiral-car-insurance-review__breakdown-cover,Car Insurance Deals,admiral-car-insurance-review,Admiral Car Insurance Review,https://compare100.com/admiral-car-insurance-review/,,Breakdown cover,Included on Platinum; optional on Gold and Admiral,,,,,,own_review,2026-08-16,false,high,current,
admiral-car-insurance-review__child-car-seat-cover,Car Insurance Deals,admiral-car-insurance-review,Admiral Car Insurance Review,https://compare100.com/admiral-car-insurance-review/,,Child car seat cover,Included on all comprehensive tiers,,,,,,own_review,2026-08-16,false,high,current,
admiral-car-insurance-review__courtesy-car,Car Insurance Deals,admiral-car-insurance-review,Admiral Car Insurance Review,https://compare100.com/admiral-car-insurance-review/,,Courtesy car,"Included with comprehensive cover, at Admiral-approved garages",,,,,,own_review,2026-08-16,false,high,current,
admiral-car-insurance-review__cover-tiers,Car Insurance Deals,admiral-car-insurance-review,Admiral Car Insurance Review,https://compare100.com/admiral-car-insurance-review/,,Cover tiers,Platinum · Gold · Admiral · Essential · Third Party Fire & Theft · Third Party,,,,,,own_review,2026-08-16,false,high,current,
admiral-car-insurance-review__defaqto-rating,Car Insurance Deals,admiral-car-insurance-review,Admiral Car Insurance Review,https://compare100.com/admiral-car-insurance-review/,,Defaqto rating,5 stars on comprehensive policies — Essential is excluded,5,,,,,own_review,2026-08-16,false,high,current,
admiral-car-insurance-review__european-cover,Car Insurance Deals,admiral-car-insurance-review,Admiral Car Insurance Review,https://compare100.com/admiral-car-insurance-review/,,European cover,Included on Platinum. Excluded on Essential,,,,,,own_review,2026-08-16,false,high,current,
admiral-car-insurance-review__multicar,Car Insurance Deals,admiral-car-insurance-review,Admiral Car Insurance Review,https://compare100.com/admiral-car-insurance-review/,,MultiCar,Discount for insuring more than one vehicle on a single policy,,,,,,own_review,2026-08-16,false,high,current,
admiral-car-insurance-review__multicover,Car Insurance Deals,admiral-car-insurance-review,Admiral Car Insurance Review,https://compare100.com/admiral-car-insurance-review/,,MultiCover,Discount for bundling car and home insurance,,,,,,own_review,2026-08-16,false,high,current,
admiral-car-insurance-review__voluntary-excess,Car Insurance Deals,admiral-car-insurance-review,Admiral Car Insurance Review,https://compare100.com/admiral-car-insurance-review/,,Voluntary excess,"£0 to £500 in £50 steps, plus £700, £750 and £1,000 options",,,,,,own_review,2026-08-16,false,high,current,
admiral-car-insurance-review__windscreen-cover,Car Insurance Deals,admiral-car-insurance-review,Admiral Car Insurance Review,https://compare100.com/admiral-car-insurance-review/,,Windscreen cover,"Standard on Platinum, Gold and Admiral. Not available on Essential",,,,,,own_review,2026-08-16,false,high,current,
aviva-car-insurance-review__cooling-off-period,Car Insurance Deals,aviva-car-insurance-review,Aviva Car Insurance,https://compare100.com/aviva-car-insurance-review/,,Cooling-off period,"14 days, with a £38 charge plus tax once cover has started",,,,,,own_review,2026-08-22,false,high,current,
aviva-car-insurance-review__cover-tiers,Car Insurance Deals,aviva-car-insurance-review,Aviva Car Insurance,https://compare100.com/aviva-car-insurance-review/,,Cover tiers,"Signature, Aviva, Gold and Platinum, plus the separate Aviva Zero brand",,,,,,own_review,2026-08-22,false,high,current,
aviva-car-insurance-review__glass-excess,Car Insurance Deals,aviva-car-insurance-review,Aviva Car Insurance,https://compare100.com/aviva-car-insurance-review/,,Glass excess,"£10 to repair, £115 to replace through an approved fitter",,,,,,own_review,2026-08-22,false,high,current,
aviva-car-insurance-review__group-scale,Car Insurance Deals,aviva-car-insurance-review,Aviva Car Insurance,https://compare100.com/aviva-car-insurance-review/,,Group scale,Almost 22 million UK customers at the 2025 results,,,,,,own_review,2026-08-22,false,high,current,
aviva-car-insurance-review__insurer,Car Insurance Deals,aviva-car-insurance-review,Aviva Car Insurance,https://compare100.com/aviva-car-insurance-review/,,Insurer,Aviva Insurance Limited — FCA/PRA firm reference 202153,202153,,,,,own_review,2026-08-22,false,high,current,
aviva-car-insurance-review__new-car-replacement,Car Insurance Deals,aviva-car-insurance-review,Aviva Car Insurance,https://compare100.com/aviva-car-insurance-review/,,New car replacement,Damage above 60% of list price within the first 12 months,,,,,,own_review,2026-08-22,false,high,current,
aviva-car-insurance-review__personal-belongings,Car Insurance Deals,aviva-car-insurance-review,Aviva Car Insurance,https://compare100.com/aviva-car-insurance-review/,,Personal belongings,£500 per incident on comprehensive,500,,,GBP,,own_review,2026-08-22,false,high,current,
aviva-car-insurance-review__registered,Car Insurance Deals,aviva-car-insurance-review,Aviva Car Insurance,https://compare100.com/aviva-car-insurance-review/,,Registered,"Scotland, no. SC002116, Pitheavlis, Perth PH2 0NH",,,,,,own_review,2026-08-22,false,high,current,
direct-line-car-insurance-review__cooling-off-period,Car Insurance Deals,direct-line-car-insurance-review,Direct Line Car Insurance,https://compare100.com/direct-line-car-insurance-review/,,Cooling-off period,"14 days from the start date or from receiving your documents, whichever is later",14,,,,,own_review,2026-08-19,false,high,current,
direct-line-car-insurance-review__cover-levels,Car Insurance Deals,direct-line-car-insurance-review,Direct Line Car Insurance,https://compare100.com/direct-line-car-insurance-review/,,Cover levels,"Essentials, Comprehensive, Comprehensive Plus, plus third party fire and theft",,,,,,own_review,2026-08-19,false,high,current,
direct-line-car-insurance-review__motor-policies,Car Insurance Deals,direct-line-car-insurance-review,Direct Line Car Insurance,https://compare100.com/direct-line-car-insurance-review/,,Motor policies,3.831 million in force at the last published accounts,3.831,,,,,own_review,2026-08-19,false,high,current,
direct-line-car-insurance-review__owner,Car Insurance Deals,direct-line-car-insurance-review,Direct Line Car Insurance,https://compare100.com/direct-line-car-insurance-review/,,Owner,"Aviva plc, since 1 July 2025",,,,,,own_review,2026-08-19,false,high,current,
direct-line-car-insurance-review__repair-guarantee,Car Insurance Deals,direct-line-car-insurance-review,Direct Line Car Insurance,https://compare100.com/direct-line-car-insurance-review/,,Repair guarantee,"5 years on approved-repairer work, while you own the car",5,,,,,own_review,2026-08-19,false,high,current,
direct-line-car-insurance-review__sold-on-comparison-sites,Car Insurance Deals,direct-line-car-insurance-review,Direct Line Car Insurance,https://compare100.com/direct-line-car-insurance-review/,,Sold on comparison sites,"Yes, since December 2024 — but as separate self-service products",2024,,,,,own_review,2026-08-19,false,high,current,
direct-line-car-insurance-review__trading-since,Car Insurance Deals,direct-line-car-insurance-review,Direct Line Car Insurance,https://compare100.com/direct-line-car-insurance-review/,,Trading since,1985 — the first direct car insurer in the UK,1985,,,,,own_review,2026-08-19,false,high,current,
direct-line-car-insurance-review__underwriter,Car Insurance Deals,direct-line-car-insurance-review,Direct Line Car Insurance,https://compare100.com/direct-line-car-insurance-review/,,Underwriter,U K Insurance Limited — FCA/PRA firm reference 202810,202810,,,,,own_review,2026-08-19,false,high,current,
hastings-direct-car-insurance-review__broker,Car Insurance Deals,hastings-direct-car-insurance-review,Hastings Direct Car Insurance Review,https://compare100.com/hastings-direct-car-insurance-review/,,Broker,"Hastings Insurance Services Limited, FCA firm reference 311492",311492,,,,,own_review,2026-08-22,false,high,current,
hastings-direct-car-insurance-review__compulsory-excess,Car Insurance Deals,hastings-direct-car-insurance-review,Hastings Direct Car Insurance Review,https://compare100.com/hastings-direct-car-insurance-review/,,Compulsory excess,"£45 on fire, theft and accidental damage (Which?, January 2026)",,,,,,own_review,2026-08-22,false,high,current,
hastings-direct-car-insurance-review__cooling-off-period,Car Insurance Deals,hastings-direct-car-insurance-review,Hastings Direct Car Insurance Review,https://compare100.com/hastings-direct-car-insurance-review/,,Cooling-off period,14 days,14,,,,,own_review,2026-08-22,false,high,current,
hastings-direct-car-insurance-review__defaqto,Car Insurance Deals,hastings-direct-car-insurance-review,Hastings Direct Car Insurance Review,https://compare100.com/hastings-direct-car-insurance-review/,,Defaqto,5 Star on the Direct and Premier policies,5,,,,,own_review,2026-08-22,false,high,current,
hastings-direct-car-insurance-review__founded,Car Insurance Deals,hastings-direct-car-insurance-review,Hastings Direct Car Insurance Review,https://compare100.com/hastings-direct-car-insurance-review/,,Founded,"1996, Bexhill-on-Sea",1996,,,,,own_review,2026-08-22,false,high,current,
hastings-direct-car-insurance-review__live-policies,Car Insurance Deals,hastings-direct-car-insurance-review,Hastings Direct Car Insurance Review,https://compare100.com/hastings-direct-car-insurance-review/,,Live policies,4.8 million at 30 June 2026,,,,,,own_review,2026-08-22,false,high,current,
hastings-direct-car-insurance-review__medical-expenses,Car Insurance Deals,hastings-direct-car-insurance-review,Hastings Direct Car Insurance Review,https://compare100.com/hastings-direct-car-insurance-review/,,Medical expenses,£500,500,,,GBP,,own_review,2026-08-22,false,high,current,
hastings-direct-car-insurance-review__underwriter,Car Insurance Deals,hastings-direct-car-insurance-review,Hastings Direct Car Insurance Review,https://compare100.com/hastings-direct-car-insurance-review/,,Underwriter,"Advantage Insurance Company Limited, registered in Gibraltar no. 85900",85900,,,,,own_review,2026-08-22,false,high,current,
hastings-direct-car-insurance-review__windscreen-replacement-excess,Car Insurance Deals,hastings-direct-car-insurance-review,Hastings Direct Car Insurance Review,https://compare100.com/hastings-direct-car-insurance-review/,,Windscreen replacement excess,£135,135,,,GBP,,own_review,2026-08-22,false,high,current,
quotezone-car-insurance-review__car-insurance-panel,Car Insurance Deals,quotezone-car-insurance-review,Quotezone.co.uk Car Insurance,https://compare100.com/quotezone-car-insurance-review/,,Car insurance panel,Stated as over 130 FCA-regulated UK providers,130,,,,,own_review,2026-08-16,false,high,current,
quotezone-car-insurance-review__cost-to-you,Car Insurance Deals,quotezone-car-insurance-review,Quotezone.co.uk Car Insurance,https://compare100.com/quotezone-car-insurance-review/,,Cost to you,"Nothing. Paid by providers as a flat fee, a commission, or both",,,,,,own_review,2026-08-16,false,high,current,
quotezone-car-insurance-review__do-you-get-advice,Car Insurance Deals,quotezone-car-insurance-review,Quotezone.co.uk Car Insurance,https://compare100.com/quotezone-car-insurance-review/,,Do you get advice?,No. “You will not receive advice or a recommendation from us”,,,,,,own_review,2026-08-16,false,high,current,
quotezone-car-insurance-review__fca-firm-reference,Car Insurance Deals,quotezone-car-insurance-review,Quotezone.co.uk Car Insurance,https://compare100.com/quotezone-car-insurance-review/,,FCA firm reference,313860 — insurance intermediary and credit broker,313860,,,,,own_review,2026-08-16,false,high,current,
quotezone-car-insurance-review__headline-saving,Car Insurance Deals,quotezone-car-insurance-review,Quotezone.co.uk Car Insurance,https://compare100.com/quotezone-car-insurance-review/,,Headline saving,£535.17 — but read the section below before relying on it,535.17,,,GBP,,own_review,2026-08-16,false,high,current,
quotezone-car-insurance-review__if-something-goes-wrong,Car Insurance Deals,quotezone-car-insurance-review,Quotezone.co.uk Car Insurance,https://compare100.com/quotezone-car-insurance-review/,,If something goes wrong,"Complain to Seopa, then the Financial Ombudsman Service after 8 weeks",8,,,,,own_review,2026-08-16,false,high,current,
quotezone-car-insurance-review__launched,Car Insurance Deals,quotezone-car-insurance-review,Quotezone.co.uk Car Insurance,https://compare100.com/quotezone-car-insurance-review/,,Launched,"2005, by Greg Wilson",2005,,,,,own_review,2026-08-16,false,high,current,
quotezone-car-insurance-review__operated-by,Car Insurance Deals,quotezone-car-insurance-review,Quotezone.co.uk Car Insurance,https://compare100.com/quotezone-car-insurance-review/,,Operated by,"Seopa Limited, Belfast",,,,,,own_review,2026-08-16,false,high,current,
quotezone-car-insurance-review__what-it-is,Car Insurance Deals,quotezone-car-insurance-review,Quotezone.co.uk Car Insurance,https://compare100.com/quotezone-car-insurance-review/,,What it is,"A comparison and introduction service, not an insurer",,,,,,own_review,2026-08-16,false,high,current,
quotezone-car-insurance-review__whole-of-market,Car Insurance Deals,quotezone-car-insurance-review,Quotezone.co.uk Car Insurance,https://compare100.com/quotezone-car-insurance-review/,,Whole of market?,No — stated plainly in its own disclosure document,,,,,,own_review,2026-08-16,false,high,current,
auto-trader-cars-for-sale__auto-trader-segment-revenue,Cars for Sale,auto-trader-cars-for-sale,Auto Trader Cars for Sale,https://compare100.com/auto-trader-cars-for-sale/,,Auto Trader segment revenue,£296.3m (+5%),,,,,,own_review,2026-08-15,false,high,current,
auto-trader-cars-for-sale__average-revenue-per-retailer-arpr,Cars for Sale,auto-trader-cars-for-sale,Auto Trader Cars for Sale,https://compare100.com/auto-trader-cars-for-sale/,,Average revenue per retailer (ARPR),"£2,994 per month (+£142, +5%)",,,,,,own_review,2026-08-15,false,high,current,
auto-trader-cars-for-sale__basic-eps,Cars for Sale,auto-trader-cars-for-sale,Auto Trader Cars for Sale,https://compare100.com/auto-trader-cars-for-sale/,,Basic EPS,17.26p (+11%),,,,,,own_review,2026-08-15,false,high,current,
auto-trader-cars-for-sale__co-driver-ai,Cars for Sale,auto-trader-cars-for-sale,Auto Trader Cars for Sale,https://compare100.com/auto-trader-cars-for-sale/,,Co-Driver AI,"10,000+ customers; 1 million improved listings",,,,,,own_review,2026-08-15,false,high,current,
auto-trader-cars-for-sale__cost-to-buyers,Cars for Sale,auto-trader-cars-for-sale,Auto Trader Cars for Sale,https://compare100.com/auto-trader-cars-for-sale/,,Cost to buyers,Free to search and enquire,,,,,,own_review,2026-08-15,false,high,current,
auto-trader-cars-for-sale__cross-platform-minutes,Cars for Sale,auto-trader-cars-for-sale,Auto Trader Cars for Sale,https://compare100.com/auto-trader-cars-for-sale/,,Cross-platform minutes,559m per month (flat),559,,,,,own_review,2026-08-15,false,high,current,
auto-trader-cars-for-sale__cross-platform-visits,Cars for Sale,auto-trader-cars-for-sale,Auto Trader Cars for Sale,https://compare100.com/auto-trader-cars-for-sale/,,Cross-platform visits,83.3m per month (+1%),,,,,,own_review,2026-08-15,false,high,current,
auto-trader-cars-for-sale__deal-builder-adoption,Cars for Sale,auto-trader-cars-for-sale,Auto Trader Cars for Sale,https://compare100.com/auto-trader-cars-for-sale/,,Deal Builder adoption,"4,000+ retailers",4000,,,,,own_review,2026-08-15,false,high,current,
auto-trader-cars-for-sale__dealer-rate-card,Cars for Sale,auto-trader-cars-for-sale,Auto Trader Cars for Sale,https://compare100.com/auto-trader-cars-for-sale/,,Dealer rate card,Not published — request current package pricing direct,,,,,,own_review,2026-08-15,false,high,current,
auto-trader-cars-for-sale__group-operating-profit,Cars for Sale,auto-trader-cars-for-sale,Auto Trader Cars for Sale,https://compare100.com/auto-trader-cars-for-sale/,,Group operating profit,£200.1m (+6%),,,,,,own_review,2026-08-15,false,high,current,
auto-trader-cars-for-sale__group-revenue,Cars for Sale,auto-trader-cars-for-sale,Auto Trader Cars for Sale,https://compare100.com/auto-trader-cars-for-sale/,,Group revenue,£317.7m (+5%),,,,,,own_review,2026-08-15,false,high,current,
auto-trader-cars-for-sale__live-car-stock,Cars for Sale,auto-trader-cars-for-sale,Auto Trader Cars for Sale,https://compare100.com/auto-trader-cars-for-sale/,,Live car stock,"457,000 average (H1 FY2026, six months to 30 September 2025)",,,,,,own_review,2026-08-15,false,high,current,
auto-trader-cars-for-sale__retailer-forecourts,Cars for Sale,auto-trader-cars-for-sale,Auto Trader Cars for Sale,https://compare100.com/auto-trader-cars-for-sale/,,Retailer forecourts,"14,080 average (+1%)",,,,,,own_review,2026-08-15,false,high,current,
auto-trader-cars-for-sale__share-of-uk-auto-marketplace-time,Cars for Sale,auto-trader-cars-for-sale,Auto Trader Cars for Sale,https://compare100.com/auto-trader-cars-for-sale/,,Share of UK auto marketplace time,Over 75%,75,,,,,own_review,2026-08-15,false,high,current,
carwow-cars-for-sale__audience,Cars for Sale,carwow-cars-for-sale,Carwow Cars for Sale,https://compare100.com/carwow-cars-for-sale/,,Audience,2.5m monthly Carwow users; Autovia titles reach around 15m car owners a month,,,,,,own_review,2026-08-15,false,high,current,
carwow-cars-for-sale__bidding-dealers,Cars for Sale,carwow-cars-for-sale,Carwow Cars for Sale,https://compare100.com/carwow-cars-for-sale/,,Bidding dealers,"6,000+ (Carwow sell-my-car page); 4,500+ dealer partners stated February 2024",,,,,,own_review,2026-08-15,false,high,current,
carwow-cars-for-sale__collection-and-payment,Cars for Sale,carwow-cars-for-sale,Carwow Cars for Sale,https://compare100.com/carwow-cars-for-sale/,,Collection and payment,Winning dealer collects; same-day payment available,,,,,,own_review,2026-08-15,false,high,current,
carwow-cars-for-sale__cost-to-sell,Cars for Sale,carwow-cars-for-sale,Carwow Cars for Sale,https://compare100.com/carwow-cars-for-sale/,,Cost to sell,"Free — no listing fee, no admin fee, nothing deducted",,,,,,own_review,2026-08-15,false,high,current,
carwow-cars-for-sale__if-it-does-not-sell,Cars for Sale,carwow-cars-for-sale,Carwow Cars for Sale,https://compare100.com/carwow-cars-for-sale/,,If it does not sell,Two-day auction extension offered,,,,,,own_review,2026-08-15,false,high,current,
carwow-cars-for-sale__media-titles-owned,Cars for Sale,carwow-cars-for-sale,Carwow Cars for Sale,https://compare100.com/carwow-cars-for-sale/,,Media titles owned,"Auto Express, Carbuyer, evo, DrivingElectric, Driver Power (Autovia, acquired Feb 2024)",2024,,,,,own_review,2026-08-15,false,high,current,
carwow-cars-for-sale__new-car-share,Cars for Sale,carwow-cars-for-sale,Carwow Cars for Sale,https://compare100.com/carwow-cars-for-sale/,,New car share,Around 1 in 10 privately registered new cars in the UK,,,,,,own_review,2026-08-15,false,high,current,
carwow-cars-for-sale__not-accepted,Cars for Sale,carwow-cars-for-sale,Carwow Cars for Sale,https://compare100.com/carwow-cars-for-sale/,,Not accepted,Insurance write-offs; former service vehicles including ambulances and taxis,,,,,,own_review,2026-08-15,false,high,current,
carwow-cars-for-sale__sales-facilitated,Cars for Sale,carwow-cars-for-sale,Carwow Cars for Sale,https://compare100.com/carwow-cars-for-sale/,,Sales facilitated,"122,000+ used cars worth £1.6bn since 2021",,,,,,own_review,2026-08-15,false,high,current,
carwow-cars-for-sale__speed,Cars for Sale,carwow-cars-for-sale,Carwow Cars for Sale,https://compare100.com/carwow-cars-for-sale/,,Speed,Sale possible in as little as 24 hours,24,,,,,own_review,2026-08-15,false,high,current,
carwow-cars-for-sale__value-age-or-mileage-limits,Cars for Sale,carwow-cars-for-sale,Carwow Cars for Sale,https://compare100.com/carwow-cars-for-sale/,,"Value, age or mileage limits",None stated,,,,,,own_review,2026-08-15,false,high,current,
carwow-cars-for-sale__who-sets-the-reserve,Cars for Sale,carwow-cars-for-sale,Carwow Cars for Sale,https://compare100.com/carwow-cars-for-sale/,,Who sets the reserve,The seller,,,,,,own_review,2026-08-15,false,high,current,
cazoo-cars-for-sale__brand-acquired,Cars for Sale,cazoo-cars-for-sale,Cazoo Cars for Sale,https://compare100.com/cazoo-cars-for-sale/,,Brand acquired,"June 2024, for around £5m, out of administration",,,,,,own_review,2026-08-15,false,high,current,
cazoo-cars-for-sale__brand-awareness,Cars for Sale,cazoo-cars-for-sale,Cazoo Cars for Sale,https://compare100.com/cazoo-cars-for-sale/,,Brand awareness,Around 60% spontaneous among UK used-car buyers,60,,,,,own_review,2026-08-15,false,high,current,
cazoo-cars-for-sale__cost-to-buyers,Cars for Sale,cazoo-cars-for-sale,Cazoo Cars for Sale,https://compare100.com/cazoo-cars-for-sale/,,Cost to buyers,Free to search and enquire; dealer admin fees vary — confirm with the seller,,,,,,own_review,2026-08-15,false,high,current,
cazoo-cars-for-sale__dealer-network,Cars for Sale,cazoo-cars-for-sale,Cazoo Cars for Sale,https://compare100.com/cazoo-cars-for-sale/,,Dealer network,"6,000+ dealers",6000,,,,,own_review,2026-08-15,false,high,current,
cazoo-cars-for-sale__finance-role,Cars for Sale,cazoo-cars-for-sale,Cazoo Cars for Sale,https://compare100.com/cazoo-cars-for-sale/,,Finance role,"Credit broker, not a lender — refers to CarMoney Limited",,,,,,own_review,2026-08-15,false,high,current,
cazoo-cars-for-sale__legal-entity,Cars for Sale,cazoo-cars-for-sale,Cazoo Cars for Sale,https://compare100.com/cazoo-cars-for-sale/,,Legal entity,"Motors.co.uk Limited, trading as Cazoo",,,,,,own_review,2026-08-15,false,high,current,
cazoo-cars-for-sale__listings,Cars for Sale,cazoo-cars-for-sale,Cazoo Cars for Sale,https://compare100.com/cazoo-cars-for-sale/,,Listings,"300,000+ cars listed monthly",300000,,,,,own_review,2026-08-15,false,high,current,
cazoo-cars-for-sale__marketplace-relaunch,Cars for Sale,cazoo-cars-for-sale,Cazoo Cars for Sale,https://compare100.com/cazoo-cars-for-sale/,,Marketplace relaunch,"April 2025 — app first, 250,000+ listings at launch",,,,,,own_review,2026-08-15,false,high,current,
cazoo-cars-for-sale__owner,Cars for Sale,cazoo-cars-for-sale,Cazoo Cars for Sale,https://compare100.com/cazoo-cars-for-sale/,,Owner,O3 Industries / Novum Capital,3,,,,,own_review,2026-08-15,false,high,current,
cazoo-cars-for-sale__what-cazoo-is-now,Cars for Sale,cazoo-cars-for-sale,Cazoo Cars for Sale,https://compare100.com/cazoo-cars-for-sale/,,What Cazoo is now,"Classified marketplace only — it does not own, sell or deliver cars",,,,,,own_review,2026-08-15,false,high,current,
cazoo-cars-for-sale__who-protects-your-purchase,Cars for Sale,cazoo-cars-for-sale,Cazoo Cars for Sale,https://compare100.com/cazoo-cars-for-sale/,,Who protects your purchase,"The selling dealer, under the Consumer Rights Act — not Cazoo",,,,,,own_review,2026-08-15,false,high,current,
motors-co-uk-cars-for-sale__brand-status,Cars for Sale,motors-co-uk-cars-for-sale,Motors.co.uk Cars for Sale,https://compare100.com/motors-co-uk-cars-for-sale/,,Brand status,Retired 27 May 2026 — business now trades solely as Cazoo,,,,,,own_review,2026-08-15,false,high,current,
motors-co-uk-cars-for-sale__buyer-behaviour-stat-behind-the-network,Cars for Sale,motors-co-uk-cars-for-sale,Motors.co.uk Cars for Sale,https://compare100.com/motors-co-uk-cars-for-sale/,,Buyer behaviour stat behind the network,Average car buyer visits 4.2 websites during a search,4.2,,,,,own_review,2026-08-15,false,high,current,
motors-co-uk-cars-for-sale__cazoo-brand-acquired,Cars for Sale,motors-co-uk-cars-for-sale,Motors.co.uk Cars for Sale,https://compare100.com/motors-co-uk-cars-for-sale/,,Cazoo brand acquired,"June 2024, for around £5m, out of administration",,,,,,own_review,2026-08-15,false,high,current,
motors-co-uk-cars-for-sale__dealer-rate-card,Cars for Sale,motors-co-uk-cars-for-sale,Motors.co.uk Cars for Sale,https://compare100.com/motors-co-uk-cars-for-sale/,,Dealer rate card,Not published — request current pricing direct,,,,,,own_review,2026-08-15,false,high,current,
motors-co-uk-cars-for-sale__founded,Cars for Sale,motors-co-uk-cars-for-sale,Motors.co.uk Cars for Sale,https://compare100.com/motors-co-uk-cars-for-sale/,,Founded,"2007, by DMGT",2007,,,,,own_review,2026-08-15,false,high,current,
motors-co-uk-cars-for-sale__legal-entity,Cars for Sale,motors-co-uk-cars-for-sale,Motors.co.uk Cars for Sale,https://compare100.com/motors-co-uk-cars-for-sale/,,Legal entity,"Motors.co.uk Limited, trading as Cazoo",,,,,,own_review,2026-08-15,false,high,current,
motors-co-uk-cars-for-sale__network-sites,Cars for Sale,motors-co-uk-cars-for-sale,Motors.co.uk Cars for Sale,https://compare100.com/motors-co-uk-cars-for-sale/,,Network sites,"MOTORS, eBay, Gumtree, Cazoo, Parkers — one dealer invoice",,,,,,own_review,2026-08-15,false,high,current,
motors-co-uk-cars-for-sale__ownership,Cars for Sale,motors-co-uk-cars-for-sale,Motors.co.uk Cars for Sale,https://compare100.com/motors-co-uk-cars-for-sale/,,Ownership,"O3 Industries / Novum Capital, since 2021",,,,,,own_review,2026-08-15,false,high,current,
motors-co-uk-cars-for-sale__rebrand-history,Cars for Sale,motors-co-uk-cars-for-sale,Motors.co.uk Cars for Sale,https://compare100.com/motors-co-uk-cars-for-sale/,,Rebrand history,Motors.co.uk to Motors in 2023; retired in 2026,,,,,,own_review,2026-08-15,false,high,current,
motors-co-uk-cars-for-sale__redirect,Cars for Sale,motors-co-uk-cars-for-sale,Motors.co.uk Cars for Sale,https://compare100.com/motors-co-uk-cars-for-sale/,,Redirect,motors.co.uk/used-cars returns HTTP 302 to cazoo.co.uk/cars,302,,,,,own_review,2026-08-15,false,high,current,
motors-co-uk-cars-for-sale__redirect-lifespan,Cars for Sale,motors-co-uk-cars-for-sale,Motors.co.uk Cars for Sale,https://compare100.com/motors-co-uk-cars-for-sale/,,Redirect lifespan,Domain kept alive as a redirect until late 2026,2026,,,,,own_review,2026-08-15,false,high,current,
motors-co-uk-cars-for-sale__where-the-stock-is-now,Cars for Sale,motors-co-uk-cars-for-sale,Motors.co.uk Cars for Sale,https://compare100.com/motors-co-uk-cars-for-sale/,,Where the stock is now,"Cazoo — 300,000+ cars listed monthly from 6,000+ dealers",,,,,,own_review,2026-08-15,false,high,current,
parkers-cars-for-sale__also-carries-the-same-stock,Cars for Sale,parkers-cars-for-sale,Parkers Cars for Sale,https://compare100.com/parkers-cars-for-sale/,,Also carries the same stock,"MOTORS, eBay, Gumtree and Cazoo, under one dealer package",,,,,,own_review,2026-08-16,false,high,current,
parkers-cars-for-sale__core-free-tools,Cars for Sale,parkers-cars-for-sale,Parkers Cars for Sale,https://compare100.com/parkers-cars-for-sale/,,Core free tools,"Valuations, expert reviews, running costs, specification data",,,,,,own_review,2026-08-16,false,high,current,
parkers-cars-for-sale__cost-to-research,Cars for Sale,parkers-cars-for-sale,Parkers Cars for Sale,https://compare100.com/parkers-cars-for-sale/,,Cost to research,Free,,,,,,own_review,2026-08-16,false,high,current,
parkers-cars-for-sale__current-stock-supplier,Cars for Sale,parkers-cars-for-sale,Parkers Cars for Sale,https://compare100.com/parkers-cars-for-sale/,,Current stock supplier,"MOTORS/Cazoo network, since 28 August 2024",,,,,,own_review,2026-08-16,false,high,current,
parkers-cars-for-sale__fca-credit-broker-permissions,Cars for Sale,parkers-cars-for-sale,Parkers Cars for Sale,https://compare100.com/parkers-cars-for-sale/,,FCA credit-broker permissions,Not verified — check Parkers' own regulatory disclosures,,,,,,own_review,2026-08-16,false,high,current,
parkers-cars-for-sale__heritage,Cars for Sale,parkers-cars-for-sale,Parkers Cars for Sale,https://compare100.com/parkers-cars-for-sale/,,Heritage,Car guides and valuations for over 50 years,50,,,,,own_review,2026-08-16,false,high,current,
parkers-cars-for-sale__live-listing-count,Cars for Sale,parkers-cars-for-sale,Parkers Cars for Sale,https://compare100.com/parkers-cars-for-sale/,,Live listing count,Not published — check on site before comparing with rivals,,,,,,own_review,2026-08-16,false,high,current,
parkers-cars-for-sale__network-size,Cars for Sale,parkers-cars-for-sale,Parkers Cars for Sale,https://compare100.com/parkers-cars-for-sale/,,Network size,"More than 300,000 listings across the MOTORS/Cazoo network (company boilerplate, January 2026)",,,,,,own_review,2026-08-16,false,high,current,
parkers-cars-for-sale__own-inventory,Cars for Sale,parkers-cars-for-sale,Parkers Cars for Sale,https://compare100.com/parkers-cars-for-sale/,,Own inventory,None — all classified stock is syndicated,,,,,,own_review,2026-08-16,false,high,current,
parkers-cars-for-sale__owner,Cars for Sale,parkers-cars-for-sale,Parkers Cars for Sale,https://compare100.com/parkers-cars-for-sale/,,Owner,Bauer Media,,,,,,own_review,2026-08-16,false,high,current,
parkers-cars-for-sale__previous-supplier,Cars for Sale,parkers-cars-for-sale,Parkers Cars for Sale,https://compare100.com/parkers-cars-for-sale/,,Previous supplier,"heycar, from September 2022 — 80,000 used car ads",,,,,,own_review,2026-08-16,false,high,current,
parkers-cars-for-sale__who-owns-the-supplier,Cars for Sale,parkers-cars-for-sale,Parkers Cars for Sale,https://compare100.com/parkers-cars-for-sale/,,Who owns the supplier,"MOTORS — O3 Industries and Novum Capital since 2021; acquired the Cazoo brand in 2024, relaunched April 2025",,,,,,own_review,2026-08-16,false,high,current,
parkers-cars-for-sale__who-protects-your-purchase,Cars for Sale,parkers-cars-for-sale,Parkers Cars for Sale,https://compare100.com/parkers-cars-for-sale/,,Who protects your purchase,The selling dealer — Parkers is not a party to the sale,,,,,,own_review,2026-08-16,false,high,current,
natwest-credit-cards__annual-fees,Credit Cards,natwest-credit-cards,"NatWest Credit Cards: Eight Cards, from 12.9% to 40.7% APR",https://compare100.com/natwest-credit-cards/,,Annual fees,"£24 on Reward, £84 on Reward Black, both refunded with the matching current account; £0 on the other six",,,,,,own_review,2026-09-09,false,high,current,
natwest-credit-cards__cards-in-the-personal-range,Credit Cards,natwest-credit-cards,"NatWest Credit Cards: Eight Cards, from 12.9% to 40.7% APR",https://compare100.com/natwest-credit-cards/,,Cards in the personal range,"Eight, six of them with no annual fee",,,,,,own_review,2026-09-09,false,high,current,
natwest-credit-cards__cash-withdrawals,Credit Cards,natwest-credit-cards,"NatWest Credit Cards: Eight Cards, from 12.9% to 40.7% APR",https://compare100.com/natwest-credit-cards/,,Cash withdrawals,"3% money advance fee, interest from the day the cash is taken",3,,,,,own_review,2026-09-09,false,high,current,
natwest-credit-cards__cheapest-card,Credit Cards,natwest-credit-cards,"NatWest Credit Cards: Eight Cards, from 12.9% to 40.7% APR",https://compare100.com/natwest-credit-cards/,,Cheapest card,"The NatWest Credit Card — 12.9% representative, no annual fee, no balance transfer fee, transfers at 12.9%",,,,,,own_review,2026-09-09,false,high,current,
natwest-credit-cards__complaints,Credit Cards,natwest-credit-cards,"NatWest Credit Cards: Eight Cards, from 12.9% to 40.7% APR",https://compare100.com/natwest-credit-cards/,,Complaints,"86,498 banking and credit card complaints opened between 1 January 2025 and 30 June 2026, 55% upheld",,,,,,own_review,2026-09-09,false,high,current,
natwest-credit-cards__eligibility,Credit Cards,natwest-credit-cards,"NatWest Credit Cards: Eight Cards, from 12.9% to 40.7% APR",https://compare100.com/natwest-credit-cards/,,Eligibility,"18+, UK resident, £10,000 a year (£15,000 for Reward Black), no bankruptcy in six years",,,,,,own_review,2026-09-09,false,high,current,
natwest-credit-cards__excluded-transfers,Credit Cards,natwest-credit-cards,"NatWest Credit Cards: Eight Cards, from 12.9% to 40.7% APR",https://compare100.com/natwest-credit-cards/,,Excluded transfers,Balances held on any other NatWest Group card,,,,,,own_review,2026-09-09,false,high,current,
natwest-credit-cards__fee-free-transfer-option,Credit Cards,natwest-credit-cards,"NatWest Credit Cards: Eight Cards, from 12.9% to 40.7% APR",https://compare100.com/natwest-credit-cards/,,Fee-free transfer option,Balance Transfer card — up to 11 months at 0% with no transfer fee,,,,,,own_review,2026-09-09,false,high,current,
natwest-credit-cards__firm,Credit Cards,natwest-credit-cards,"NatWest Credit Cards: Eight Cards, from 12.9% to 40.7% APR",https://compare100.com/natwest-credit-cards/,,Firm,"National Westminster Bank Plc, Financial Services Register firm reference number 121878",121878,,,,,own_review,2026-09-09,false,high,current,
natwest-credit-cards__interest-free-window-on-purchases,Credit Cards,natwest-credit-cards,"NatWest Credit Cards: Eight Cards, from 12.9% to 40.7% APR",https://compare100.com/natwest-credit-cards/,,Interest-free window on purchases,Up to 56 days where no promotional rate applies,56,,,,,own_review,2026-09-09,false,high,current,
natwest-credit-cards__longest-0-on-purchases,Credit Cards,natwest-credit-cards,"NatWest Credit Cards: Eight Cards, from 12.9% to 40.7% APR",https://compare100.com/natwest-credit-cards/,,Longest 0% on purchases,"Up to 23 months on the Purchase & Balance Transfer card, which also gives 21 months on transfers at a 3.49% fee",,,,,,own_review,2026-09-09,false,high,current,
natwest-credit-cards__longest-0-on-transfers,Credit Cards,natwest-credit-cards,"NatWest Credit Cards: Eight Cards, from 12.9% to 40.7% APR",https://compare100.com/natwest-credit-cards/,,Longest 0% on transfers,"Up to 36 months on the Longer Balance Transfer card, 3.10% fee",,,,,,own_review,2026-09-09,false,high,current,
natwest-credit-cards__market-comparison,Credit Cards,natwest-credit-cards,"NatWest Credit Cards: Eight Cards, from 12.9% to 40.7% APR",https://compare100.com/natwest-credit-cards/,,Market comparison,Bank of England effective rate on interest-bearing card balances was 21.45% in July 2026,,,,,,own_review,2026-09-09,false,high,current,
natwest-credit-cards__minimum-payment,Credit Cards,natwest-credit-cards,"NatWest Credit Cards: Eight Cards, from 12.9% to 40.7% APR",https://compare100.com/natwest-credit-cards/,,Minimum payment,"Usually 1% of the balance plus interest, fees and charges",1,,,,,own_review,2026-09-09,false,high,current,
natwest-credit-cards__representative-apr,Credit Cards,natwest-credit-cards,"NatWest Credit Cards: Eight Cards, from 12.9% to 40.7% APR",https://compare100.com/natwest-credit-cards/,,Representative APR,12.9% to 40.7% variable across eight cards,,,,,,own_review,2026-09-09,true,high,current,
natwest-credit-cards__representative-apr-span,Credit Cards,natwest-credit-cards,"NatWest Credit Cards: Eight Cards, from 12.9% to 40.7% APR",https://compare100.com/natwest-credit-cards/,,Representative APR span,"12.9% to 40.7% variable, all quoted on an assumed £1,200 credit limit",,,,,,own_review,2026-09-09,false,high,current,
natwest-credit-cards__transfer-window,Credit Cards,natwest-credit-cards,"NatWest Credit Cards: Eight Cards, from 12.9% to 40.7% APR",https://compare100.com/natwest-credit-cards/,,Transfer window,First three months of account opening; minimum £100; maximum 95% of the credit limit,,,,,,own_review,2026-09-09,false,high,current,
santander-credit-cards__cash-withdrawals,Credit Cards,santander-credit-cards,"Santander Credit Cards Review: Five Cards, 34 Months at 0% and the Fee Arithmetic",https://compare100.com/santander-credit-cards/,,Cash withdrawals,"3% of the amount, minimum £3, with interest from the day of withdrawal",,,,,,own_review,2026-09-12,false,high,current,
santander-credit-cards__complaints-1-jan-to-30-jun-2026,Credit Cards,santander-credit-cards,"Santander Credit Cards Review: Five Cards, 34 Months at 0% and the Fee Arithmetic",https://compare100.com/santander-credit-cards/,,"Complaints, 1 Jan to 30 Jun 2026","57,274 banking and credit card complaints, 2.4 per 1,000 accounts, 47% upheld",,,,,,own_review,2026-09-12,false,high,current,
santander-credit-cards__default-fees,Credit Cards,santander-credit-cards,"Santander Credit Cards Review: Five Cards, 34 Months at 0% and the Fee Arithmetic",https://compare100.com/santander-credit-cards/,,Default fees,"£12 for a missed minimum payment, £12 for exceeding the credit limit",,,,,,own_review,2026-09-12,false,high,current,
santander-credit-cards__lender,Credit Cards,santander-credit-cards,"Santander Credit Cards Review: Five Cards, 34 Months at 0% and the Fee Arithmetic",https://compare100.com/santander-credit-cards/,,Lender,"Santander UK plc, Financial Services Register firm reference number 106054",106054,,,,,own_review,2026-09-12,false,high,current,
santander-credit-cards__longest-0-balance-transfer,Credit Cards,santander-credit-cards,"Santander Credit Cards Review: Five Cards, 34 Months at 0% and the Fee Arithmetic",https://compare100.com/santander-credit-cards/,,Longest 0% balance transfer,"34 months on the Everyday Long Term card, 3.15% fee (minimum £5)",,,,,,own_review,2026-09-12,false,high,current,
santander-credit-cards__longest-fee-free-transfer,Credit Cards,santander-credit-cards,"Santander Credit Cards Review: Five Cards, 34 Months at 0% and the Fee Arithmetic",https://compare100.com/santander-credit-cards/,,Longest fee-free transfer,"15 months on All in One, no transfer fee, £3 a month to hold the card",,,,,,own_review,2026-09-12,false,high,current,
santander-credit-cards__minimum-income,Credit Cards,santander-credit-cards,"Santander Credit Cards Review: Five Cards, 34 Months at 0% and the Fee Arithmetic",https://compare100.com/santander-credit-cards/,,Minimum income,"£10,500 a year, plus 18+ and permanent UK residence",,,,,,own_review,2026-09-12,false,high,current,
santander-credit-cards__representative-apr,Credit Cards,santander-credit-cards,"Santander Credit Cards Review: Five Cards, 34 Months at 0% and the Fee Arithmetic",https://compare100.com/santander-credit-cards/,,Representative APR,24.9% to 49.8% variable across five cards,,,,,,own_review,2026-09-12,true,high,current,
santander-credit-cards__representative-aprs,Credit Cards,santander-credit-cards,"Santander Credit Cards Review: Five Cards, 34 Months at 0% and the Fee Arithmetic",https://compare100.com/santander-credit-cards/,,Representative APRs,"24.9% on three cards, 29.8% on All in One, 49.8% on World Elite",,,,,,own_review,2026-09-12,false,high,current,
first-direct-1st-account__arranged-overdraft,Current Accounts,first-direct-1st-account,"first direct 1st Account: the £175 Switch, the 7% Saver and the HSBC Rule Behind Both",https://compare100.com/first-direct-1st-account/,,Arranged overdraft,"First £250 at 0% EAR, then 39.9% EAR variable; 30.5% APR representative on an assumed £1,200 limit",,,,,,own_review,2026-09-12,false,high,current,
first-direct-1st-account__complaints-1-january-to-30-june-2026,Current Accounts,first-direct-1st-account,"first direct 1st Account: the £175 Switch, the 7% Saver and the HSBC Rule Behind Both",https://compare100.com/first-direct-1st-account/,,"Complaints, 1 January to 30 June 2026","6,076 banking and credit card complaints, 1.47 per 1,000 accounts, 48.4% upheld",,,,,,own_review,2026-09-12,false,high,current,
first-direct-1st-account__deposit-protection,Current Accounts,first-direct-1st-account,"first direct 1st Account: the £175 Switch, the 7% Saver and the HSBC Rule Behind Both",https://compare100.com/first-direct-1st-account/,,Deposit protection,"£120,000 (£240,000 joint) since 1 December 2025 — one limit shared across five HSBC brands",,,,,,own_review,2026-09-12,false,high,current,
first-direct-1st-account__firm,Current Accounts,first-direct-1st-account,"first direct 1st Account: the £175 Switch, the 7% Saver and the HSBC Rule Behind Both",https://compare100.com/first-direct-1st-account/,,Firm,"first direct, a division of HSBC UK Bank plc, Financial Services Register firm reference number 765112",765112,,,,,own_review,2026-09-12,false,high,current,
first-direct-1st-account__interest-first-12-months,Current Accounts,first-direct-1st-account,"first direct 1st Account: the £175 Switch, the 7% Saver and the HSBC Rule Behind Both",https://compare100.com/first-direct-1st-account/,,"Interest, first 12 months","None on balances; 7.00% AER fixed for 12 months on the linked Regular Saver, £25–£300 a month",,,,,,own_review,2026-09-12,true,high,current,
first-direct-1st-account__linked-regular-saver,Current Accounts,first-direct-1st-account,"first direct 1st Account: the £175 Switch, the 7% Saver and the HSBC Rule Behind Both",https://compare100.com/first-direct-1st-account/,,Linked Regular Saver,"7.00% AER / gross, fixed 12 months, £25 to £300 a month, £3,600 maximum",,,,,,own_review,2026-09-12,false,high,current,
first-direct-1st-account__monthly-account-fee,Current Accounts,first-direct-1st-account,"first direct 1st Account: the £175 Switch, the 7% Saver and the HSBC Rule Behind Both",https://compare100.com/first-direct-1st-account/,,Monthly account fee,"None, with no ongoing monthly pay-in attached to the account itself",,,,,,own_review,2026-09-12,false,high,current,
first-direct-1st-account__spending-abroad,Current Accounts,first-direct-1st-account,"first direct 1st Account: the £175 Switch, the 7% Saver and the HSBC Rule Behind Both",https://compare100.com/first-direct-1st-account/,,Spending abroad,No first direct fee on foreign-currency card payments or on cash machine withdrawals outside the UK,,,,,,own_review,2026-09-12,false,high,current,
first-direct-1st-account__switch-conditions,Current Accounts,first-direct-1st-account,"first direct 1st Account: the £175 Switch, the 7% Saver and the HSBC Rule Behind Both",https://compare100.com/first-direct-1st-account/,,Switch conditions,"Within 45 days: switch via CASS with 2+ Direct Debits or standing orders, deposit £1,000, make 5+ debit card payments, log on to digital banking",,,,,,own_review,2026-09-12,false,high,current,
first-direct-1st-account__switch-payment,Current Accounts,first-direct-1st-account,"first direct 1st Account: the £175 Switch, the 7% Saver and the HSBC Rule Behind Both",https://compare100.com/first-direct-1st-account/,,Switch payment,"£175, paid by the 20th of the month after all four conditions are met",,,,,,own_review,2026-09-12,false,high,current,
first-direct-1st-account__who-cannot-claim-it,Current Accounts,first-direct-1st-account,"first direct 1st Account: the £175 Switch, the 7% Saver and the HSBC Rule Behind Both",https://compare100.com/first-direct-1st-account/,,Who cannot claim it,"Anyone who has held a first direct product before, or opened an HSBC current account on or after 1 January 2018",,,,,,own_review,2026-09-12,false,high,current,
lloyds-bank-club-lloyds-account__arranged-overdraft,Current Accounts,lloyds-bank-club-lloyds-account,"Club Lloyds: 3.00% on a Narrow Band, 8.00% on the Saver Behind It",https://compare100.com/lloyds-bank-club-lloyds-account/,,Arranged overdraft,"29.9% EAR variable representative, first £100 interest-free, no unarranged fees",,,,,,own_review,2026-09-16,false,high,current,
lloyds-bank-club-lloyds-account__credit-interest,Current Accounts,lloyds-bank-club-lloyds-account,"Club Lloyds: 3.00% on a Narrow Band, 8.00% on the Saver Behind It",https://compare100.com/lloyds-bank-club-lloyds-account/,,Credit interest,"0.75% AER on £1–£3,999.99; 3.00% AER / 2.96% gross on £4,000–£5,000; nothing above £5,000",,,,,,own_review,2026-09-16,false,high,current,
lloyds-bank-club-lloyds-account__eligibility,Current Accounts,lloyds-bank-club-lloyds-account,"Club Lloyds: 3.00% on a Narrow Band, 8.00% on the Saver Behind It",https://compare100.com/lloyds-bank-club-lloyds-account/,,Eligibility,"18 or over, resident in the UK",18,,,,,own_review,2026-09-16,false,high,current,
lloyds-bank-club-lloyds-account__fscs,Current Accounts,lloyds-bank-club-lloyds-account,"Club Lloyds: 3.00% on a Narrow Band, 8.00% on the Saver Behind It",https://compare100.com/lloyds-bank-club-lloyds-account/,,FSCS,"£120,000, shared with Mayfair Private Banking, Lloyds Private Banking, MBNA and Scottish Widows Bank",120000,,,GBP,,own_review,2026-09-16,false,high,current,
lloyds-bank-club-lloyds-account__interest-condition,Current Accounts,lloyds-bank-club-lloyds-account,"Club Lloyds: 3.00% on a Narrow Band, 8.00% on the Saver Behind It",https://compare100.com/lloyds-bank-club-lloyds-account/,,Interest condition,At least 2 separate direct debits must leave the account each calendar month,2,,,,,own_review,2026-09-16,false,high,current,
lloyds-bank-club-lloyds-account__interest-first-12-months,Current Accounts,lloyds-bank-club-lloyds-account,"Club Lloyds: 3.00% on a Narrow Band, 8.00% on the Saver Behind It",https://compare100.com/lloyds-bank-club-lloyds-account/,,"Interest, first 12 months","3.00% AER on £4,000–£5,000 (0.75% below that), plus 8.00% AER fixed for 12 months on the linked Monthly Saver, £25–£250 a month",,,,,,own_review,2026-09-16,true,high,current,
lloyds-bank-club-lloyds-account__lifestyle-benefit,Current Accounts,lloyds-bank-club-lloyds-account,"Club Lloyds: 3.00% on a Narrow Band, 8.00% on the Saver Behind It",https://compare100.com/lloyds-bank-club-lloyds-account/,,Lifestyle benefit,"One a year: Disney+ Standard with Ads, 6 Vue or ODEON tickets, Coffee Club & Gourmet Society, or a magazine subscription",6,,,,,own_review,2026-09-16,false,high,current,
lloyds-bank-club-lloyds-account__linked-regular-saver,Current Accounts,lloyds-bank-club-lloyds-account,"Club Lloyds: 3.00% on a Narrow Band, 8.00% on the Saver Behind It",https://compare100.com/lloyds-bank-club-lloyds-account/,,Linked regular saver,"Club Lloyds Monthly Saver, 8.00% AER fixed, £25–£250 a month for 12 months",,,,,,own_review,2026-09-16,false,high,current,
lloyds-bank-club-lloyds-account__monthly-fee,Current Accounts,lloyds-bank-club-lloyds-account,"Club Lloyds: 3.00% on a Narrow Band, 8.00% on the Saver Behind It",https://compare100.com/lloyds-bank-club-lloyds-account/,,Monthly fee,"£5, refunded in any calendar month you pay in £2,000 or more",,,,,,own_review,2026-09-16,false,high,current,
lloyds-bank-club-lloyds-account__mortgage-benefit,Current Accounts,lloyds-bank-club-lloyds-account,"Club Lloyds: 3.00% on a Narrow Band, 8.00% on the Saver Behind It",https://compare100.com/lloyds-bank-club-lloyds-account/,,Mortgage benefit,Unquantified discount off the initial rate; £250 cashback for first-time buyers with an EPC of A or B,250,,,GBP,,own_review,2026-09-16,false,high,current,
lloyds-bank-club-lloyds-account__provider,Current Accounts,lloyds-bank-club-lloyds-account,"Club Lloyds: 3.00% on a Narrow Band, 8.00% on the Saver Behind It",https://compare100.com/lloyds-bank-club-lloyds-account/,,Provider,"Lloyds Bank plc, company 00002065, FRN 119278, 25 Gresham Street, London EC2V 7HN",,,,,,own_review,2026-09-16,false,high,current,
lloyds-bank-club-lloyds-account__switch-incentive,Current Accounts,lloyds-bank-club-lloyds-account,"Club Lloyds: 3.00% on a Narrow Band, 8.00% on the Saver Behind It",https://compare100.com/lloyds-bank-club-lloyds-account/,,Switch incentive,None published as at 16 September 2026,,,,,,own_review,2026-09-16,false,high,current,
lloyds-bank-club-lloyds-account__time-to-choose-it,Current Accounts,lloyds-bank-club-lloyds-account,"Club Lloyds: 3.00% on a Narrow Band, 8.00% on the Saver Behind It",https://compare100.com/lloyds-bank-club-lloyds-account/,,Time to choose it,"30 days from opening; chosen later, it is fulfilled pro rata",30,,,,,own_review,2026-09-16,false,high,current,
nationwide-flexdirect-account__arranged-overdraft,Current Accounts,nationwide-flexdirect-account,"Nationwide FlexDirect Review: 5% AER, £295 of Value, and the £1,500 a Month It Asks For",https://compare100.com/nationwide-flexdirect-account/,,Arranged overdraft,"First £50 interest-free, then 39.9% a year compounded (variable); 38.2% APR representative on an assumed £1,200 limit",,,,,,own_review,2026-09-09,false,high,current,
nationwide-flexdirect-account__cashback,Current Accounts,nationwide-flexdirect-account,"Nationwide FlexDirect Review: 5% AER, £295 of Value, and the £1,500 a Month It Asks For",https://compare100.com/nationwide-flexdirect-account/,,Cashback,"£5 a month for £300+ of Direct Debits, £5 a month for £500+ of card spending — £120 a year maximum, first 12 months only",,,,,,own_review,2026-09-09,false,high,current,
nationwide-flexdirect-account__deposit-protection,Current Accounts,nationwide-flexdirect-account,"Nationwide FlexDirect Review: 5% AER, £295 of Value, and the £1,500 a Month It Asks For",https://compare100.com/nationwide-flexdirect-account/,,Deposit protection,"FSCS, up to £120,000 per eligible person across all Nationwide and Virgin Money accounts",120000,,,GBP,,own_review,2026-09-09,false,high,current,
nationwide-flexdirect-account__interest-after-12-months,Current Accounts,nationwide-flexdirect-account,"Nationwide FlexDirect Review: 5% AER, £295 of Value, and the £1,500 a Month It Asks For",https://compare100.com/nationwide-flexdirect-account/,,Interest after 12 months,"1% AER / 0.99% gross a year, variable",,,,,,own_review,2026-09-09,false,high,current,
nationwide-flexdirect-account__interest-first-12-months,Current Accounts,nationwide-flexdirect-account,"Nationwide FlexDirect Review: 5% AER, £295 of Value, and the £1,500 a Month It Asks For",https://compare100.com/nationwide-flexdirect-account/,,"Interest, first 12 months","5% AER on balances up to £1,500, then 1%",,,,,,own_review,2026-09-09,true,high,current,
nationwide-flexdirect-account__interest-first-12-months,Current Accounts,nationwide-flexdirect-account,"Nationwide FlexDirect Review: 5% AER, £295 of Value, and the £1,500 a Month It Asks For",https://compare100.com/nationwide-flexdirect-account/,,"Interest, first 12 months","5% AER / 4.89% gross a year, fixed, on balances up to £1,500",,,,,,own_review,2026-09-09,false,high,current,
nationwide-flexdirect-account__monthly-account-fee,Current Accounts,nationwide-flexdirect-account,"Nationwide FlexDirect Review: 5% AER, £295 of Value, and the £1,500 a Month It Asks For",https://compare100.com/nationwide-flexdirect-account/,,Monthly account fee,None,,,,,,own_review,2026-09-09,false,high,current,
nationwide-flexdirect-account__monthly-pay-in-required,Current Accounts,nationwide-flexdirect-account,"Nationwide FlexDirect Review: 5% AER, £295 of Value, and the £1,500 a Month It Asks For",https://compare100.com/nationwide-flexdirect-account/,,Monthly pay-in required,"£1,500, excluding transfers from other Nationwide accounts and refunds",1500,,,GBP,,own_review,2026-09-09,false,high,current,
nationwide-flexdirect-account__regulator,Current Accounts,nationwide-flexdirect-account,"Nationwide FlexDirect Review: 5% AER, £295 of Value, and the £1,500 a Month It Asks For",https://compare100.com/nationwide-flexdirect-account/,,Regulator,"Authorised by the PRA, regulated by the FCA and the PRA, firm reference number 106078",106078,,,,,own_review,2026-09-09,false,high,current,
nationwide-flexdirect-account__switch-payment,Current Accounts,nationwide-flexdirect-account,"Nationwide FlexDirect Review: 5% AER, £295 of Value, and the £1,500 a Month It Asks For",https://compare100.com/nationwide-flexdirect-account/,,Switch payment,"£175, paid within 10 days of meeting the conditions",,,,,,own_review,2026-09-09,false,high,current,
nationwide-flexdirect-account__switch-time,Current Accounts,nationwide-flexdirect-account,"Nationwide FlexDirect Review: 5% AER, £295 of Value, and the £1,500 a Month It Asks For",https://compare100.com/nationwide-flexdirect-account/,,Switch time,Seven working days under the Current Account Switch Guarantee,,,,,,own_review,2026-09-09,false,high,current,
santander-edge-account__arranged-overdraft,Current Accounts,santander-edge-account,Santander Edge Current Account Review,https://compare100.com/santander-edge-account/,,Arranged overdraft,Representative 39.94% APR/EAR variable; switchers get 4 months interest free,,,,,,own_review,2026-09-23,false,high,current,
santander-edge-account__cashback,Current Accounts,santander-edge-account,Santander Edge Current Account Review,https://compare100.com/santander-edge-account/,,Cashback,"1% of selected household bills paid by direct debit, capped at £10 a monthly period",,,,,,own_review,2026-09-23,false,high,current,
santander-edge-account__credit-interest-on-the-account,Current Accounts,santander-edge-account,Santander Edge Current Account Review,https://compare100.com/santander-edge-account/,,Credit interest on the account,"None, at any balance",,,,,,own_review,2026-09-23,false,high,current,
santander-edge-account__deposit-protection,Current Accounts,santander-edge-account,Santander Edge Current Account Review,https://compare100.com/santander-edge-account/,,Deposit protection,"FSCS £120,000, shared with cahoot, Santander Business and Santander Corporate & Commercial",120000,,,GBP,,own_review,2026-09-23,false,high,current,
santander-edge-account__eligibility,Current Accounts,santander-edge-account,Santander Edge Current Account Review,https://compare100.com/santander-edge-account/,,Eligibility,"18 or over, living in the UK permanently, signed up to online banking; maximum of two Edge accounts",18,,,,,own_review,2026-09-23,false,high,current,
santander-edge-account__interest-first-12-months,Current Accounts,santander-edge-account,Santander Edge Current Account Review,https://compare100.com/santander-edge-account/,,"Interest, first 12 months","None on the account; 6.00% AER on up to £4,000 in the linked Edge Saver, including a 2.50% bonus that runs for 12 months",,,,,,own_review,2026-09-23,true,high,current,
santander-edge-account__linked-saver,Current Accounts,santander-edge-account,Santander Edge Current Account Review,https://compare100.com/santander-edge-account/,,Linked saver,"Edge Saver (Issue 5), 6.00% AER / 5.84% gross variable on £1–£4,000, including a 2.50% bonus for 12 months; 3.50% after that; nothing paid above £4,000",,,,,,own_review,2026-09-23,false,high,current,
santander-edge-account__monthly-conditions,Current Accounts,santander-edge-account,Santander Edge Current Account Review,https://compare100.com/santander-edge-account/,,Monthly conditions,"£500 paid in and at least 2 active direct debits, in every monthly period",,,,,,own_review,2026-09-23,false,high,current,
santander-edge-account__monthly-fee,Current Accounts,santander-edge-account,Santander Edge Current Account Review,https://compare100.com/santander-edge-account/,,Monthly fee,"£3, first charged the month after you meet the cashback conditions for the first time",3,,,GBP,,own_review,2026-09-23,false,high,current,
santander-edge-account__provider,Current Accounts,santander-edge-account,Santander Edge Current Account Review,https://compare100.com/santander-edge-account/,,Provider,"Santander UK plc, FRN 106054, 2 Triton Square, Regent's Place, London NW1 3AN",,,,,,own_review,2026-09-23,false,high,current,
santander-edge-account__spending-abroad,Current Accounts,santander-edge-account,Santander Edge Current Account Review,https://compare100.com/santander-edge-account/,,Spending abroad,No Santander currency conversion fee on debit card use outside the UK,,,,,,own_review,2026-09-23,false,high,current,
brittany-ferries-ferry-tickets__change-fee,Ferry Tickets,brittany-ferries-ferry-tickets,"Brittany Ferries Ferry Tickets: Routes, Fares and the Rules Behind Them",https://compare100.com/brittany-ferries-ferry-tickets/,,Change fee,£10/€10 extra to amend by phone what could be amended online; £25 on promotional fares,,,,,,own_review,2026-09-07,false,high,current,
brittany-ferries-ferry-tickets__delay-compensation,Ferry Tickets,brittany-ferries-ferry-tickets,"Brittany Ferries Ferry Tickets: Routes, Fares and the Rules Behind Them",https://compare100.com/brittany-ferries-ferry-tickets/,,Delay compensation,25% or 50% of the ticket price under assimilated Regulation (EU) 1177/2010,,,,,,own_review,2026-09-07,false,high,current,
brittany-ferries-ferry-tickets__deposit,Ferry Tickets,brittany-ferries-ferry-tickets,"Brittany Ferries Ferry Tickets: Routes, Fares and the Rules Behind Them",https://compare100.com/brittany-ferries-ferry-tickets/,,Deposit,Non-refundable on amendment as well as cancellation; balance due 60 days before sailing,60,,,,,own_review,2026-09-07,false,high,current,
brittany-ferries-ferry-tickets__enforcement-body,Ferry Tickets,brittany-ferries-ferry-tickets,"Brittany Ferries Ferry Tickets: Routes, Fares and the Rules Behind Them",https://compare100.com/brittany-ferries-ferry-tickets/,,Enforcement body,Maritime and Coastguard Agency (no ombudsman for ferry travel),,,,,,own_review,2026-09-07,false,high,current,
brittany-ferries-ferry-tickets__example-fare,Ferry Tickets,brittany-ferries-ferry-tickets,"Brittany Ferries Ferry Tickets: Routes, Fares and the Rules Behind Them",https://compare100.com/brittany-ferries-ferry-tickets/,,Example fare,Portsmouth–Santander from £265 (Économie) or £314 with an inside 4-berth cabin,,,,,,own_review,2026-09-07,false,high,current,
brittany-ferries-ferry-tickets__fare-types,Ferry Tickets,brittany-ferries-ferry-tickets,"Brittany Ferries Ferry Tickets: Routes, Fares and the Rules Behind Them",https://compare100.com/brittany-ferries-ferry-tickets/,,Fare types,"Early Bird (60+ days ahead), Standard, Flexi (free changes to four hours before sailing)",60,,,,,own_review,2026-09-07,false,high,current,
brittany-ferries-ferry-tickets__founded,Ferry Tickets,brittany-ferries-ferry-tickets,"Brittany Ferries Ferry Tickets: Routes, Fares and the Rules Behind Them",https://compare100.com/brittany-ferries-ferry-tickets/,,Founded,1972 by Breton farmers; first sailing 1973,,,,,,own_review,2026-09-07,false,high,current,
brittany-ferries-ferry-tickets__injury-liability,Ferry Tickets,brittany-ferries-ferry-tickets,"Brittany Ferries Ferry Tickets: Routes, Fares and the Rules Behind Them",https://compare100.com/brittany-ferries-ferry-tickets/,,Injury liability,"Up to 400,000 SDR per passenger under the 2002 Athens Convention",,,,,,own_review,2026-09-07,false,high,current,
brittany-ferries-ferry-tickets__network,Ferry Tickets,brittany-ferries-ferry-tickets,"Brittany Ferries Ferry Tickets: Routes, Fares and the Rules Behind Them",https://compare100.com/brittany-ferries-ferry-tickets/,,Network,"12 ships, 14 routes, 12 ports across the UK, France, Spain and Ireland",,,,,,own_review,2026-09-07,false,high,current,
brittany-ferries-ferry-tickets__operator,Ferry Tickets,brittany-ferries-ferry-tickets,"Brittany Ferries Ferry Tickets: Routes, Fares and the Rules Behind Them",https://compare100.com/brittany-ferries-ferry-tickets/,,Operator,"BAI SA (Roscoff), selling through B.A.I. (U.K.) Limited, company 01080495, Millbay, Plymouth PL1 3EW",,,,,,own_review,2026-09-07,false,high,current,
brittany-ferries-ferry-tickets__overnight-care-in-a-delay,Ferry Tickets,brittany-ferries-ferry-tickets,"Brittany Ferries Ferry Tickets: Routes, Fares and the Rules Behind Them",https://compare100.com/brittany-ferries-ferry-tickets/,,Overnight care in a delay,Up to €80 per night for a maximum of three nights,80,,,,,own_review,2026-09-07,false,high,current,
brittany-ferries-ferry-tickets__package-protection,Ferry Tickets,brittany-ferries-ferry-tickets,"Brittany Ferries Ferry Tickets: Routes, Fares and the Rules Behind Them",https://compare100.com/brittany-ferries-ferry-tickets/,,Package protection,"ABTA member Y6117 — holidays only, not ferry-only tickets",6117,,,,,own_review,2026-09-07,false,high,current,
game-over-bean-bags__cheapest-gaming-seat-delivered,Gaming and Accessories,game-over-bean-bags,Game Over Bean Bags,https://compare100.com/game-over-bean-bags/,,"Cheapest gaming seat, delivered","£39.99 delivered — Mini Gaming Bean Bag, 51 x 47 x 46cm, free mainland UK delivery, checked 18 September 2026",,,,,,own_review,2026-09-18,true,high,current,
game-over-bean-bags__classic-chair,Gaming and Accessories,game-over-bean-bags,Game Over Bean Bags,https://compare100.com/game-over-bean-bags/,,Classic chair,"£74.99 against a £84.97 comparison price, L83cm x W60cm x H83cm",,,,,,own_review,2026-09-18,false,high,current,
game-over-bean-bags__delivery,Gaming and Accessories,game-over-bean-bags,Game Over Bean Bags,https://compare100.com/game-over-bean-bags/,,Delivery,"Free to mainland UK, dispatch quoted at 1 working day, arrival at 3 to 5 working days",,,,,,own_review,2026-09-18,false,high,current,
game-over-bean-bags__filling,Gaming and Accessories,game-over-bean-bags,Game Over Bean Bags,https://compare100.com/game-over-bean-bags/,,Filling,"Fire-retardant EPS polystyrene beads; a Classic chair takes 12 cubic feet, a Lounger 15",,,,,,own_review,2026-09-18,false,high,current,
game-over-bean-bags__price-range,Gaming and Accessories,game-over-bean-bags,Game Over Bean Bags,https://compare100.com/game-over-bean-bags/,,Price range,£22.99 for a printed gaming cushion up to £109.99 for the Gaming Lounger; 28 products listed on 18 September 2026,,,,,,own_review,2026-09-18,false,high,current,
game-over-bean-bags__replacement-beads,Gaming and Accessories,game-over-bean-bags,Game Over Bean Bags,https://compare100.com/game-over-bean-bags/,,Replacement beads,"£19.99 for 5 cubic feet, £29.99 for 10 cubic feet",,,,,,own_review,2026-09-18,false,high,current,
game-over-bean-bags__returns-and-guarantee,Gaming and Accessories,game-over-bean-bags,Game Over Bean Bags,https://compare100.com/game-over-bean-bags/,,Returns and guarantee,"30 days to return, 24-month guarantee advertised on the Classic chair",,,,,,own_review,2026-09-18,false,high,current,
game-over-bean-bags__rules-that-apply,Gaming and Accessories,game-over-bean-bags,Game Over Bean Bags,https://compare100.com/game-over-bean-bags/,,Rules that apply,"No financial regulator; fire safety sits under the Furniture and Furnishings (Fire) (Safety) Regulations 1988, amended 30 October 2025",,,,,,own_review,2026-09-18,false,high,current,
game-over-bean-bags__who-you-are-buying-from,Gaming and Accessories,game-over-bean-bags,Game Over Bean Bags,https://compare100.com/game-over-bean-bags/,,Who you are buying from,"Game Over Ltd, company number 12467164, incorporated 17 February 2020, SIC 13921 — manufacture of soft furnishings",,,,,,own_review,2026-09-18,false,high,current,
octopus-energy-gas__annual-cap-level,Gas,octopus-energy-gas,"Octopus Energy Gas: The Unit Rate, The Standing Charge and Who Sets Them",https://compare100.com/octopus-energy-gas/,,Annual cap level,"£1,723 dual fuel, up £60 or 4% from £1,663, announced 26 August 2026",,,,,,own_review,2026-09-16,false,high,current,
octopus-energy-gas__capped-gas-standing-charge,Gas,octopus-energy-gas,"Octopus Energy Gas: The Unit Rate, The Standing Charge and Who Sets Them",https://compare100.com/octopus-energy-gas/,,Capped gas standing charge,29.68p a day — £108.33 over a year before a single kWh is burned,,,,,,own_review,2026-09-16,false,high,current,
octopus-energy-gas__capped-gas-unit-rate,Gas,octopus-energy-gas,"Octopus Energy Gas: The Unit Rate, The Standing Charge and Who Sets Them",https://compare100.com/octopus-energy-gas/,,Capped gas unit rate,"7.97p per kWh, direct debit, 1 October to 31 December 2026",,,,,,own_review,2026-09-16,false,high,current,
octopus-energy-gas__complaints-and-contact,Gas,octopus-energy-gas,"Octopus Energy Gas: The Unit Rate, The Standing Charge and Who Sets Them",https://compare100.com/octopus-energy-gas/,,Complaints and contact,"21.3 complaints per 10,000 customers; average call answered in 1 minute 17 seconds",,,,,,own_review,2026-09-16,false,high,current,
octopus-energy-gas__escalation,Gas,octopus-energy-gas,"Octopus Energy Gas: The Unit Rate, The Standing Charge and Who Sets Them",https://compare100.com/octopus-energy-gas/,,Escalation,"Energy Ombudsman after 8 weeks or a deadlock letter, on 0330 440 1624",,,,,,own_review,2026-09-16,false,high,current,
octopus-energy-gas__gas-unit-rate-and-standing-charge,Gas,octopus-energy-gas,"Octopus Energy Gas: The Unit Rate, The Standing Charge and Who Sets Them",https://compare100.com/octopus-energy-gas/,,Gas unit rate and standing charge,"7.97p per kWh and 29.68p a day — the Ofgem cap Flexible Octopus is priced at or below, 1 October to 31 December 2026",,,,,,own_review,2026-09-16,true,high,current,
octopus-energy-gas__incorporated,Gas,octopus-energy-gas,"Octopus Energy Gas: The Unit Rate, The Standing Charge and Who Sets Them",https://compare100.com/octopus-energy-gas/,,Incorporated,14 October 2014 as Mercury Energy Supply Limited; renamed Octopus Energy Limited on 21 August 2015,,,,,,own_review,2026-09-16,false,high,current,
octopus-energy-gas__independent-rating,Gas,octopus-energy-gas,"Octopus Energy Gas: The Unit Rate, The Standing Charge and Who Sets Them",https://compare100.com/octopus-energy-gas/,,Independent rating,"Citizens Advice 3.67 out of 5, fourth on its table, January to March 2026",,,,,,own_review,2026-09-16,false,high,current,
octopus-energy-gas__octopus-s-own-standing-charge,Gas,octopus-energy-gas,"Octopus Energy Gas: The Unit Rate, The Standing Charge and Who Sets Them",https://compare100.com/octopus-energy-gas/,,Octopus's own standing charge,Stated as 6.6% below the cap for gas and 3.4% for electricity; the figure on that page is dated June 2025,,,,,,own_review,2026-09-16,false,high,current,
octopus-energy-gas__registered-gas-activity,Gas,octopus-energy-gas,"Octopus Energy Gas: The Unit Rate, The Standing Charge and Who Sets Them",https://compare100.com/octopus-energy-gas/,,Registered gas activity,"SIC 35230, trade of gas through mains (and 35140, trade of electricity)",,,,,,own_review,2026-09-16,false,high,current,
octopus-energy-gas__size,Gas,octopus-energy-gas,"Octopus Energy Gas: The Unit Rate, The Standing Charge and Who Sets Them",https://compare100.com/octopus-energy-gas/,,Size,"14.74 million domestic meter points, about 26% of Britain's home energy market (6 August 2026)",,,,,,own_review,2026-09-16,false,high,current,
octopus-energy-gas__supplier,Gas,octopus-energy-gas,"Octopus Energy Gas: The Unit Rate, The Standing Charge and Who Sets Them",https://compare100.com/octopus-energy-gas/,,Supplier,"Octopus Energy Limited, company 09263424, UK House, 5th Floor, 164-182 Oxford Street, London W1D 1NN",,,,,,own_review,2026-09-16,false,high,current,
octopus-energy-gas__tracker-gas-ceiling,Gas,octopus-energy-gas,"Octopus Energy Gas: The Unit Rate, The Standing Charge and Who Sets Them",https://compare100.com/octopus-energy-gas/,,Tracker gas ceiling,"30p per kWh maximum daily price, and no exit fee for leaving Tracker",30,,,,,own_review,2026-09-16,false,high,current,
octopus-energy-gas__typical-gas-use,Gas,octopus-energy-gas,"Octopus Energy Gas: The Unit Rate, The Standing Charge and Who Sets Them",https://compare100.com/octopus-energy-gas/,,Typical gas use,"Ofgem assumes 9,500 kWh a year; the median England and Wales household used 10,000 kWh in 2024",,,,,,own_review,2026-09-16,false,high,current,
aa-car-check__aa-parent-year-to-31-january-2026,HPI Checks,aa-car-check,AA Car Check,https://compare100.com/aa-car-check/,,"AA parent, year to 31 January 2026","£1,505m revenue, 3.3m paid personal members, 2,753 patrols",,,,,,own_review,2026-09-21,false,high,current,
aa-car-check__cheapest-full-check,HPI Checks,aa-car-check,AA Car Check,https://compare100.com/aa-car-check/,,Cheapest full check,"£14.99 for one full check, or £29.99 for five (£6.00 each)",,,,,,own_review,2026-09-21,true,high,current,
aa-car-check__customer-line,HPI Checks,aa-car-check,AA Car Check,https://compare100.com/aa-car-check/,,Customer line,"0113 222 2012, Monday to Friday 8am to 6pm",,,,,,own_review,2026-09-21,false,high,current,
aa-car-check__finance-register,HPI Checks,aa-car-check,AA Car Check,https://compare100.com/aa-car-check/,,Finance register,Over 7 million current agreements,7,,,,,own_review,2026-09-21,false,high,current,
aa-car-check__full-check,HPI Checks,aa-car-check,AA Car Check,https://compare100.com/aa-car-check/,,Full check,£14.99 for one registration,14.99,,,GBP,,own_review,2026-09-21,false,high,current,
aa-car-check__guarantee,HPI Checks,aa-car-check,AA Car Check,https://compare100.com/aa-car-check/,,Guarantee,"Up to £30,000 on title, for two years from the date of the check",30000,,,GBP,,own_review,2026-09-21,false,high,current,
aa-car-check__mileage-register,HPI Checks,aa-car-check,AA Car Check,https://compare100.com/aa-car-check/,,Mileage register,"National Mileage Register, quoted at over 200 million readings",200,,,,,own_review,2026-09-21,false,high,current,
aa-car-check__multicheck,HPI Checks,aa-car-check,AA Car Check,https://compare100.com/aa-car-check/,,Multicheck,£29.99 for five vehicles — £6.00 each,,,,,,own_review,2026-09-21,false,high,current,
aa-car-check__same-report-from-hpi-direct,HPI Checks,aa-car-check,AA Car Check,https://compare100.com/aa-car-check/,,Same report from HPI direct,"£19.99 single, or £29.99 for three",,,,,,own_review,2026-09-21,false,high,current,
aa-car-check__value-claims,HPI Checks,aa-car-check,AA Car Check,https://compare100.com/aa-car-check/,,Value claims,"Capped at £15,000 where a recorded total loss was missed",15000,,,GBP,,own_review,2026-09-21,false,high,current,
aa-car-check__who-owns-the-website,HPI Checks,aa-car-check,AA Car Check,https://compare100.com/aa-car-check/,,Who owns the website,"Automobile Association Developments Limited, company 1878835, Fanum House, Basing View, Basingstoke RG21 4EA",,,,,,own_review,2026-09-21,false,high,current,
aa-car-check__who-you-contract-with,HPI Checks,aa-car-check,AA Car Check,https://compare100.com/aa-car-check/,,Who you contract with,"HPI Limited, company 4068979, 8A Platform, New Station Street, Leeds LS1 4JB",,,,,,own_review,2026-09-21,false,high,current,
hpi-checks__basic-check,HPI Checks,hpi-checks,HPI Check Review: The Register Behind Everyone Else's Car Check,https://compare100.com/hpi-checks/,,Basic Check,"£9.99, no guarantee, no write-off or mileage data",9.99,,,GBP,,own_review,2026-09-07,false,high,current,
hpi-checks__company,HPI Checks,hpi-checks,HPI Check Review: The Register Behind Everyone Else's Car Check,https://compare100.com/hpi-checks/,,Company,"HPI Limited, 04068979, 8a Platform, New Station Street, Leeds LS1 4JB",,,,,,own_review,2026-09-07,false,high,current,
hpi-checks__founded,HPI Checks,hpi-checks,HPI Check Review: The Register Behind Everyone Else's Car Check,https://compare100.com/hpi-checks/,,Founded,1938,1938,,,,,own_review,2026-09-07,false,high,current,
hpi-checks__full-hpi-check,HPI Checks,hpi-checks,HPI Check Review: The Register Behind Everyone Else's Car Check,https://compare100.com/hpi-checks/,,Full hpi check®,"£19.99, 80+ data points",,,,,,own_review,2026-09-07,false,high,current,
hpi-checks__guarantee,HPI Checks,hpi-checks,HPI Check Review: The Register Behind Everyone Else's Car Check,https://compare100.com/hpi-checks/,,Guarantee,"Up to £30,000, claimable for two years",30000,,,GBP,,own_review,2026-09-07,false,high,current,
hpi-checks__multicheck,HPI Checks,hpi-checks,HPI Check Review: The Register Behind Everyone Else's Car Check,https://compare100.com/hpi-checks/,,MultiCheck,£29.99 for three full checks,29.99,,,GBP,,own_review,2026-09-07,false,high,current,
hpi-checks__national-mileage-register,HPI Checks,hpi-checks,HPI Check Review: The Register Behind Everyone Else's Car Check,https://compare100.com/hpi-checks/,,National Mileage Register,150 million readings in 2012; HPI now quotes both 200 million and 369 million,,,,,,own_review,2026-09-07,false,high,current,
hpi-checks__owner,HPI Checks,hpi-checks,HPI Check Review: The Register Behind Everyone Else's Car Check,https://compare100.com/hpi-checks/,,Owner,HPI Holding Limited (06765994); part of Solera since 2008,,,,,,own_review,2026-09-07,false,high,current,
hpi-checks__same-report-elsewhere,HPI Checks,hpi-checks,HPI Check Review: The Register Behind Everyone Else's Car Check,https://compare100.com/hpi-checks/,,Same report elsewhere,£14.99 through the AA and the RAC,14.99,,,GBP,,own_review,2026-09-07,false,high,current,
hpi-checks__write-off-claims,HPI Checks,hpi-checks,HPI Check Review: The Register Behind Everyone Else's Car Check,https://compare100.com/hpi-checks/,,Write-off claims,"Capped at 50% of market value or £15,000, whichever is lower",,,,,,own_review,2026-09-07,false,high,current,
total-car-check__company,HPI Checks,total-car-check,Total Car Check Review: A £9.99 Report and a Free One That Is Genuinely Free,https://compare100.com/total-car-check/,,Company,"Total Car Check Ltd, 07043189, incorporated 15 October 2009",,,,,,own_review,2026-09-11,false,high,current,
total-car-check__contact,HPI Checks,total-car-check,Total Car Check Review: A £9.99 Report and a Free One That Is Genuinely Free,https://compare100.com/total-car-check/,,Contact,"Email only, Monday to Friday 9am to 5pm",,,,,,own_review,2026-09-11,false,high,current,
total-car-check__finance-guarantee,HPI Checks,total-car-check,Total Car Check Review: A £9.99 Report and a Free One That Is Genuinely Free,https://compare100.com/total-car-check/,,Finance guarantee,"Up to £30,000, underwritten by Experian Ltd, 2 years",,,,,,own_review,2026-09-11,false,high,current,
total-car-check__free-check,HPI Checks,total-car-check,Total Car Check Review: A £9.99 Report and a Free One That Is Genuinely Free,https://compare100.com/total-car-check/,,Free check,"20+ data fields, no finance or write-off data",20,,,,,own_review,2026-09-11,false,high,current,
total-car-check__gold-check,HPI Checks,total-car-check,Total Car Check Review: A £9.99 Report and a Free One That Is Genuinely Free,https://compare100.com/total-car-check/,,Gold Check,"£9.99 single, 3 for £14.99, 5 for £19.99",,,,,,own_review,2026-09-11,false,high,current,
total-car-check__ico-registration,HPI Checks,total-car-check,Total Car Check Review: A £9.99 Report and a Free One That Is Genuinely Free,https://compare100.com/total-car-check/,,ICO registration,ZA008598,008598,,,,,own_review,2026-09-11,false,high,current,
total-car-check__liability-cap,HPI Checks,total-car-check,Total Car Check Review: A £9.99 Report and a Free One That Is Genuinely Free,https://compare100.com/total-car-check/,,Liability cap,125% of fees paid,125,,,,,own_review,2026-09-11,false,high,current,
total-car-check__owner,HPI Checks,total-car-check,Total Car Check Review: A £9.99 Report and a Free One That Is Genuinely Free,https://compare100.com/total-car-check/,,Owner,Motorway Online Ltd since 17 July 2023,,,,,,own_review,2026-09-11,false,high,current,
total-car-check__registered-office,HPI Checks,total-car-check,Total Car Check Review: A £9.99 Report and a Free One That Is Genuinely Free,https://compare100.com/total-car-check/,,Registered office,"12-13 Wells Mews, London W1T 3HE",,,,,,own_review,2026-09-11,false,high,current,
total-car-check__silver-check,HPI Checks,total-car-check,Total Car Check Review: A £9.99 Report and a Free One That Is Genuinely Free,https://compare100.com/total-car-check/,,Silver Check,"£3.99 single, 5 for £9.99",,,,,,own_review,2026-09-11,false,high,current,
total-car-check__stolen-and-write-off-guarantee,HPI Checks,total-car-check,Total Car Check Review: A £9.99 Report and a Free One That Is Genuinely Free,https://compare100.com/total-car-check/,,Stolen and write-off guarantee,"Up to £10,000 stolen, £3,000 Cat A/B, £1,500 Cat S/N, 12 months",,,,,,own_review,2026-09-11,false,high,current,
branded-beauty-luxe-beauty-deals__address,Health and Beauty,branded-beauty-luxe-beauty-deals,Branded Beauty Review: Clearance Prices on High Street Makeup Brands,https://compare100.com/branded-beauty-luxe-beauty-deals/,,Address,"Unit 8 Trafalgar Business Centre, 77–89 River Road, Barking IG11 0JU",,,,,,own_review,2026-09-17,false,high,current,
branded-beauty-luxe-beauty-deals__contact,Health and Beauty,branded-beauty-luxe-beauty-deals,Branded Beauty Review: Clearance Prices on High Street Makeup Brands,https://compare100.com/branded-beauty-luxe-beauty-deals/,,Contact,Email only: hello@brandedbeauty.co.uk. No phone number published,,,,,,own_review,2026-09-17,false,high,current,
branded-beauty-luxe-beauty-deals__deepest-verified-discount,Health and Beauty,branded-beauty-luxe-beauty-deals,Branded Beauty Review: Clearance Prices on High Street Makeup Brands,https://compare100.com/branded-beauty-luxe-beauty-deals/,,Deepest verified discount,"90% off — L'Oréal Color Riche lipstick at £0.99 against a £9.99 comparison price, checked 17 September 2026",,,,,,own_review,2026-09-17,true,high,current,
branded-beauty-luxe-beauty-deals__express-delivery,Health and Beauty,branded-beauty-luxe-beauty-deals,Branded Beauty Review: Clearance Prices on High Street Makeup Brands,https://compare100.com/branded-beauty-luxe-beauty-deals/,,Express delivery,"£5.99 Royal Mail 24, 1–3 working days, England, Wales and Scotland only",,,,,,own_review,2026-09-17,false,high,current,
branded-beauty-luxe-beauty-deals__oversight,Health and Beauty,branded-beauty-luxe-beauty-deals,Branded Beauty Review: Clearance Prices on High Street Makeup Brands,https://compare100.com/branded-beauty-luxe-beauty-deals/,,Oversight,No FCA permission and no ombudsman — OPSS and Trading Standards,,,,,,own_review,2026-09-17,false,high,current,
branded-beauty-luxe-beauty-deals__returns,Health and Beauty,branded-beauty-luxe-beauty-deals,Branded Beauty Review: Clearance Prices on High Street Makeup Brands,https://compare100.com/branded-beauty-luxe-beauty-deals/,,Returns,14 days from delivery to request one; item must be unopened and unused,14,,,,,own_review,2026-09-17,false,high,current,
branded-beauty-luxe-beauty-deals__standard-delivery,Health and Beauty,branded-beauty-luxe-beauty-deals,Branded Beauty Review: Clearance Prices on High Street Makeup Brands,https://compare100.com/branded-beauty-luxe-beauty-deals/,,Standard delivery,"£2.99 Royal Mail 48, free over £25, 2–4 working days",,,,,,own_review,2026-09-17,false,high,current,
branded-beauty-luxe-beauty-deals__stock-type,Health and Beauty,branded-beauty-luxe-beauty-deals,Branded Beauty Review: Clearance Prices on High Street Makeup Brands,https://compare100.com/branded-beauty-luxe-beauty-deals/,,Stock type,Clearance — terms warn of superficial markings and clearance stickering,,,,,,own_review,2026-09-17,false,high,current,
branded-beauty-luxe-beauty-deals__trading-company,Health and Beauty,branded-beauty-luxe-beauty-deals,Branded Beauty Review: Clearance Prices on High Street Makeup Brands,https://compare100.com/branded-beauty-luxe-beauty-deals/,,Trading company,"Branded Beauty Limited, company number 08509792, incorporated 30 April 2013",,,,,,own_review,2026-09-17,false,high,current,
admiral-home-insurance-review__accidental-damage-audiovisual,Home Insurance,admiral-home-insurance-review,Admiral Home Insurance Review: Buildings and Contents Cover,https://compare100.com/admiral-home-insurance-review/,,"Accidental damage, audiovisual",Optional (Admiral) · Included (Gold and Platinum),,,,,,own_review,2026-08-16,false,high,current,
admiral-home-insurance-review__accidental-damage-full-contents,Home Insurance,admiral-home-insurance-review,Admiral Home Insurance Review: Buildings and Contents Cover,https://compare100.com/admiral-home-insurance-review/,,"Accidental damage, full contents",Optional (Admiral and Gold) · Included (Platinum),,,,,,own_review,2026-08-16,false,high,current,
admiral-home-insurance-review__admin-fees,Home Insurance,admiral-home-insurance-review,Admiral Home Insurance Review: Buildings and Contents Cover,https://compare100.com/admiral-home-insurance-review/,,Admin fees,About £15 to amend · £60–£160 to cancel,,,,,,own_review,2026-08-16,false,high,current,
admiral-home-insurance-review__buildings-sum-insured,Home Insurance,admiral-home-insurance-review,Admiral Home Insurance Review: Buildings and Contents Cover,https://compare100.com/admiral-home-insurance-review/,,Buildings sum insured,Unlimited rebuild cost on all three tiers,,,,,,own_review,2026-08-16,false,high,current,
admiral-home-insurance-review__contents-sum-insured,Home Insurance,admiral-home-insurance-review,Admiral Home Insurance Review: Buildings and Contents Cover,https://compare100.com/admiral-home-insurance-review/,,Contents sum insured,"£100,000 (Admiral) · £125,000 (Gold) · £150,000 (Platinum)",,,,,,own_review,2026-08-16,false,high,current,
admiral-home-insurance-review__contents-sum-insured__100-000-admiral,Home Insurance,admiral-home-insurance-review,Admiral Home Insurance Review: Buildings and Contents Cover,https://compare100.com/admiral-home-insurance-review/,sum_insured,Contents sum insured,"£100,000 (Admiral)",100000,,,GBP,Admiral,own_review,2026-08-16,false,high,current,
admiral-home-insurance-review__contents-sum-insured__125-000-gold,Home Insurance,admiral-home-insurance-review,Admiral Home Insurance Review: Buildings and Contents Cover,https://compare100.com/admiral-home-insurance-review/,sum_insured,Contents sum insured,"£125,000 (Gold)",125000,,,GBP,Gold,own_review,2026-08-16,false,high,current,
admiral-home-insurance-review__contents-sum-insured__150-000-platinum,Home Insurance,admiral-home-insurance-review,Admiral Home Insurance Review: Buildings and Contents Cover,https://compare100.com/admiral-home-insurance-review/,sum_insured,Contents sum insured,"£150,000 (Platinum)",150000,,,GBP,Platinum,own_review,2026-08-16,false,high,current,
admiral-home-insurance-review__home-emergency,Home Insurance,admiral-home-insurance-review,Admiral Home Insurance Review: Buildings and Contents Cover,https://compare100.com/admiral-home-insurance-review/,,Home emergency,"Optional £500 limit (Admiral) · Included £500 (Gold) · Included £1,000 (Platinum)",,,,,,own_review,2026-08-16,false,high,current,
admiral-home-insurance-review__home-emergency__included-1-000-plati,Home Insurance,admiral-home-insurance-review,Admiral Home Insurance Review: Buildings and Contents Cover,https://compare100.com/admiral-home-insurance-review/,home_emergency,Home emergency,"Included £1,000 (Platinum)",1000,,,GBP,Platinum,own_review,2026-08-16,false,high,current,
admiral-home-insurance-review__home-emergency__included-500-gold,Home Insurance,admiral-home-insurance-review,Admiral Home Insurance Review: Buildings and Contents Cover,https://compare100.com/admiral-home-insurance-review/,home_emergency,Home emergency,Included £500 (Gold),500,,,GBP,Gold,own_review,2026-08-16,false,high,current,
admiral-home-insurance-review__home-emergency__optional-500-limit-a,Home Insurance,admiral-home-insurance-review,Admiral Home Insurance Review: Buildings and Contents Cover,https://compare100.com/admiral-home-insurance-review/,home_emergency,Home emergency,Optional £500 limit (Admiral),500,,,GBP,Admiral,own_review,2026-08-16,false,high,current,
admiral-home-insurance-review__legal-cover,Home Insurance,admiral-home-insurance-review,Admiral Home Insurance Review: Buildings and Contents Cover,https://compare100.com/admiral-home-insurance-review/,,Legal cover,"Optional up to £100,000 (Admiral and Gold) · Included (Platinum)",100000,,,GBP,,own_review,2026-08-16,false,high,current,
admiral-home-insurance-review__legal-cover__optional-up-to-100-0,Home Insurance,admiral-home-insurance-review,Admiral Home Insurance Review: Buildings and Contents Cover,https://compare100.com/admiral-home-insurance-review/,,Legal cover,"Optional up to £100,000 (Admiral and Gold)",,,,,Admiral,own_review,2026-08-16,false,medium,current,
admiral-home-insurance-review__multicover,Home Insurance,admiral-home-insurance-review,Admiral Home Insurance Review: Buildings and Contents Cover,https://compare100.com/admiral-home-insurance-review/,,MultiCover,Discount for bundling home with Admiral car insurance,,,,,,own_review,2026-08-16,false,high,current,
admiral-home-insurance-review__single-item-limit,Home Insurance,admiral-home-insurance-review,Admiral Home Insurance Review: Buildings and Contents Cover,https://compare100.com/admiral-home-insurance-review/,,Single-item limit,"£2,000 — anything above must be specified individually",2000,,,GBP,,own_review,2026-08-16,false,high,current,
admiral-home-insurance-review__tiers,Home Insurance,admiral-home-insurance-review,Admiral Home Insurance Review: Buildings and Contents Cover,https://compare100.com/admiral-home-insurance-review/,,Tiers,Admiral · Gold · Platinum,,,,,,own_review,2026-08-16,false,high,current,
axa-home-insurance-review__buildings-sum-insured,Home Insurance,axa-home-insurance-review,AXA Home Insurance Review,https://compare100.com/axa-home-insurance-review/,,Buildings sum insured,"£500,000 / £1,000,000 / unlimited",,,,,,own_review,2026-08-23,false,high,current,
axa-home-insurance-review__claims-paid,Home Insurance,axa-home-insurance-review,AXA Home Insurance Review,https://compare100.com/axa-home-insurance-review/,,Claims paid,"80.9% of home claims, January–December 2025 (AXA's figure)",,,,,,own_review,2026-08-23,false,high,current,
axa-home-insurance-review__complaints,Home Insurance,axa-home-insurance-review,AXA Home Insurance Review,https://compare100.com/axa-home-insurance-review/,,Complaints,"5.17 per 1,000 policies in the six months to 30 June 2026",,,,,,own_review,2026-08-23,false,high,current,
axa-home-insurance-review__contents-sum-insured,Home Insurance,axa-home-insurance-review,AXA Home Insurance Review,https://compare100.com/axa-home-insurance-review/,,Contents sum insured,"£50,000 / £75,000 / £100,000",,,,,,own_review,2026-08-23,false,high,current,
axa-home-insurance-review__cover-levels,Home Insurance,axa-home-insurance-review,AXA Home Insurance Review,https://compare100.com/axa-home-insurance-review/,,Cover levels,"AXA Home, AXA Plus, AXA Premier",,,,,,own_review,2026-08-23,false,high,current,
axa-home-insurance-review__property-owner-s-liability,Home Insurance,axa-home-insurance-review,AXA Home Insurance Review,https://compare100.com/axa-home-insurance-review/,,Property owner's liability,"£2,000,000 on every tier",2000000,,,GBP,,own_review,2026-08-23,false,high,current,
axa-home-insurance-review__quoted-from,Home Insurance,axa-home-insurance-review,AXA Home Insurance Review,https://compare100.com/axa-home-insurance-review/,,Quoted from,"£196 a year (10% of AXA Plus customers, 1 May – 31 July 2026)",,,,,,own_review,2026-08-23,false,high,current,
axa-home-insurance-review__specify-any-item-worth-over,Home Insurance,axa-home-insurance-review,AXA Home Insurance Review,https://compare100.com/axa-home-insurance-review/,,Specify any item worth over,"£1,500",1500,,,GBP,,own_review,2026-08-23,false,high,current,
axa-home-insurance-review__underwriter,Home Insurance,axa-home-insurance-review,AXA Home Insurance Review,https://compare100.com/axa-home-insurance-review/,,Underwriter,"AXA Insurance UK plc, firm reference 202312",202312,,,,,own_review,2026-08-23,false,high,current,
john-lewis-home-insurance-review__alternative-accommodation-buildings,Home Insurance,john-lewis-home-insurance-review,John Lewis Home Insurance Review,https://compare100.com/john-lewis-home-insurance-review/,,Alternative accommodation (buildings),"Bronze £50,000 · Silver £100,000 · Gold unlimited",,,,,,own_review,2026-08-21,false,high,current,
john-lewis-home-insurance-review__alternative-accommodation-contents,Home Insurance,john-lewis-home-insurance-review,John Lewis Home Insurance Review,https://compare100.com/john-lewis-home-insurance-review/,,Alternative accommodation (contents),"Bronze £10,000 · Silver £15,000 · Gold unlimited",,,,,,own_review,2026-08-21,false,high,current,
john-lewis-home-insurance-review__bicycle-cover-optional,Home Insurance,john-lewis-home-insurance-review,John Lewis Home Insurance Review,https://compare100.com/john-lewis-home-insurance-review/,,Bicycle cover (optional),"Up to £15,000 in total, capped at £5,000 per bike",,,,,,own_review,2026-08-21,false,high,current,
john-lewis-home-insurance-review__buildings-rebuild-limit,Home Insurance,john-lewis-home-insurance-review,John Lewis Home Insurance Review,https://compare100.com/john-lewis-home-insurance-review/,,Buildings rebuild limit,"Bronze £400,000 · Silver unlimited · Gold unlimited",400000,,,GBP,,own_review,2026-08-21,false,high,current,
john-lewis-home-insurance-review__contents-limit,Home Insurance,john-lewis-home-insurance-review,John Lewis Home Insurance Review,https://compare100.com/john-lewis-home-insurance-review/,,Contents limit,"Bronze £50,000 · Silver £100,000 · Gold unlimited",,,,,,own_review,2026-08-21,false,high,current,
john-lewis-home-insurance-review__cover-tiers,Home Insurance,john-lewis-home-insurance-review,John Lewis Home Insurance Review,https://compare100.com/john-lewis-home-insurance-review/,,Cover tiers,Bronze · Silver · Gold,,,,,,own_review,2026-08-21,false,high,current,
john-lewis-home-insurance-review__defaqto-rating,Home Insurance,john-lewis-home-insurance-review,John Lewis Home Insurance Review,https://compare100.com/john-lewis-home-insurance-review/,,Defaqto rating,5 stars on Silver and Gold. Bronze does not carry it,5,,,,,own_review,2026-08-21,false,high,current,
john-lewis-home-insurance-review__freezer-food,Home Insurance,john-lewis-home-insurance-review,John Lewis Home Insurance Review,https://compare100.com/john-lewis-home-insurance-review/,,Freezer food,Bronze £250 · Silver £500 · Gold £750,,,,,,own_review,2026-08-21,false,high,current,
john-lewis-home-insurance-review__insurer-panel,Home Insurance,john-lewis-home-insurance-review,John Lewis Home Insurance Review,https://compare100.com/john-lewis-home-insurance-review/,,Insurer panel,AXA · Covéa Insurance · Prestige Underwriting · Ageas (added 23 June 2026),,,,,,own_review,2026-08-21,false,high,current,
john-lewis-home-insurance-review__legal-expenses-optional,Home Insurance,john-lewis-home-insurance-review,John Lewis Home Insurance Review,https://compare100.com/john-lewis-home-insurance-review/,,Legal expenses (optional),"Up to £100,000, underwritten by ARAG — FCA reference 202106",,,,,,own_review,2026-08-21,false,high,current,
john-lewis-home-insurance-review__sold-by,Home Insurance,john-lewis-home-insurance-review,John Lewis Home Insurance Review,https://compare100.com/john-lewis-home-insurance-review/,,Sold by,"John Lewis Finance Limited, a regulated broker since March 2026 — FCA firm reference 1018169",,,,,,own_review,2026-08-21,false,high,current,
john-lewis-home-insurance-review__specialist-home-cover,Home Insurance,john-lewis-home-insurance-review,John Lewis Home Insurance Review,https://compare100.com/john-lewis-home-insurance-review/,,Specialist home cover,Underwritten by Covéa Insurance plc — FCA reference 202277,202277,,,,,own_review,2026-08-21,false,high,current,
john-lewis-home-insurance-review__student-cover-optional,Home Insurance,john-lewis-home-insurance-review,John Lewis Home Insurance Review,https://compare100.com/john-lewis-home-insurance-review/,,Student cover (optional),"Up to £5,000 per claim, £1,500 any one item",,,,,,own_review,2026-08-21,false,high,current,
lv-home-insurance-review__alternative-accommodation,Home Insurance,lv-home-insurance-review,LV= Home Insurance Review,https://compare100.com/lv-home-insurance-review/,,Alternative accommodation,"£25,000 · £50,000 · £100,000 by tier",,,,,,own_review,2026-08-21,false,high,current,
lv-home-insurance-review__buildings-limit,Home Insurance,lv-home-insurance-review,LV= Home Insurance Review,https://compare100.com/lv-home-insurance-review/,,Buildings limit,"£500,000 on Essentials, £1m on Home, unlimited on Home Plus",,,,,,own_review,2026-08-21,false,high,current,
lv-home-insurance-review__complaints,Home Insurance,lv-home-insurance-review,LV= Home Insurance Review,https://compare100.com/lv-home-insurance-review/,,Complaints,"0800 085 5664, then the Financial Ombudsman Service within six months",,,,,,own_review,2026-08-21,false,high,current,
lv-home-insurance-review__contents-limit,Home Insurance,lv-home-insurance-review,LV= Home Insurance Review,https://compare100.com/lv-home-insurance-review/,,Contents limit,"Up to £50,000 · £100,000 · £150,000 by tier",,,,,,own_review,2026-08-21,false,high,current,
lv-home-insurance-review__cooling-off,Home Insurance,lv-home-insurance-review,LV= Home Insurance Review,https://compare100.com/lv-home-insurance-review/,,Cooling-off,14 days from receiving the documents,14,,,,,own_review,2026-08-21,false,high,current,
lv-home-insurance-review__cover-tiers,Home Insurance,lv-home-insurance-review,LV= Home Insurance Review,https://compare100.com/lv-home-insurance-review/,,Cover tiers,Essentials · Home · Home Plus,,,,,,own_review,2026-08-21,false,high,current,
lv-home-insurance-review__defaqto-rating,Home Insurance,lv-home-insurance-review,LV= Home Insurance Review,https://compare100.com/lv-home-insurance-review/,,Defaqto rating,5 Stars on Home and Home Plus — 19th consecutive year,,,,,,own_review,2026-08-21,false,high,current,
lv-home-insurance-review__online-discount,Home Insurance,lv-home-insurance-review,LV= Home Insurance Review,https://compare100.com/lv-home-insurance-review/,,Online discount,"5% off, excluding home emergency and legal expenses add-ons",5,,,,,own_review,2026-08-21,false,high,current,
lv-home-insurance-review__regulated,Home Insurance,lv-home-insurance-review,LV= Home Insurance Review,https://compare100.com/lv-home-insurance-review/,,Regulated,FCA and PRA register number 202965,202965,,,,,own_review,2026-08-21,false,high,current,
lv-home-insurance-review__single-item-limit,Home Insurance,lv-home-insurance-review,LV= Home Insurance Review,https://compare100.com/lv-home-insurance-review/,,Single item limit,"£2,000 on Essentials and Home, £5,000 on Home Plus",,,,,,own_review,2026-08-21,false,high,current,
lv-home-insurance-review__subsidence-excess,Home Insurance,lv-home-insurance-review,LV= Home Insurance Review,https://compare100.com/lv-home-insurance-review/,,Subsidence excess,"£1,000 compulsory; £500 for escape of water",,,,,,own_review,2026-08-21,false,high,current,
lv-home-insurance-review__trace-and-access,Home Insurance,lv-home-insurance-review,LV= Home Insurance Review,https://compare100.com/lv-home-insurance-review/,,Trace and access,"Not covered on Essentials; £5,000 on Home, £10,000 on Home Plus",,,,,,own_review,2026-08-21,false,high,current,
lv-home-insurance-review__underwriter,Home Insurance,lv-home-insurance-review,LV= Home Insurance Review,https://compare100.com/lv-home-insurance-review/,,Underwriter,"Liverpool Victoria Insurance Company Limited, registered in England and Wales 3232514",3232514,,,,,own_review,2026-08-21,false,high,current,
lv-home-insurance-review__unoccupancy,Home Insurance,lv-home-insurance-review,LV= Home Insurance Review,https://compare100.com/lv-home-insurance-review/,,Unoccupancy,Cover restricted after 60 days in a row empty,60,,,,,own_review,2026-08-21,false,high,current,
quotezone-home-insurance-review__advertised-saving,Home Insurance,quotezone-home-insurance-review,Quotezone.co.uk Home Insurance,https://compare100.com/quotezone-home-insurance-review/,,Advertised saving,"£257.05, reached by 51% of consumers — the basis is unpicked below",,,,,,own_review,2026-08-16,false,high,current,
quotezone-home-insurance-review__cheapest-and-dearest-regions-q2-2026,Home Insurance,quotezone-home-insurance-review,Quotezone.co.uk Home Insurance,https://compare100.com/quotezone-home-insurance-review/,,Cheapest and dearest regions (Q2 2026),£136.85 North East · £261.14 London,,,,,,own_review,2026-08-16,false,high,current,
quotezone-home-insurance-review__complaints,Home Insurance,quotezone-home-insurance-review,Quotezone.co.uk Home Insurance,https://compare100.com/quotezone-home-insurance-review/,,Complaints,"Seopa first, then the Financial Ombudsman Service — within 6 months of a final response",6,,,,,own_review,2026-08-16,false,high,current,
quotezone-home-insurance-review__cost-to-you,Home Insurance,quotezone-home-insurance-review,Quotezone.co.uk Home Insurance,https://compare100.com/quotezone-home-insurance-review/,,Cost to you,"Nothing — providers pay a fee, a commission, or both",,,,,,own_review,2026-08-16,false,high,current,
quotezone-home-insurance-review__empty-property,Home Insurance,quotezone-home-insurance-review,Quotezone.co.uk Home Insurance,https://compare100.com/quotezone-home-insurance-review/,,Empty property,Standard cover typically lapses after 30 to 60 consecutive days,,,,,,own_review,2026-08-16,false,high,current,
quotezone-home-insurance-review__fca-firm-reference,Home Insurance,quotezone-home-insurance-review,Quotezone.co.uk Home Insurance,https://compare100.com/quotezone-home-insurance-review/,,FCA firm reference,313860 — insurance mediation and credit broking,313860,,,,,own_review,2026-08-16,false,high,current,
quotezone-home-insurance-review__fscs,Home Insurance,quotezone-home-insurance-review,Quotezone.co.uk Home Insurance,https://compare100.com/quotezone-home-insurance-review/,,FSCS,"Insurance mediation covered at 90% of the claim, with no upper limit",90,,,,,own_review,2026-08-16,false,high,current,
quotezone-home-insurance-review__home-insurance-panel,Home Insurance,quotezone-home-insurance-review,Quotezone.co.uk Home Insurance,https://compare100.com/quotezone-home-insurance-review/,,Home insurance panel,Stated as 40+ UK providers,40,,,,,own_review,2026-08-16,false,high,current,
quotezone-home-insurance-review__ico-registration,Home Insurance,quotezone-home-insurance-review,Quotezone.co.uk Home Insurance,https://compare100.com/quotezone-home-insurance-review/,,ICO registration,"Z8733752, as a data controller",8733752,,,,,own_review,2026-08-16,false,high,current,
quotezone-home-insurance-review__market-premiums-abi-q4-2025,Home Insurance,quotezone-home-insurance-review,Quotezone.co.uk Home Insurance,https://compare100.com/quotezone-home-insurance-review/,,"Market premiums (ABI, Q4 2025)",£379 combined · £312 buildings-only · £122 contents-only,,,,,,own_review,2026-08-16,false,high,current,
quotezone-home-insurance-review__operated-by,Home Insurance,quotezone-home-insurance-review,Quotezone.co.uk Home Insurance,https://compare100.com/quotezone-home-insurance-review/,,Operated by,"Seopa Limited, Belfast · company number NI46322",46322,,,,,own_review,2026-08-16,false,high,current,
quotezone-home-insurance-review__policy-types-quoted,Home Insurance,quotezone-home-insurance-review,Quotezone.co.uk Home Insurance,https://compare100.com/quotezone-home-insurance-review/,,Policy types quoted,Buildings · contents · combined · landlord · tenants · second home · student contents · flat · listed · unoccupied,,,,,,own_review,2026-08-16,false,high,current,
quotezone-home-insurance-review__what-it-is,Home Insurance,quotezone-home-insurance-review,Quotezone.co.uk Home Insurance,https://compare100.com/quotezone-home-insurance-review/,,What it is,A comparison and introduction service — not an insurer,,,,,,own_review,2026-08-16,false,high,current,
hostelling-international-hostels__deposit,Hostels,hostelling-international-hostels,"Hostelling International Hostels: Membership, Booking Terms and What HI Actually Runs",https://compare100.com/hostelling-international-hostels/,,Deposit,Non-refundable at the time of booking; the percentage is not published,,,,,,own_review,2026-09-05,false,high,current,
hostelling-international-hostels__founded,Hostels,hostelling-international-hostels,"Hostelling International Hostels: Membership, Booking Terms and What HI Actually Runs",https://compare100.com/hostelling-international-hostels/,,Founded,"Federation 1932; first youth hostel Altena, 1914; renamed Hostelling International 2006",,,,,,own_review,2026-09-05,false,high,current,
hostelling-international-hostels__free-cancellation,Hostels,hostelling-international-hostels,"Hostelling International Hostels: Membership, Booking Terms and What HI Actually Runs",https://compare100.com/hostelling-international-hostels/,,Free cancellation,At least 24 hours before an assumed 18:00 local arrival time,,,,,,own_review,2026-09-05,false,high,current,
hostelling-international-hostels__governing-law,Hostels,hostelling-international-hostels,"Hostelling International Hostels: Membership, Booking Terms and What HI Actually Runs",https://compare100.com/hostelling-international-hostels/,,Governing law,"England and Wales, with exclusive jurisdiction in the English courts",,,,,,own_review,2026-09-05,false,high,current,
hostelling-international-hostels__hi-s-liability,Hostels,hostelling-international-hostels,"Hostelling International Hostels: Membership, Booking Terms and What HI Actually Runs",https://compare100.com/hostelling-international-hostels/,,HI's liability,“Limited to the fees paid by you on this website”,,,,,,own_review,2026-09-05,false,high,current,
hostelling-international-hostels__legal-entity,Hostels,hostelling-international-hostels,"Hostelling International Hostels: Membership, Booking Terms and What HI Actually Runs",https://compare100.com/hostelling-international-hostels/,,Legal entity,"International Youth Hostel Federation, company 02250706, registered charity 1117014",,,,,,own_review,2026-09-05,false,high,current,
hostelling-international-hostels__member-discount,Hostels,hostelling-international-hostels,"Hostelling International Hostels: Membership, Booking Terms and What HI Actually Runs",https://compare100.com/hostelling-international-hostels/,,Member discount,"10% off every YHA booking made at yha.org.uk, plus a further 5% for under-26s",,,,,,own_review,2026-09-05,false,high,current,
hostelling-international-hostels__members,Hostels,hostelling-international-hostels,"Hostelling International Hostels: Membership, Booking Terms and What HI Actually Runs",https://compare100.com/hostelling-international-hostels/,,Members,More than 2.63 million worldwide,2.63,,,,,own_review,2026-09-05,false,high,current,
hostelling-international-hostels__membership-term,Hostels,hostelling-international-hostels,"Hostelling International Hostels: Membership, Booking Terms and What HI Actually Runs",https://compare100.com/hostelling-international-hostels/,,Membership term,12 months from the date of purchase; non-refundable and non-transferable after activation,12,,,,,own_review,2026-09-05,false,high,current,
hostelling-international-hostels__network-size,Hostels,hostelling-international-hostels,"Hostelling International Hostels: Membership, Booking Terms and What HI Actually Runs",https://compare100.com/hostelling-international-hostels/,,Network size,"Over 2,300 hostels; HI's own pages give 57 and 58 member associations",,,,,,own_review,2026-09-05,false,high,current,
hostelling-international-hostels__no-show-charge,Hostels,hostelling-international-hostels,"Hostelling International Hostels: Membership, Booking Terms and What HI Actually Runs",https://compare100.com/hostelling-international-hostels/,,No-show charge,"One night on a one-night booking, two nights on a booking of two nights or more, plus taxes",,,,,,own_review,2026-09-05,false,high,current,
hostelling-international-hostels__quality-programme,Hostels,hostelling-international-hostels,"Hostelling International Hostels: Membership, Booking Terms and What HI Actually Runs",https://compare100.com/hostelling-international-hostels/,,Quality programme,"HI-Q&S, audited externally every three years, used in 32 associations and over 400 hostels",,,,,,own_review,2026-09-05,false,high,current,
hostelling-international-hostels__registered-office,Hostels,hostelling-international-hostels,"Hostelling International Hostels: Membership, Booking Terms and What HI Actually Runs",https://compare100.com/hostelling-international-hostels/,,Registered office,"7 Bell Yard, London WC2A 2JR; incorporated 3 May 1988",,,,,,own_review,2026-09-05,false,high,current,
hostelling-international-hostels__uk-membership,Hostels,hostelling-international-hostels,"Hostelling International Hostels: Membership, Booking Terms and What HI Actually Runs",https://compare100.com/hostelling-international-hostels/,,UK membership,"YHA £20 a year (26+), £10 (16–25); Hostelling Scotland £15 a year (26+), £6 (25 and under), £150 life",,,,,,own_review,2026-09-05,false,high,current,
hostelworld-hostels__average-booking-value,Hostels,hostelworld-hostels,"Hostelworld Review: The Deposit, the Balance and What You Pay at the Door",https://compare100.com/hostelworld-hostels/,,Average booking value,€14.90 net in H1 2026 (€13.43 in 2025),,,,,,own_review,2026-09-05,false,high,current,
hostelworld-hostels__balance,Hostels,hostelworld-hostels,"Hostelworld Review: The Deposit, the Balance and What You Pay at the Door",https://compare100.com/hostelworld-hostels/,,Balance,"Paid at the hostel, plus any city tax",,,,,,own_review,2026-09-05,false,high,current,
hostelworld-hostels__best-price-claim-window,Hostels,hostelworld-hostels,"Hostelworld Review: The Deposit, the Balance and What You Pay at the Door",https://compare100.com/hostelworld-hostels/,,Best price claim window,24 hours from booking; paid by bank transfer up to 14 days after checkout,,,,,,own_review,2026-09-05,false,high,current,
hostelworld-hostels__booking-fee,Hostels,hostelworld-hostels,"Hostelworld Review: The Deposit, the Balance and What You Pay at the Door",https://compare100.com/hostelworld-hostels/,,Booking fee,"Named in the terms, non-refundable in all circumstances, amount not published",,,,,,own_review,2026-09-05,false,high,current,
hostelworld-hostels__booking-guarantee,Hostels,hostelworld-hostels,"Hostelworld Review: The Deposit, the Balance and What You Pay at the Door",https://compare100.com/hostelworld-hostels/,,Booking Guarantee,Deposit refunded as credit plus US$50; claim within 48 hours; credit valid 6 months,,,,,,own_review,2026-09-05,false,high,current,
hostelworld-hostels__contracting-company,Hostels,hostelworld-hostels,"Hostelworld Review: The Deposit, the Balance and What You Pay at the Door",https://compare100.com/hostelworld-hostels/,,Contracting company,"Hostelworld.com Limited, 8 Harcourt Street, Dublin 2, D02 AF58",,,,,,own_review,2026-09-05,false,high,current,
hostelworld-hostels__deposit-at-booking,Hostels,hostelworld-hostels,"Hostelworld Review: The Deposit, the Balance and What You Pay at the Door",https://compare100.com/hostelworld-hostels/,,Deposit at booking,"About 12–15% of the total, per Hostelworld's own guide",,,,,,own_review,2026-09-05,false,high,current,
hostelworld-hostels__effective-commission-rate,Hostels,hostelworld-hostels,"Hostelworld Review: The Deposit, the Balance and What You Pay at the Door",https://compare100.com/hostelworld-hostels/,,Effective commission rate,17.7% in H1 2026 (15.8% in H1 2025),,,,,,own_review,2026-09-05,false,high,current,
hostelworld-hostels__founded,Hostels,hostelworld-hostels,"Hostelworld Review: The Deposit, the Balance and What You Pay at the Door",https://compare100.com/hostelworld-hostels/,,Founded,"1999, headquartered in Dublin",1999,,,,,own_review,2026-09-05,false,high,current,
hostelworld-hostels__governing-law,Hostels,hostelworld-hostels,"Hostelworld Review: The Deposit, the Balance and What You Pay at the Door",https://compare100.com/hostelworld-hostels/,,Governing law,Ireland,,,,,,own_review,2026-09-05,false,high,current,
hostelworld-hostels__group-company,Hostels,hostelworld-hostels,"Hostelworld Review: The Deposit, the Balance and What You Pay at the Door",https://compare100.com/hostelworld-hostels/,,Group company,"Hostelworld Group plc, company 09818705, registered in Birmingham B3 3AX",,,,,,own_review,2026-09-05,false,high,current,
hostelworld-hostels__guest-reviews,Hostels,hostelworld-hostels,"Hostelworld Review: The Deposit, the Balance and What You Pay at the Door",https://compare100.com/hostelworld-hostels/,,Guest reviews,"13.7 million, from booked-and-stayed guests only",13.7,,,,,own_review,2026-09-05,false,high,current,
hostelworld-hostels__listed,Hostels,hostelworld-hostels,"Hostelworld Review: The Deposit, the Balance and What You Pay at the Door",https://compare100.com/hostelworld-hostels/,,Listed,"London Stock Exchange main market, 2 November 2015 at 185p (about £176.8m)",,,,,,own_review,2026-09-05,false,high,current,
hostelworld-hostels__properties,Hostels,hostelworld-hostels,"Hostelworld Review: The Deposit, the Balance and What You Pay at the Door",https://compare100.com/hostelworld-hostels/,,Properties,"Around 17,000 hostels across 180+ countries",,,,,,own_review,2026-09-05,false,high,current,
hostelworld-hostels__standard-cancellation-deadline,Hostels,hostelworld-hostels,"Hostelworld Review: The Deposit, the Balance and What You Pay at the Door",https://compare100.com/hostelworld-hostels/,,Standard cancellation deadline,Normally at least 24 hours before check-in; individual hostels set their own,24,,,,,own_review,2026-09-05,false,high,current,
agoda-hotels__binding-promises-to-the-regulator,Hotels,agoda-hotels,Agoda Hotels,https://compare100.com/agoda-hotels/,,Binding promises to the regulator,"Undertakings signed under Part 8 of the Enterprise Act 2002, in force from 24:00 on 1 September 2019, covering ranking disclosure, labelled paid slots, total prices and countdown timers",,,,,,own_review,2026-09-24,false,high,current,
agoda-hotels__catalogue,Hotels,agoda-hotels,Agoda Hotels,https://compare100.com/agoda-hotels/,,Catalogue,"""over 6 million hotels and holiday properties"", 200-plus markets, 39 languages on the platform, 16 languages of support, about 7,500 staff",,,,,,own_review,2026-09-24,false,high,current,
agoda-hotels__cheapest-advertised-london-room-per-night,Hotels,agoda-hotels,Agoda Hotels,https://compare100.com/agoda-hotels/,,"Cheapest advertised London room, per night","£49 a night — Travelodge's own published London lead-in rate, the class of room Agoda resells; Agoda itself publishes no city lead-in price, checked 24 September 2026",,,,,,own_review,2026-09-24,true,high,current,
agoda-hotels__how-you-pay,Hotels,agoda-hotels,Agoda Hotels,https://compare100.com/agoda-hotels/,,How you pay,"Prepaid to Agoda, or Property Collect — ""Agoda's solution for guests to pay for their booking upon arrival at the property"", with Agoda's cut offset against the hotel's other payouts",,,,,,own_review,2026-09-24,false,high,current,
agoda-hotels__parent,Hotels,agoda-hotels,Agoda Hotels,https://compare100.com/agoda-hotels/,,Parent,"Booking Holdings Inc. (Nasdaq: BKNG) — revenue $26.9bn in 2025, about 24,300 staff; sister brand Booking.com lists roughly 4.4 million properties",,,,,,own_review,2026-09-24,false,high,current,
agoda-hotels__rules-that-apply,Hotels,agoda-hotels,Agoda Hotels,https://compare100.com/agoda-hotels/,,Rules that apply,"No financial regulator; a hotel-only booking is outside ATOL, which covers ""a package trip that includes a flight""; no independent ratings body assesses booking platforms",,,,,,own_review,2026-09-24,false,high,current,
agoda-hotels__uk-presence,Hotels,agoda-hotels,Agoda Hotels,https://compare100.com/agoda-hotels/,,UK presence,"Agoda International Pte. Ltd., overseas company FC030522 (Singapore registration 200914710H), UK establishment BR015519 registered on 25 October 2011 at 2nd Floor, The Monument Building, 11 Monument Street, London",,,,,,own_review,2026-09-24,false,high,current,
agoda-hotels__what-a-top-three-slot-costs-a-hotel,Hotels,agoda-hotels,Agoda Hotels,https://compare100.com/agoda-hotels/,,What a top-three slot costs a hotel,"Sponsored Listing buys spots 1–3 or 11–13 on a cost-per-booking basis; the Agoda Growth Program charges 10%, 12% or 15% extra commission per booking for a ranking boost and a Preferred Partner badge",,,,,,own_review,2026-09-24,false,high,current,
agoda-hotels__who-you-are-booking-with,Hotels,agoda-hotels,Agoda Hotels,https://compare100.com/agoda-hotels/,,Who you are booking with,"Agoda Company Pte. Ltd., the Singapore company named in its 2019 undertakings to the CMA at 30 Cecil Street, Prudential Tower, Singapore; its partner-facing terms give the address as 36 Robinson Road, #20-01 City House",,,,,,own_review,2026-09-24,false,high,current,
hotelplanner-hotels__average-3-star-london-group-rate,Hotels,hotelplanner-hotels,HotelPlanner: Group Hotel Rates and How the Bidding Works,https://compare100.com/hotelplanner-hotels/,,Average 3-star London group rate,$111.36 over the 365 days to 22 September 2026 (Manchester: $90.30),,,,,,own_review,2026-09-22,false,high,current,
hotelplanner-hotels__cheapest-advertised-london-room-per-night,Hotels,hotelplanner-hotels,HotelPlanner: Group Hotel Rates and How the Bidding Works,https://compare100.com/hotelplanner-hotels/,,"Cheapest advertised London room, per night","$60 a night — HotelPlanner's own London lead-in price (Travelodge London Dagenham East), quoted in US dollars, checked 22 September 2026",,,,,,own_review,2026-09-22,true,high,current,
hotelplanner-hotels__governing-law-and-disputes,Hotels,hotelplanner-hotels,HotelPlanner: Group Hotel Rates and How the Bidding Works,https://compare100.com/hotelplanner-hotels/,,Governing law and disputes,"Florida law; arbitration in Palm Beach County, Florida, with a 30-day opt-out from first access",30,,,,,own_review,2026-09-22,false,high,current,
hotelplanner-hotels__group-rate-guarantee-threshold,Hotels,hotelplanner-hotels,HotelPlanner: Group Hotel Rates and How the Bidding Works,https://compare100.com/hotelplanner-hotels/,,Group rate guarantee threshold,"9 rooms per night or more, at a hotel of equal or greater quality",9,,,,,own_review,2026-09-22,false,high,current,
hotelplanner-hotels__liability-cap-for-uk-and-eu-consumers,Hotels,hotelplanner-hotels,HotelPlanner: Group Hotel Rates and How the Bidding Works,https://compare100.com/hotelplanner-hotels/,,Liability cap for UK and EU consumers,"The greater of three times the booking value or €2,500",2500,,,,,own_review,2026-09-22,false,high,current,
hotelplanner-hotels__projected-gross-bookings,Hotels,hotelplanner-hotels,HotelPlanner: Group Hotel Rates and How the Bidding Works,https://compare100.com/hotelplanner-hotels/,,Projected gross bookings,"$2bn for 2025, with revenue growth of 351% since 2022 (company figures)",,,,,,own_review,2026-09-22,false,high,current,
hotelplanner-hotels__scale-claimed,Hotels,hotelplanner-hotels,HotelPlanner: Group Hotel Rates and How the Bidding Works,https://compare100.com/hotelplanner-hotels/,,Scale claimed,"100,000 group-friendly hotels, 36,000 destinations, over 1 million groups booked, 2,000 call centre staff",,,,,,own_review,2026-09-22,false,high,current,
hotelplanner-hotels__trading-since,Hotels,hotelplanner-hotels,HotelPlanner: Group Hotel Rates and How the Bidding Works,https://compare100.com/hotelplanner-hotels/,,Trading since,2003; UK company incorporated 1 October 2012,,,,,,own_review,2026-09-22,false,high,current,
hotelplanner-hotels__uk-contact,Hotels,hotelplanner-hotels,HotelPlanner: Group Hotel Rates and How the Bidding Works,https://compare100.com/hotelplanner-hotels/,,UK contact,Groups 0800 808 5603; individual reservations +44 020 3564 5236; 24/7 line +1 800 760 7718,,,,,,own_review,2026-09-22,false,high,current,
hotelplanner-hotels__what-the-hotel-pays-hotelplanner,Hotels,hotelplanner-hotels,HotelPlanner: Group Hotel Rates and How the Bidding Works,https://compare100.com/hotelplanner-hotels/,,What the hotel pays HotelPlanner,"10% referral fee as standard, 7% for preferred-member hotels, 12% on travel agent group bookings",,,,,,own_review,2026-09-22,false,high,current,
hotelplanner-hotels__who-you-contract-with,Hotels,hotelplanner-hotels,HotelPlanner: Group Hotel Rates and How the Bidding Works,https://compare100.com/hotelplanner-hotels/,,Who you contract with,"Reservations Group, LLC, Palm Beach Gardens, Florida — UK office HotelPlanner Limited, company 08235172",08235172,,,,,own_review,2026-09-22,false,high,current,
laterooms-hotel-deals__cheapest-advertised-london-room,Hotels,laterooms-hotel-deals,LateRooms Hotel Deals,https://compare100.com/laterooms-hotel-deals/,,Cheapest advertised London room,"£34 a night — LateRooms' own lead-in price for London, checked 19 September 2026",,,,,,own_review,2026-09-19,true,high,current,
laterooms-hotel-deals__how-you-pay,Hotels,laterooms-hotel-deals,LateRooms Hotel Deals,https://compare100.com/laterooms-hotel-deals/,,How you pay,"Prepaid in full at booking on some hotels, or ""payment is taken directly by the hotel at check-in or check-out"" on others",,,,,,own_review,2026-09-19,false,high,current,
laterooms-hotel-deals__lead-in-prices,Hotels,laterooms-hotel-deals,LateRooms Hotel Deals,https://compare100.com/laterooms-hotel-deals/,,Lead-in prices,"United Kingdom from £18 a night, England from £26, London from £34, City of London from £45, luxury London from £80 — checked 19 September 2026",,,,,,own_review,2026-09-19,false,high,current,
laterooms-hotel-deals__liability-cap,Hotels,laterooms-hotel-deals,LateRooms Hotel Deals,https://compare100.com/laterooms-hotel-deals/,,Liability cap,"""Our liability to you is limited to the amount you paid us for the booking""",,,,,,own_review,2026-09-19,false,high,current,
laterooms-hotel-deals__membership,Hotels,laterooms-hotel-deals,LateRooms Hotel Deals,https://compare100.com/laterooms-hotel-deals/,,Membership,"Free to join; ""save up to 15% on over 100,000 hotels""",,,,,,own_review,2026-09-19,false,high,current,
laterooms-hotel-deals__price-promise,Hotels,laterooms-hotel-deals,LateRooms Hotel Deals,https://compare100.com/laterooms-hotel-deals/,,Price Promise,"Refunds the difference if the same room is found cheaper elsewhere, claimed within 24 hours of booking",24,,,,,own_review,2026-09-19,false,high,current,
laterooms-hotel-deals__rules-that-apply,Hotels,laterooms-hotel-deals,LateRooms Hotel Deals,https://compare100.com/laterooms-hotel-deals/,,Rules that apply,"No financial regulator; hotel-only bookings sit outside ATOL, and the site names no ABTA membership or ADR scheme",,,,,,own_review,2026-09-19,false,high,current,
laterooms-hotel-deals__who-supplies-the-rooms,Hotels,laterooms-hotel-deals,LateRooms Hotel Deals,https://compare100.com/laterooms-hotel-deals/,,Who supplies the rooms,"Hotelbeds and its hotel partners; LateRooms ""act[s] as an intermediary"" and the accommodation contract is with the supplier",,,,,,own_review,2026-09-19,false,high,current,
laterooms-hotel-deals__who-you-are-booking-with,Hotels,laterooms-hotel-deals,LateRooms Hotel Deals,https://compare100.com/laterooms-hotel-deals/,,Who you are booking with,"Snaptrip Group Limited, company 08774859, trading as LateRooms; VAT 201864825; registered LG.03 Cargo Works, 1–2 Hatfields, London SE1 9PG",,,,,,own_review,2026-09-19,false,high,current,
leeds-building-society-cash-isa__1-year-fixed-isa,ISA's,leeds-building-society-cash-isa,Leeds Building Society Cash ISA Review,https://compare100.com/leeds-building-society-cash-isa/,,1-year fixed ISA,4.50% AER fixed — best one-year rate in this comparison,4.50,,,,,own_review,2026-08-15,false,high,current,
leeds-building-society-cash-isa__access,ISA's,leeds-building-society-cash-isa,Leeds Building Society Cash ISA Review,https://compare100.com/leeds-building-society-cash-isa/,,Access,"Online, phone and a branch network concentrated in Yorkshire",,,,,,own_review,2026-08-15,false,high,current,
leeds-building-society-cash-isa__best-cash-isa-rate,ISA's,leeds-building-society-cash-isa,Leeds Building Society Cash ISA Review,https://compare100.com/leeds-building-society-cash-isa/,,Best cash ISA rate,4.50% AER fixed — best one-year rate in this comparison,4.50,,,,,own_review,2026-08-15,true,high,current,
leeds-building-society-cash-isa__fos-cases-h2-2025,ISA's,leeds-building-society-cash-isa,Leeds Building Society Cash ISA Review,https://compare100.com/leeds-building-society-cash-isa/,,"FOS cases, H2 2025","79 new cases (37 banking, 41 mortgages) — lowest here by a wide margin",,,,,,own_review,2026-08-15,false,high,current,
leeds-building-society-cash-isa__fscs,ISA's,leeds-building-society-cash-isa,Leeds Building Society Cash ISA Review,https://compare100.com/leeds-building-society-cash-isa/,,FSCS,"£120,000 per person, own banking licence",120000,,,GBP,,own_review,2026-08-15,false,high,current,
leeds-building-society-cash-isa__longer-fixed-terms,ISA's,leeds-building-society-cash-isa,Leeds Building Society Cash ISA Review,https://compare100.com/leeds-building-society-cash-isa/,,Longer fixed terms,Around 4.60% at five years; Nationwide edges it at three and five years,4.60,,,,,own_review,2026-08-15,false,high,current,
leeds-building-society-cash-isa__specific-rates-and-terms,ISA's,leeds-building-society-cash-isa,Leeds Building Society Cash ISA Review,https://compare100.com/leeds-building-society-cash-isa/,,Specific rates and terms,Vary by product and change frequently — confirm current figures before applying,,,,,,own_review,2026-08-15,false,high,current,
leeds-building-society-cash-isa__structure,ISA's,leeds-building-society-cash-isa,Leeds Building Society Cash ISA Review,https://compare100.com/leeds-building-society-cash-isa/,,Structure,"Building society, member-owned",,,,,,own_review,2026-08-15,false,high,current,
leeds-building-society-cash-isa__which-customer-score,ISA's,leeds-building-society-cash-isa,Leeds Building Society Cash ISA Review,https://compare100.com/leeds-building-society-cash-isa/,,Which? customer score,77% — 5th of 39 providers surveyed,,,,,,own_review,2026-08-15,false,high,current,
leeds-building-society-cash-isa__which-interest-rate-score,ISA's,leeds-building-society-cash-isa,Leeds Building Society Cash ISA Review,https://compare100.com/leeds-building-society-cash-isa/,,Which? interest-rate score,87% — second highest here,87,,,,,own_review,2026-08-15,false,high,current,
leeds-building-society-cash-isa__which-recommended-provider,ISA's,leeds-building-society-cash-isa,Leeds Building Society Cash ISA Review,https://compare100.com/leeds-building-society-cash-isa/,,Which? Recommended Provider,Yes — one of only 8 of 39,,,,,,own_review,2026-08-15,false,high,current,
lloyds-bank-cash-isa__1-year-fixed,ISA's,lloyds-bank-cash-isa,Lloyds Bank Cash ISA Review,https://compare100.com/lloyds-bank-cash-isa/,,1-year fixed,"4.00% AER (+0.20% for Club Lloyds Premier), minimum £500",,,,,,own_review,2026-08-15,false,high,current,
lloyds-bank-cash-isa__2-year-fixed,ISA's,lloyds-bank-cash-isa,Lloyds Bank Cash ISA Review,https://compare100.com/lloyds-bank-cash-isa/,,2-year fixed,"4.10% AER, minimum £500",,,,,,own_review,2026-08-15,false,high,current,
lloyds-bank-cash-isa__best-cash-isa-rate,ISA's,lloyds-bank-cash-isa,Lloyds Bank Cash ISA Review,https://compare100.com/lloyds-bank-cash-isa/,,Best cash ISA rate,4.10% AER — 2-year fixed. Easy-access Saver pays 0.75%,,,,,,own_review,2026-08-15,true,high,current,
lloyds-bank-cash-isa__cash-isa-saver-1-to-24-999,ISA's,lloyds-bank-cash-isa,Lloyds Bank Cash ISA Review,https://compare100.com/lloyds-bank-cash-isa/,,"Cash ISA Saver — £1 to £24,999",0.75% AER variable,0.75,,,,,own_review,2026-08-15,false,high,current,
lloyds-bank-cash-isa__cash-isa-saver-100-000,ISA's,lloyds-bank-cash-isa,Lloyds Bank Cash ISA Review,https://compare100.com/lloyds-bank-cash-isa/,,"Cash ISA Saver — £100,000+",1.00% AER variable,1.00,,,,,own_review,2026-08-15,false,high,current,
lloyds-bank-cash-isa__cash-isa-saver-25-000-to-99-999,ISA's,lloyds-bank-cash-isa,Lloyds Bank Cash ISA Review,https://compare100.com/lloyds-bank-cash-isa/,,"Cash ISA Saver — £25,000 to £99,999",0.90% AER variable,0.90,,,,,own_review,2026-08-15,false,high,current,
lloyds-bank-cash-isa__club-lloyds-uplift,ISA's,lloyds-bank-cash-isa,Lloyds Bank Cash ISA Review,https://compare100.com/lloyds-bank-cash-isa/,,Club Lloyds uplift,"+0.20% AER, so 1.20% at best on the Saver",,,,,,own_review,2026-08-15,false,high,current,
lloyds-bank-cash-isa__flexible-isa,ISA's,lloyds-bank-cash-isa,Lloyds Bank Cash ISA Review,https://compare100.com/lloyds-bank-cash-isa/,,Flexible ISA,"Yes, with unlimited fee-free withdrawals",,,,,,own_review,2026-08-15,false,high,current,
lloyds-bank-cash-isa__fos-cases-h2-2025,ISA's,lloyds-bank-cash-isa,Lloyds Bank Cash ISA Review,https://compare100.com/lloyds-bank-cash-isa/,,"FOS cases, H2 2025","4,596 new cases, up 57% on H1 2025",,,,,,own_review,2026-08-15,false,high,current,
lloyds-bank-cash-isa__interest-paid,ISA's,lloyds-bank-cash-isa,Lloyds Bank Cash ISA Review,https://compare100.com/lloyds-bank-cash-isa/,,Interest paid,Twice yearly — most rivals pay monthly,,,,,,own_review,2026-08-15,false,high,current,
lloyds-bank-cash-isa__junior-cash-isa,ISA's,lloyds-bank-cash-isa,Lloyds Bank Cash ISA Review,https://compare100.com/lloyds-bank-cash-isa/,,Junior Cash ISA,2.35% AER,2.35,,,,,own_review,2026-08-15,false,high,current,
lloyds-bank-cash-isa__limited-access-isa,ISA's,lloyds-bank-cash-isa,Lloyds Bank Cash ISA Review,https://compare100.com/lloyds-bank-cash-isa/,,Limited Access ISA,3.00% AER with 2 or fewer withdrawals; 0.65% from the 3rd withdrawal,,,,,,own_review,2026-08-15,false,high,current,
lloyds-bank-cash-isa__which-scores,ISA's,lloyds-bank-cash-isa,Lloyds Bank Cash ISA Review,https://compare100.com/lloyds-bank-cash-isa/,,Which? scores,"67% customer, 43% interest rate — lowest of the five providers compared here",,,,,,own_review,2026-08-15,false,high,current,
moneybox-cash-isa__access,ISA's,moneybox-cash-isa,Moneybox Cash ISA Review,https://compare100.com/moneybox-cash-isa/,,Access,"App and web, 18+, UK resident",18,,,,,own_review,2026-08-15,false,high,current,
moneybox-cash-isa__best-cash-isa-rate,ISA's,moneybox-cash-isa,Moneybox Cash ISA Review,https://compare100.com/moneybox-cash-isa/,,Best cash ISA rate,4.00% AER variable — includes a 0.55% bonus for 12 months,,,,,,own_review,2026-08-15,true,high,current,
moneybox-cash-isa__cash-isa-rate,ISA's,moneybox-cash-isa,Moneybox Cash ISA Review,https://compare100.com/moneybox-cash-isa/,,Cash ISA rate,4.00% AER variable — 3.45% underlying plus a 0.55% bonus for 12 months,,,,,,own_review,2026-08-15,false,high,current,
moneybox-cash-isa__flexible-isa,ISA's,moneybox-cash-isa,Moneybox Cash ISA Review,https://compare100.com/moneybox-cash-isa/,,Flexible ISA,Yes — withdrawals can be replaced within the same tax year without using allowance,,,,,,own_review,2026-08-15,false,high,current,
moneybox-cash-isa__fscs,ISA's,moneybox-cash-isa,Moneybox Cash ISA Review,https://compare100.com/moneybox-cash-isa/,,FSCS,"Protected, but held across a 15-bank panel rather than by Moneybox — see below",15,,,,,own_review,2026-08-15,false,high,current,
moneybox-cash-isa__interest-paid,ISA's,moneybox-cash-isa,Moneybox Cash ISA Review,https://compare100.com/moneybox-cash-isa/,,Interest paid,"Monthly, on the 1st",1,,,,,own_review,2026-08-15,false,high,current,
moneybox-cash-isa__joint-accounts,ISA's,moneybox-cash-isa,Moneybox Cash ISA Review,https://compare100.com/moneybox-cash-isa/,,Joint accounts,Not available (ISAs are individual by law),,,,,,own_review,2026-08-15,false,high,current,
moneybox-cash-isa__minimum-to-open-cash-isa,ISA's,moneybox-cash-isa,Moneybox Cash ISA Review,https://compare100.com/moneybox-cash-isa/,,Minimum to open (Cash ISA),"£500, and the balance must stay above £500",,,,,,own_review,2026-08-15,false,high,current,
moneybox-cash-isa__open-access-cash-isa,ISA's,moneybox-cash-isa,Moneybox Cash ISA Review,https://compare100.com/moneybox-cash-isa/,,Open Access Cash ISA,"3.80% AER variable, minimum £1, unlimited withdrawals",,,,,,own_review,2026-08-15,false,high,current,
moneybox-cash-isa__transfers-in,ISA's,moneybox-cash-isa,Moneybox Cash ISA Review,https://compare100.com/moneybox-cash-isa/,,Transfers in,Accepted,,,,,,own_review,2026-08-15,false,high,current,
moneybox-cash-isa__which-customer-score,ISA's,moneybox-cash-isa,Moneybox Cash ISA Review,https://compare100.com/moneybox-cash-isa/,,Which? customer score,73% (August 2026 survey),,,,,,own_review,2026-08-15,false,high,current,
moneybox-cash-isa__withdrawal-penalty,ISA's,moneybox-cash-isa,Moneybox Cash ISA Review,https://compare100.com/moneybox-cash-isa/,,Withdrawal penalty,"Rate drops to 0.75% AER on the 4th withdrawal in 12 months, or if the balance falls below £500",,,,,,own_review,2026-08-15,false,high,current,
nationwide-cash-isa__1-year-fixed-isa,ISA's,nationwide-cash-isa,Nationwide Cash ISA Review,https://compare100.com/nationwide-cash-isa/,,1-year fixed ISA,4.40% AER fixed,4.40,,,,,own_review,2026-08-15,false,high,current,
nationwide-cash-isa__1-year-triple-access-isa,ISA's,nationwide-cash-isa,Nationwide Cash ISA Review,https://compare100.com/nationwide-cash-isa/,,1 Year Triple Access ISA,3.30% AER variable; drops to 1.05% on the 4th withdrawal,,,,,,own_review,2026-08-15,false,high,current,
nationwide-cash-isa__2-year-fixed-isa,ISA's,nationwide-cash-isa,Nationwide Cash ISA Review,https://compare100.com/nationwide-cash-isa/,,2-year fixed ISA,4.50% AER fixed,4.50,,,,,own_review,2026-08-15,false,high,current,
nationwide-cash-isa__3-year-fixed-isa,ISA's,nationwide-cash-isa,Nationwide Cash ISA Review,https://compare100.com/nationwide-cash-isa/,,3-year fixed ISA,4.65% AER fixed,4.65,,,,,own_review,2026-08-15,false,high,current,
nationwide-cash-isa__5-year-fixed-isa,ISA's,nationwide-cash-isa,Nationwide Cash ISA Review,https://compare100.com/nationwide-cash-isa/,,5-year fixed ISA,4.70% AER fixed — highest rate in this comparison,4.70,,,,,own_review,2026-08-15,false,high,current,
nationwide-cash-isa__best-cash-isa-rate,ISA's,nationwide-cash-isa,Nationwide Cash ISA Review,https://compare100.com/nationwide-cash-isa/,,Best cash ISA rate,4.70% AER — 5-year fixed. 4.40% at one year,,,,,,own_review,2026-08-15,true,high,current,
nationwide-cash-isa__early-access-on-fixed,ISA's,nationwide-cash-isa,Nationwide Cash ISA Review,https://compare100.com/nationwide-cash-isa/,,Early access on fixed,Account closure plus an early access charge — not partial withdrawal,,,,,,own_review,2026-08-15,false,high,current,
nationwide-cash-isa__eligibility,ISA's,nationwide-cash-isa,Nationwide Cash ISA Review,https://compare100.com/nationwide-cash-isa/,,Eligibility,"UK residents 18+, sole accounts only",18,,,,,own_review,2026-08-15,false,high,current,
nationwide-cash-isa__fos-cases-h2-2025,ISA's,nationwide-cash-isa,Nationwide Cash ISA Review,https://compare100.com/nationwide-cash-isa/,,"FOS cases, H2 2025","3,001 new cases, up 69% on H1 2025",,,,,,own_review,2026-08-15,false,high,current,
nationwide-cash-isa__mutual-benefit,ISA's,nationwide-cash-isa,Nationwide Cash ISA Review,https://compare100.com/nationwide-cash-isa/,,Mutual benefit,£100 Fairer Share paid to ~4.4m members from June 2026 — ISA eligibility unverified,,,,,,own_review,2026-08-15,false,high,current,
nationwide-cash-isa__own-complaints-data,ISA's,nationwide-cash-isa,Nationwide Cash ISA Review,https://compare100.com/nationwide-cash-isa/,,Own complaints data,"52.41% of banking complaints upheld, Apr–Sep 2025",,,,,,own_review,2026-08-15,false,high,current,
nationwide-cash-isa__which-customer-score,ISA's,nationwide-cash-isa,Nationwide Cash ISA Review,https://compare100.com/nationwide-cash-isa/,,Which? customer score,77% (joint highest here with Leeds Building Society),77,,,,,own_review,2026-08-15,false,high,current,
nationwide-cash-isa__which-interest-rate-score,ISA's,nationwide-cash-isa,Nationwide Cash ISA Review,https://compare100.com/nationwide-cash-isa/,,Which? interest-rate score,70%,70,,,,,own_review,2026-08-15,false,high,current,
trading-212-cash-isa__access,ISA's,trading-212-cash-isa,Trading 212 Cash ISA Review,https://compare100.com/trading-212-cash-isa/,,Access,"App and web only, no branches",,,,,,own_review,2026-08-15,false,high,current,
trading-212-cash-isa__best-cash-isa-rate,ISA's,trading-212-cash-isa,Trading 212 Cash ISA Review,https://compare100.com/trading-212-cash-isa/,,Best cash ISA rate,"Around 4.56% AER variable — no bonus, no withdrawal limits",4.56,,,,,own_review,2026-08-15,true,high,current,
trading-212-cash-isa__bonus-period,ISA's,trading-212-cash-isa,Trading 212 Cash ISA Review,https://compare100.com/trading-212-cash-isa/,,Bonus period,None — the headline rate is the actual rate,,,,,,own_review,2026-08-15,false,high,current,
trading-212-cash-isa__company-type,ISA's,trading-212-cash-isa,Trading 212 Cash ISA Review,https://compare100.com/trading-212-cash-isa/,,Company type,"Investment platform, FCA regulated",,,,,,own_review,2026-08-15,false,high,current,
trading-212-cash-isa__fos-cases-h2-2025,ISA's,trading-212-cash-isa,Trading 212 Cash ISA Review,https://compare100.com/trading-212-cash-isa/,,"FOS cases, H2 2025","308 new cases — 240 investments, 67 banking",,,,,,own_review,2026-08-15,false,high,current,
trading-212-cash-isa__minimum-deposit,ISA's,trading-212-cash-isa,Trading 212 Cash ISA Review,https://compare100.com/trading-212-cash-isa/,,Minimum deposit,£1,1,,,GBP,,own_review,2026-08-15,false,high,current,
trading-212-cash-isa__rate,ISA's,trading-212-cash-isa,Trading 212 Cash ISA Review,https://compare100.com/trading-212-cash-isa/,,Rate,Around 4.56% AER variable — confirm current rate before applying,4.56,,,,,own_review,2026-08-15,false,high,current,
trading-212-cash-isa__which-customer-score,ISA's,trading-212-cash-isa,Trading 212 Cash ISA Review,https://compare100.com/trading-212-cash-isa/,,Which? customer score,74%,74,,,,,own_review,2026-08-15,false,high,current,
trading-212-cash-isa__which-interest-rate-score,ISA's,trading-212-cash-isa,Trading 212 Cash ISA Review,https://compare100.com/trading-212-cash-isa/,,Which? interest-rate score,93% — highest in this comparison,93,,,,,own_review,2026-08-15,false,high,current,
trading-212-cash-isa__which-recommended-provider,ISA's,trading-212-cash-isa,Trading 212 Cash ISA Review,https://compare100.com/trading-212-cash-isa/,,Which? Recommended Provider,No,,,,,,own_review,2026-08-15,false,high,current,
trading-212-cash-isa__withdrawal-limits,ISA's,trading-212-cash-isa,Trading 212 Cash ISA Review,https://compare100.com/trading-212-cash-isa/,,Withdrawal limits,"None — no penalty rate, no cap",,,,,,own_review,2026-08-15,false,high,current,
carphone-warehouse-phones__cancelling-an-online-order,Just Phones,carphone-warehouse-phones,"Carphone Warehouse Phones: Prices, Networks and the Small Print",https://compare100.com/carphone-warehouse-phones/,,Cancelling an online order,"14 calendar days from the day after delivery, then 14 days to return",,,,,,own_review,2026-09-04,false,high,current,
carphone-warehouse-phones__delivery,Just Phones,carphone-warehouse-phones,"Carphone Warehouse Phones: Prices, Networks and the Small Print",https://compare100.com/carphone-warehouse-phones/,,Delivery,"Free next-day to mainland UK, order by 8pm, seven days a week",8,,,,,own_review,2026-09-04,false,high,current,
carphone-warehouse-phones__former-company-name,Just Phones,carphone-warehouse-phones,"Carphone Warehouse Phones: Prices, Networks and the Small Print",https://compare100.com/carphone-warehouse-phones/,,Former company name,The Carphone Warehouse Limited until 4 October 2021,,,,,,own_review,2026-09-04,false,high,current,
carphone-warehouse-phones__networks-sold,Just Phones,carphone-warehouse-phones,"Carphone Warehouse Phones: Prices, Networks and the Small Print",https://compare100.com/carphone-warehouse-phones/,,Networks sold,"Vodafone, VOXI and iD Mobile",,,,,,own_review,2026-09-04,false,high,current,
carphone-warehouse-phones__operated-by,Just Phones,carphone-warehouse-phones,"Carphone Warehouse Phones: Prices, Networks and the Small Print",https://compare100.com/carphone-warehouse-phones/,,Operated by,"Currys Retail Limited, company 02142673, Newark NG24 2NH",,,,,,own_review,2026-09-04,false,high,current,
carphone-warehouse-phones__parent,Just Phones,carphone-warehouse-phones,"Carphone Warehouse Phones: Prices, Networks and the Small Print",https://compare100.com/carphone-warehouse-phones/,,Parent,"Currys plc, £9,254m revenue and 691 stores in the year to 2 May 2026",,,,,,own_review,2026-09-04,false,high,current,
carphone-warehouse-phones__pay-monthly-handsets,Just Phones,carphone-warehouse-phones,"Carphone Warehouse Phones: Prices, Networks and the Small Print",https://compare100.com/carphone-warehouse-phones/,,Pay monthly handsets,From £14.99 a month; 110 Vodafone and 139 iD Mobile deals listed,,,,,,own_review,2026-09-04,false,high,current,
carphone-warehouse-phones__refurbished-stock,Just Phones,carphone-warehouse-phones,"Carphone Warehouse Phones: Prices, Networks and the Small Print",https://compare100.com/carphone-warehouse-phones/,,Refurbished stock,"12-month Currys guarantee, battery at 80% capacity or better",,,,,,own_review,2026-09-04,false,high,current,
carphone-warehouse-phones__sales-line,Just Phones,carphone-warehouse-phones,"Carphone Warehouse Phones: Prices, Networks and the Small Print",https://compare100.com/carphone-warehouse-phones/,,Sales line,"0330 678 1447, Monday 9am–5.30pm, Tuesday to Friday 9am–7pm, Saturday 9am–5.30pm",,,,,,own_review,2026-09-04,false,high,current,
carphone-warehouse-phones__sim-only,Just Phones,carphone-warehouse-phones,"Carphone Warehouse Phones: Prices, Networks and the Small Print",https://compare100.com/carphone-warehouse-phones/,,SIM only,"From £6 a month; 72 plans over 1, 12 and 24 months",,,,,,own_review,2026-09-04,false,high,current,
aviva-landlord-insurance-review__accidental-damage,Landlord's Insurance,aviva-landlord-insurance-review,Aviva Landlord Insurance Review,https://compare100.com/aviva-landlord-insurance-review/,,Accidental damage,"Optional extra, not standard",,,,,,own_review,2026-08-26,false,high,current,
aviva-landlord-insurance-review__broker-property-owners-wording,Landlord's Insurance,aviva-landlord-insurance-review,Aviva Landlord Insurance Review,https://compare100.com/aviva-landlord-insurance-review/,,Broker Property Owners wording,"Loss of rent 30% of buildings sum insured, 36-month indemnity period",,,,,,own_review,2026-08-26,false,high,current,
aviva-landlord-insurance-review__buildings-and-contents-sum-insured,Landlord's Insurance,aviva-landlord-insurance-review,Aviva Landlord Insurance Review,https://compare100.com/aviva-landlord-insurance-review/,,Buildings and contents sum insured,"Unlimited, if 5 bedrooms or fewer, standard construction and unlisted",5,,,,,own_review,2026-08-26,false,high,current,
aviva-landlord-insurance-review__complaints,Landlord's Insurance,aviva-landlord-insurance-review,Aviva Landlord Insurance Review,https://compare100.com/aviva-landlord-insurance-review/,,Complaints,"2.72 per 1,000 policies, 52.6% upheld, six months to 31 December 2025",,,,,,own_review,2026-08-26,false,high,current,
aviva-landlord-insurance-review__home-emergency-add-on,Landlord's Insurance,aviva-landlord-insurance-review,Aviva Landlord Insurance Review,https://compare100.com/aviva-landlord-insurance-review/,,Home emergency add-on,"£4,000 a claim, £50 excess, 14-day wait before it starts",,,,,,own_review,2026-08-26,false,high,current,
aviva-landlord-insurance-review__included-as-standard,Landlord's Insurance,aviva-landlord-insurance-review,Aviva Landlord Insurance Review,https://compare100.com/aviva-landlord-insurance-review/,,Included as standard,"Subsidence, flood, loss of rent, tenant rehousing, employers' liability",,,,,,own_review,2026-08-26,false,high,current,
aviva-landlord-insurance-review__properties-per-policy,Landlord's Insurance,aviva-landlord-insurance-review,Aviva Landlord Insurance Review,https://compare100.com/aviva-landlord-insurance-review/,,Properties per policy,Up to 3; a fourth means a broker and a different contract,3,,,,,own_review,2026-08-26,false,high,current,
aviva-landlord-insurance-review__rent-guarantee,Landlord's Insurance,aviva-landlord-insurance-review,Aviva Landlord Insurance Review,https://compare100.com/aviva-landlord-insurance-review/,,Rent guarantee,Not sold at all,,,,,,own_review,2026-08-26,false,high,current,
aviva-landlord-insurance-review__sold-as,Landlord's Insurance,aviva-landlord-insurance-review,Aviva Landlord Insurance Review,https://compare100.com/aviva-landlord-insurance-review/,,Sold as,"AvivaPlus Landlord Insurance, direct from aviva.co.uk",,,,,,own_review,2026-08-26,false,high,current,
aviva-landlord-insurance-review__underwriter,Landlord's Insurance,aviva-landlord-insurance-review,Aviva Landlord Insurance Review,https://compare100.com/aviva-landlord-insurance-review/,,Underwriter,"Aviva Insurance Limited, registered in Scotland no. 2116, firm reference 202153",,,,,,own_review,2026-08-26,false,high,current,
axa-landlord-insurance-review__complaints,Landlord's Insurance,axa-landlord-insurance-review,AXA Landlord Insurance Review,https://compare100.com/axa-landlord-insurance-review/,,Complaints,"18,717 opened at AXA Insurance UK plc in the six months to 30 June 2026",,,,,,own_review,2026-08-26,false,high,current,
axa-landlord-insurance-review__empty-property-limit,Landlord's Insurance,axa-landlord-insurance-review,AXA Landlord Insurance Review,https://compare100.com/axa-landlord-insurance-review/,,Empty property limit,45 consecutive days,45,,,,,own_review,2026-08-26,false,high,current,
axa-landlord-insurance-review__loss-of-rent,Landlord's Insurance,axa-landlord-insurance-review,AXA Landlord Insurance Review,https://compare100.com/axa-landlord-insurance-review/,,Loss of rent,"Up to 36 months; £2,500,000 limit on the broker SME wording",,,,,,own_review,2026-08-26,false,high,current,
axa-landlord-insurance-review__malicious-damage-or-theft-by-tenants,Landlord's Insurance,axa-landlord-insurance-review,AXA Landlord Insurance Review,https://compare100.com/axa-landlord-insurance-review/,,Malicious damage or theft by tenants,"£5,000 any one period",5000,,,GBP,,own_review,2026-08-26,false,high,current,
axa-landlord-insurance-review__properties-per-policy,Landlord's Insurance,axa-landlord-insurance-review,AXA Landlord Insurance Review,https://compare100.com/axa-landlord-insurance-review/,,Properties per policy,Up to 10 online; up to 20 locations on the broker SME wording,,,,,,own_review,2026-08-26,false,high,current,
axa-landlord-insurance-review__property-owners-liability,Landlord's Insurance,axa-landlord-insurance-review,AXA Landlord Insurance Review,https://compare100.com/axa-landlord-insurance-review/,,Property owners' liability,"£1,000,000 to £10,000,000 depending on wording",,,,,,own_review,2026-08-26,false,high,current,
axa-landlord-insurance-review__quoted-from,Landlord's Insurance,axa-landlord-insurance-review,AXA Landlord Insurance Review,https://compare100.com/axa-landlord-insurance-review/,,Quoted from,"£15 a month (10% of customers, April–June 2026)",,,,,,own_review,2026-08-26,false,high,current,
axa-landlord-insurance-review__sold-by,Landlord's Insurance,axa-landlord-insurance-review,AXA Landlord Insurance Review,https://compare100.com/axa-landlord-insurance-review/,,Sold by,"AXA Business Insurance (axa.co.uk), plus broker versions via AXA Connect",,,,,,own_review,2026-08-26,false,high,current,
axa-landlord-insurance-review__trace-and-access,Landlord's Insurance,axa-landlord-insurance-review,AXA Landlord Insurance Review,https://compare100.com/axa-landlord-insurance-review/,,Trace and access,"£10,000 any one period of insurance",10000,,,GBP,,own_review,2026-08-26,false,high,current,
axa-landlord-insurance-review__underwriter,Landlord's Insurance,axa-landlord-insurance-review,AXA Landlord Insurance Review,https://compare100.com/axa-landlord-insurance-review/,,Underwriter,"AXA Insurance UK plc, company number 00078950, firm reference 202312",,,,,,own_review,2026-08-26,false,high,current,
direct-line-landlord-insurance-review__boiler-breakdown,Landlord's Insurance,direct-line-landlord-insurance-review,Direct Line Landlord Insurance,https://compare100.com/direct-line-landlord-insurance-review/,,Boiler breakdown,Included as standard — £200 excess,200,,,GBP,,own_review,2026-08-21,false,high,current,
direct-line-landlord-insurance-review__empty-property,Landlord's Insurance,direct-line-landlord-insurance-review,Direct Line Landlord Insurance,https://compare100.com/direct-line-landlord-insurance-review/,,Empty property,Tell the insurer within 30 days; inspections every 7 days,,,,,,own_review,2026-08-21,false,high,current,
direct-line-landlord-insurance-review__landlord-emergency-optional,Landlord's Insurance,direct-line-landlord-insurance-review,Direct Line Landlord Insurance,https://compare100.com/direct-line-landlord-insurance-review/,,Landlord Emergency (optional),"Up to £1,500 including VAT per claim",1500,,,GBP,,own_review,2026-08-21,false,high,current,
direct-line-landlord-insurance-review__properties-insured,Landlord's Insurance,direct-line-landlord-insurance-review,Direct Line Landlord Insurance,https://compare100.com/direct-line-landlord-insurance-review/,,Properties insured,"More than 350,000",350000,,,,,own_review,2026-08-21,false,high,current,
direct-line-landlord-insurance-review__property-owners-liability,Landlord's Insurance,direct-line-landlord-insurance-review,Direct Line Landlord Insurance,https://compare100.com/direct-line-landlord-insurance-review/,,Property owners' liability,"£2 million standard, up to £10 million",,,,,,own_review,2026-08-21,false,high,current,
direct-line-landlord-insurance-review__quote-validity,Landlord's Insurance,direct-line-landlord-insurance-review,Direct Line Landlord Insurance,https://compare100.com/direct-line-landlord-insurance-review/,,Quote validity,30 days,30,,,,,own_review,2026-08-21,false,high,current,
direct-line-landlord-insurance-review__rent-guarantee-optional,Landlord's Insurance,direct-line-landlord-insurance-review,Direct Line Landlord Insurance,https://compare100.com/direct-line-landlord-insurance-review/,,Rent guarantee (optional),"Up to £250,000, 12 months of arrears per claim, no excess",,,,,,own_review,2026-08-21,false,high,current,
direct-line-landlord-insurance-review__sold-by,Landlord's Insurance,direct-line-landlord-insurance-review,Direct Line Landlord Insurance,https://compare100.com/direct-line-landlord-insurance-review/,,Sold by,"Direct Line for Business — direct only, not on comparison sites",,,,,,own_review,2026-08-21,false,high,current,
direct-line-landlord-insurance-review__tenant-alternative-accommodation,Landlord's Insurance,direct-line-landlord-insurance-review,Direct Line Landlord Insurance,https://compare100.com/direct-line-landlord-insurance-review/,,Tenant alternative accommodation,"Up to £100,000",100000,,,GBP,,own_review,2026-08-21,false,high,current,
direct-line-landlord-insurance-review__underwriter,Landlord's Insurance,direct-line-landlord-insurance-review,Direct Line Landlord Insurance,https://compare100.com/direct-line-landlord-insurance-review/,,Underwriter,"U K Insurance Limited, firm reference 202810",202810,,,,,own_review,2026-08-21,false,high,current,
quotezone-landlord-insurance-review__advertised-saving,Landlord's Insurance,quotezone-landlord-insurance-review,Quotezone.co.uk Landlord Insurance,https://compare100.com/quotezone-landlord-insurance-review/,,Advertised saving,"None published for landlord cover, unlike £535.17 (car) and £257.05 (home)",,,,,,own_review,2026-08-17,false,high,current,
quotezone-landlord-insurance-review__complaints,Landlord's Insurance,quotezone-landlord-insurance-review,Quotezone.co.uk Landlord Insurance,https://compare100.com/quotezone-landlord-insurance-review/,,Complaints,"Service complaints to Seopa, then the Financial Ombudsman Service; policy and claims complaints go to the insurer",,,,,,own_review,2026-08-17,false,high,current,
quotezone-landlord-insurance-review__cost-to-you,Landlord's Insurance,quotezone-landlord-insurance-review,Quotezone.co.uk Landlord Insurance,https://compare100.com/quotezone-landlord-insurance-review/,,Cost to you,"Nothing — providers pay a flat fee, a commission, or both",,,,,,own_review,2026-08-17,false,high,current,
quotezone-landlord-insurance-review__empty-property,Landlord's Insurance,quotezone-landlord-insurance-review,Quotezone.co.uk Landlord Insurance,https://compare100.com/quotezone-landlord-insurance-review/,,Empty property,Standard cover typically lapses after 30 to 60 consecutive days — clock starts when the tenant leaves,,,,,,own_review,2026-08-17,false,high,current,
quotezone-landlord-insurance-review__fca-firm-reference,Landlord's Insurance,quotezone-landlord-insurance-review,Quotezone.co.uk Landlord Insurance,https://compare100.com/quotezone-landlord-insurance-review/,,FCA firm reference,313860 — non-investment insurance intermediary and credit broker,313860,,,,,own_review,2026-08-17,false,high,current,
quotezone-landlord-insurance-review__fscs,Landlord's Insurance,quotezone-landlord-insurance-review,Quotezone.co.uk Landlord Insurance,https://compare100.com/quotezone-landlord-insurance-review/,,FSCS,"Insurance mediation covered at 90% of the claim, no upper limit",90,,,,,own_review,2026-08-17,false,high,current,
quotezone-landlord-insurance-review__ico-registration,Landlord's Insurance,quotezone-landlord-insurance-review,Quotezone.co.uk Landlord Insurance,https://compare100.com/quotezone-landlord-insurance-review/,,ICO registration,"Z8733752, as data controller",8733752,,,,,own_review,2026-08-17,false,high,current,
quotezone-landlord-insurance-review__landlord-panel,Landlord's Insurance,quotezone-landlord-insurance-review,Quotezone.co.uk Landlord Insurance,https://compare100.com/quotezone-landlord-insurance-review/,,Landlord panel,"Stated as 35+ providers, largely brokers and schemes rather than insurers direct",35,,,,,own_review,2026-08-17,false,high,current,
quotezone-landlord-insurance-review__median-uk-landlord-premium,Landlord's Insurance,quotezone-landlord-insurance-review,Quotezone.co.uk Landlord Insurance,https://compare100.com/quotezone-landlord-insurance-review/,,Median UK landlord premium,"£284.75 a year (Alan Boswell market analysis, 2026)",,,,,,own_review,2026-08-17,false,high,current,
quotezone-landlord-insurance-review__operated-by,Landlord's Insurance,quotezone-landlord-insurance-review,Quotezone.co.uk Landlord Insurance,https://compare100.com/quotezone-landlord-insurance-review/,,Operated by,"Seopa Limited, 5th Floor Link Building, Adelaide Exchange, Belfast · company NI46322",,,,,,own_review,2026-08-17,false,high,current,
quotezone-landlord-insurance-review__postcode-spread,Landlord's Insurance,quotezone-landlord-insurance-review,Quotezone.co.uk Landlord Insurance,https://compare100.com/quotezone-landlord-insurance-review/,,Postcode spread,"£73.09 (HR4) to £1,470.31 (NW3)",,,,,,own_review,2026-08-17,false,high,current,
quotezone-landlord-insurance-review__property-owners-liability,Landlord's Insurance,quotezone-landlord-insurance-review,Quotezone.co.uk Landlord Insurance,https://compare100.com/quotezone-landlord-insurance-review/,,Property owners' liability,£2m is the usual landlord benchmark; £5m+ on commercial premises,,,,,,own_review,2026-08-17,false,high,current,
quotezone-landlord-insurance-review__routes-quoted,Landlord's Insurance,quotezone-landlord-insurance-review,Quotezone.co.uk Landlord Insurance,https://compare100.com/quotezone-landlord-insurance-review/,,Routes quoted,Buildings · contents · liability · rent guarantee · HMO · multi-property · blocks of flats · student · DSS · unoccupied,,,,,,own_review,2026-08-17,false,high,current,
quotezone-landlord-insurance-review__site-s-own-review-score,Landlord's Insurance,quotezone-landlord-insurance-review,Quotezone.co.uk Landlord Insurance,https://compare100.com/quotezone-landlord-insurance-review/,,Site's own review score,"4.71/5 from 3,435 reviews; 97% would recommend — self-published, not independently audited",,,,,,own_review,2026-08-17,false,high,current,
quotezone-landlord-insurance-review__what-it-is,Landlord's Insurance,quotezone-landlord-insurance-review,Quotezone.co.uk Landlord Insurance,https://compare100.com/quotezone-landlord-insurance-review/,,What it is,A quote comparison and introduction service — not an insurer,,,,,,own_review,2026-08-17,false,high,current,
saga-landlord-insurance-review__arranged-by,Landlord's Insurance,saga-landlord-insurance-review,Saga Landlord Insurance Review,https://compare100.com/saga-landlord-insurance-review/,,Arranged by,Uinsure Limited (FRN 463689) since 1 October 2024,,,,,,own_review,2026-08-30,false,high,current,
saga-landlord-insurance-review__buildings-cover,Landlord's Insurance,saga-landlord-insurance-review,Saga Landlord Insurance Review,https://compare100.com/saga-landlord-insurance-review/,,Buildings cover,"Up to £1,000,000, or rebuild cost for a flat",1000000,,,GBP,,own_review,2026-08-30,false,high,current,
saga-landlord-insurance-review__contents-cover,Landlord's Insurance,saga-landlord-insurance-review,Saga Landlord Insurance Review,https://compare100.com/saga-landlord-insurance-review/,,Contents cover,"£15,000 or £35,000",,,,,,own_review,2026-08-30,false,high,current,
saga-landlord-insurance-review__defaqto,Landlord's Insurance,saga-landlord-insurance-review,Saga Landlord Insurance Review,https://compare100.com/saga-landlord-insurance-review/,,Defaqto,5 Star landlord rating since 2015,,,,,,own_review,2026-08-30,false,high,current,
saga-landlord-insurance-review__home-emergency-optional,Landlord's Insurance,saga-landlord-insurance-review,Saga Landlord Insurance Review,https://compare100.com/saga-landlord-insurance-review/,,Home emergency (optional),"£1,000 per claim, unlimited claims",1000,,,GBP,,own_review,2026-08-30,false,high,current,
saga-landlord-insurance-review__legal-expenses-optional,Landlord's Insurance,saga-landlord-insurance-review,Saga Landlord Insurance Review,https://compare100.com/saga-landlord-insurance-review/,,Legal expenses (optional),"Up to £100,000",100000,,,GBP,,own_review,2026-08-30,false,high,current,
saga-landlord-insurance-review__loss-of-rent-alternative-accommodation,Landlord's Insurance,saga-landlord-insurance-review,Saga Landlord Insurance Review,https://compare100.com/saga-landlord-insurance-review/,,Loss of rent / alternative accommodation,20% of the buildings claim limit,20,,,,,own_review,2026-08-30,false,high,current,
saga-landlord-insurance-review__property-owners-liability,Landlord's Insurance,saga-landlord-insurance-review,Saga Landlord Insurance Review,https://compare100.com/saga-landlord-insurance-review/,,Property owners liability,"£2,000,000",2000000,,,GBP,,own_review,2026-08-30,false,high,current,
saga-landlord-insurance-review__rent-guarantee-optional,Landlord's Insurance,saga-landlord-insurance-review,Saga Landlord Insurance Review,https://compare100.com/saga-landlord-insurance-review/,,Rent guarantee (optional),"£2,500 a month for up to 12 months",,,,,,own_review,2026-08-30,false,high,current,
saga-landlord-insurance-review__sold-by,Landlord's Insurance,saga-landlord-insurance-review,Saga Landlord Insurance Review,https://compare100.com/saga-landlord-insurance-review/,,Sold by,Saga Services Limited (FRN 311557),311557,,,,,own_review,2026-08-30,false,high,current,
saga-landlord-insurance-review__unoccupancy-limit,Landlord's Insurance,saga-landlord-insurance-review,Saga Landlord Insurance Review,https://compare100.com/saga-landlord-insurance-review/,,Unoccupancy limit,60 consecutive days,60,,,,,own_review,2026-08-30,false,high,current,
legal-general-life-insurance__accidental-death-benefit,Life Insurance,legal-general-life-insurance,"Legal & General Life Insurance Review: Underwriting, Cover and Claims",https://compare100.com/legal-general-life-insurance/,,Accidental death benefit,"Up to £300,000 while the application is assessed",300000,,,GBP,,own_review,2026-09-03,false,high,current,
legal-general-life-insurance__age-at-application,Life Insurance,legal-general-life-insurance,"Legal & General Life Insurance Review: Underwriting, Cover and Claims",https://compare100.com/legal-general-life-insurance/,,Age at application,18 to 77 (18 to 67 with Critical Illness Cover added),,,,,,own_review,2026-09-03,false,high,current,
legal-general-life-insurance__complaints,Life Insurance,legal-general-life-insurance,"Legal & General Life Insurance Review: Underwriting, Cover and Claims",https://compare100.com/legal-general-life-insurance/,,Complaints,"0.76 per 1,000 policies in force, 34.96% upheld, six months to 30 June 2026",,,,,,own_review,2026-09-03,false,high,current,
legal-general-life-insurance__cooling-off-period,Life Insurance,legal-general-life-insurance,"Legal & General Life Insurance Review: Underwriting, Cover and Claims",https://compare100.com/legal-general-life-insurance/,,Cooling-off period,"30 days from receiving the welcome pack, premiums refunded",30,,,,,own_review,2026-09-03,false,high,current,
legal-general-life-insurance__cover-types,Life Insurance,legal-general-life-insurance,"Legal & General Life Insurance Review: Underwriting, Cover and Claims",https://compare100.com/legal-general-life-insurance/,,Cover types,"Level term or decreasing (mortgage) cover, single or joint life",,,,,,own_review,2026-09-03,false,high,current,
legal-general-life-insurance__independent-rating,Life Insurance,legal-general-life-insurance,"Legal & General Life Insurance Review: Underwriting, Cover and Claims",https://compare100.com/legal-general-life-insurance/,,Independent rating,Defaqto 5 Star (no year published); Moneyfacts Life Insurance Provider of the Year (Direct) 2026,,,,,,own_review,2026-09-03,false,high,current,
legal-general-life-insurance__insurer,Life Insurance,legal-general-life-insurance,"Legal & General Life Insurance Review: Underwriting, Cover and Claims",https://compare100.com/legal-general-life-insurance/,,Insurer,"Legal and General Assurance Society Limited, company 166055, firm reference 117659",,,,,,own_review,2026-09-03,false,high,current,
legal-general-life-insurance__life-claims-paid-2025,Life Insurance,legal-general-life-insurance,"Legal & General Life Insurance Review: Underwriting, Cover and Claims",https://compare100.com/legal-general-life-insurance/,,Life claims paid 2025,"£527m across nearly 14,000 payouts; average valid claim £37,788",,,,,,own_review,2026-09-03,false,high,current,
legal-general-life-insurance__missed-premiums,Life Insurance,legal-general-life-insurance,"Legal & General Life Insurance Review: Underwriting, Cover and Claims",https://compare100.com/legal-general-life-insurance/,,Missed premiums,Policy deemed cancelled 60 days after the due date,60,,,,,own_review,2026-09-03,false,high,current,
legal-general-life-insurance__policy-term,Life Insurance,legal-general-life-insurance,"Legal & General Life Insurance Review: Underwriting, Cover and Claims",https://compare100.com/legal-general-life-insurance/,,Policy term,"5 to 50 years; must end before age 90, and not before age 29 on decreasing cover",,,,,,own_review,2026-09-03,false,high,current,
legal-general-life-insurance__starting-premium,Life Insurance,legal-general-life-insurance,"Legal & General Life Insurance Review: Underwriting, Cover and Claims",https://compare100.com/legal-general-life-insurance/,,Starting premium,From £5 a month; L&G puts its own 2025 average at £26.33 a month,,,,,,own_review,2026-09-03,false,high,current,
legal-general-life-insurance__terminal-illness-cover,Life Insurance,legal-general-life-insurance,"Legal & General Life Insurance Review: Underwriting, Cover and Claims",https://compare100.com/legal-general-life-insurance/,,Terminal illness cover,"Included; 12-month prognosis, not payable if the term is under 2 years",,,,,,own_review,2026-09-03,false,high,current,
legal-general-life-insurance__trading-since,Life Insurance,legal-general-life-insurance,"Legal & General Life Insurance Review: Underwriting, Cover and Claims",https://compare100.com/legal-general-life-insurance/,,Trading since,1836,1836,,,,,own_review,2026-09-03,false,high,current,
legal-general-life-insurance__trusts,Life Insurance,legal-general-life-insurance,"Legal & General Life Insurance Review: Underwriting, Cover and Claims",https://compare100.com/legal-general-life-insurance/,,Trusts,Four trust options at no added cost,,,,,,own_review,2026-09-03,false,high,current,
barclays-personal-loan__early-settlement-charge,Loans,barclays-personal-loan,Barclays Personal Loan: the Rate You Only See Once You Bank There,https://compare100.com/barclays-personal-loan/,,Early settlement charge,A fee equal to 30 days' interest on the amount repaid; the 2004 regulations allow up to 58,,,,,,own_review,2026-09-13,false,high,current,
barclays-personal-loan__lender,Loans,barclays-personal-loan,Barclays Personal Loan: the Rate You Only See Once You Bank There,https://compare100.com/barclays-personal-loan/,,Lender,"Barclays Bank UK PLC, FCA firm reference 759676",759676,,,,,own_review,2026-09-13,false,high,current,
barclays-personal-loan__maximum-advance,Loans,barclays-personal-loan,Barclays Personal Loan: the Rate You Only See Once You Bank There,https://compare100.com/barclays-personal-loan/,,Maximum advance,"£50,000, over terms up to 5 years — or up to 10 years for “selected existing customers”",,,,,,own_review,2026-09-13,false,high,current,
barclays-personal-loan__price-guarantee,Loans,barclays-personal-loan,Barclays Personal Loan: the Rate You Only See Once You Bank There,https://compare100.com/barclays-personal-loan/,,Price guarantee,Beat a like-for-like APR within 30 days of signing and Barclays drops the rate to match,30,,,,,own_review,2026-09-13,false,high,current,
barclays-personal-loan__representative-apr,Loans,barclays-personal-loan,Barclays Personal Loan: the Rate You Only See Once You Bank There,https://compare100.com/barclays-personal-loan/,,Representative APR,"6.5% APR representative — Greener Home Loan, £7,500 to £15,000 over 2 to 5 years, up to £250 cashback",,,,,,own_review,2026-09-13,true,high,current,
barclays-personal-loan__scale,Loans,barclays-personal-loan,Barclays Personal Loan: the Rate You Only See Once You Bank There,https://compare100.com/barclays-personal-loan/,,Scale,Barclays UK held £220.8bn of loans and advances to customers at 30 June 2026,,,,,,own_review,2026-09-13,false,high,current,
barclays-personal-loan__who-can-get-a-rate,Loans,barclays-personal-loan,Barclays Personal Loan: the Rate You Only See Once You Bank There,https://compare100.com/barclays-personal-loan/,,Who can get a rate,"Holders of a Barclays current account or Barclaycard, with Online Banking or the app",,,,,,own_review,2026-09-13,false,high,current,
lloyds-bank-personal-loan__early-settlement-charge,Loans,lloyds-bank-personal-loan,Lloyds Bank Personal Loan,https://compare100.com/lloyds-bank-personal-loan/,,Early settlement charge,Up to 58 days' interest on the balance outstanding,58,,,,,own_review,2026-09-13,false,high,current,
lloyds-bank-personal-loan__entry-requirement,Loans,lloyds-bank-personal-loan,Lloyds Bank Personal Loan,https://compare100.com/lloyds-bank-personal-loan/,,Entry requirement,"Lloyds, Halifax or Bank of Scotland current account held for at least 1 month",1,,,,,own_review,2026-09-13,false,high,current,
lloyds-bank-personal-loan__funding-speed,Loans,lloyds-bank-personal-loan,Lloyds Bank Personal Loan,https://compare100.com/lloyds-bank-personal-loan/,,Funding speed,"Same day 9am–8.30pm, or by 9am next day",,,,,,own_review,2026-09-13,false,high,current,
lloyds-bank-personal-loan__lender,Loans,lloyds-bank-personal-loan,Lloyds Bank Personal Loan,https://compare100.com/lloyds-bank-personal-loan/,,Lender,"Lloyds Bank plc, company 00002065, FRN 119278, 25 Gresham Street, London EC2V 7HN",,,,,,own_review,2026-09-13,false,high,current,
lloyds-bank-personal-loan__loan-size,Loans,lloyds-bank-personal-loan,Lloyds Bank Personal Loan,https://compare100.com/lloyds-bank-personal-loan/,,Loan size,"£1,000 to £50,000",,,,,,own_review,2026-09-13,false,high,current,
lloyds-bank-personal-loan__overpayments,Loans,lloyds-bank-personal-loan,Lloyds Bank Personal Loan,https://compare100.com/lloyds-bank-personal-loan/,,Overpayments,"No charge, and they shorten the term",,,,,,own_review,2026-09-13,false,high,current,
lloyds-bank-personal-loan__published-rate-range,Loans,lloyds-bank-personal-loan,Lloyds Bank Personal Loan,https://compare100.com/lloyds-bank-personal-loan/,,Published rate range,From 5.9% APR to a maximum of 29.9% APR,,,,,,own_review,2026-09-13,false,high,current,
lloyds-bank-personal-loan__representative-apr,Loans,lloyds-bank-personal-loan,Lloyds Bank Personal Loan,https://compare100.com/lloyds-bank-personal-loan/,,Representative APR,"7.4% APR representative — £7,500 to £25,000 over 1 to 5 years (7.16% fixed annual rate)",,,,,,own_review,2026-09-13,true,high,current,
lloyds-bank-personal-loan__representative-apr,Loans,lloyds-bank-personal-loan,Lloyds Bank Personal Loan,https://compare100.com/lloyds-bank-personal-loan/,,Representative APR,"7.4% (£7,500–£25,000 over 1–5 years)",,,,,,own_review,2026-09-13,false,high,current,
lloyds-bank-personal-loan__representative-example,Loans,lloyds-bank-personal-loan,Lloyds Bank Personal Loan,https://compare100.com/lloyds-bank-personal-loan/,,Representative example,"£10,000 over 48 months at £240.21 a month, £11,530.08 total, 7.16% fixed",,,,,,own_review,2026-09-13,false,high,current,
lloyds-bank-personal-loan__term,Loans,lloyds-bank-personal-loan,Lloyds Bank Personal Loan,https://compare100.com/lloyds-bank-personal-loan/,,Term,1 to 7 years,,,,,,own_review,2026-09-13,false,high,current,
nationwide-mortgage-deals__early-repayment-charge,Mortgage Deals,nationwide-mortgage-deals,"Nationwide Mortgage Deals: 4.48% Fixed, Six Times Income, and a 6.49% Reversion Rate",https://compare100.com/nationwide-mortgage-deals/,,Early repayment charge,2% falling to 1% on a two-year fix; 6% for the first five years of a ten-year fix,,,,,,own_review,2026-09-22,false,high,current,
nationwide-mortgage-deals__first-time-buyer-cashback,Mortgage Deals,nationwide-mortgage-deals,"Nationwide Mortgage Deals: 4.48% Fixed, Six Times Income, and a 6.49% Reversion Rate",https://compare100.com/nationwide-mortgage-deals/,,First-time buyer cashback,"£500 on completion, plus £250–£500 Green Reward on an energy-efficient home",,,,,,own_review,2026-09-22,false,high,current,
nationwide-mortgage-deals__home-finance-complaints-upheld,Mortgage Deals,nationwide-mortgage-deals,"Nationwide Mortgage Deals: 4.48% Fixed, Six Times Income, and a 6.49% Reversion Rate",https://compare100.com/nationwide-mortgage-deals/,,Home finance complaints upheld,"56.36% of 6,915 complaints opened, 1 October 2025 to 31 March 2026",,,,,,own_review,2026-09-22,false,high,current,
nationwide-mortgage-deals__lender,Mortgage Deals,nationwide-mortgage-deals,"Nationwide Mortgage Deals: 4.48% Fixed, Six Times Income, and a 6.49% Reversion Rate",https://compare100.com/nationwide-mortgage-deals/,,Lender,"Nationwide Building Society, FRN 106078, Nationwide House, Pipers Way, Swindon SN38 1NW",,,,,,own_review,2026-09-22,false,high,current,
nationwide-mortgage-deals__lowest-advertised-fixed-rate,Mortgage Deals,nationwide-mortgage-deals,"Nationwide Mortgage Deals: 4.48% Fixed, Six Times Income, and a 6.49% Reversion Rate",https://compare100.com/nationwide-mortgage-deals/,,Lowest advertised fixed rate,"4.48% — 2-year fixed to 60% LTV, £1,499 product fee, home movers; rates effective 18 August 2026",,,,,,own_review,2026-09-22,true,high,current,
nationwide-mortgage-deals__lowest-advertised-fixed-rate,Mortgage Deals,nationwide-mortgage-deals,"Nationwide Mortgage Deals: 4.48% Fixed, Six Times Income, and a 6.49% Reversion Rate",https://compare100.com/nationwide-mortgage-deals/,,Lowest advertised fixed rate,"4.48% — 2-year fix, 60% LTV, £1,499 fee, home movers and remortgage (18 August 2026)",,,,,,own_review,2026-09-22,false,high,current,
nationwide-mortgage-deals__maximum-income-multiple,Mortgage Deals,nationwide-mortgage-deals,"Nationwide Mortgage Deals: 4.48% Fixed, Six Times Income, and a 6.49% Reversion Rate",https://compare100.com/nationwide-mortgage-deals/,,Maximum income multiple,"6x for first-time buyers, home movers and remortgage; 6.5x on a remortgage with no extra borrowing",,,,,,own_review,2026-09-22,false,high,current,
nationwide-mortgage-deals__maximum-loan-to-value,Mortgage Deals,nationwide-mortgage-deals,"Nationwide Mortgage Deals: 4.48% Fixed, Six Times Income, and a 6.49% Reversion Rate",https://compare100.com/nationwide-mortgage-deals/,,Maximum loan to value,"95%, with a maximum loan of £750,000 at that level",,,,,,own_review,2026-09-22,false,high,current,
nationwide-mortgage-deals__mortgage-book,Mortgage Deals,nationwide-mortgage-deals,"Nationwide Mortgage Deals: 4.48% Fixed, Six Times Income, and a 6.49% Reversion Rate",https://compare100.com/nationwide-mortgage-deals/,,Mortgage book,"£286.3bn of balances, 16.3% market share, at 31 March 2026",,,,,,own_review,2026-09-22,false,high,current,
nationwide-mortgage-deals__penalty-free-overpayment,Mortgage Deals,nationwide-mortgage-deals,"Nationwide Mortgage Deals: 4.48% Fixed, Six Times Income, and a 6.49% Reversion Rate",https://compare100.com/nationwide-mortgage-deals/,,Penalty-free overpayment,10% a year of the original loan amount on products reserved from 29 May 2013,,,,,,own_review,2026-09-22,false,high,current,
nationwide-mortgage-deals__reversion-rates,Mortgage Deals,nationwide-mortgage-deals,"Nationwide Mortgage Deals: 4.48% Fixed, Six Times Income, and a 6.49% Reversion Rate",https://compare100.com/nationwide-mortgage-deals/,,Reversion rates,"Standard Mortgage Rate 6.49%, Base Mortgage Rate 5.75%, both from 1 January 2026",,,,,,own_review,2026-09-22,false,high,current,
quick-mortgages__advice-range,Mortgage Deals,quick-mortgages,Quick Mortgages Review: A Fee-Free Birmingham Broker Paid by the Lender,https://compare100.com/quick-mortgages/,,Advice range,Described as a whole of market panel; no lender list or lender count published,,,,,,own_review,2026-09-05,false,high,current,
quick-mortgages__broker-fee,Mortgage Deals,quick-mortgages,Quick Mortgages Review: A Fee-Free Birmingham Broker Paid by the Lender,https://compare100.com/quick-mortgages/,,Broker fee,None charged to the customer; paid by lender procuration fee,,,,,,own_review,2026-09-05,false,high,current,
quick-mortgages__companies-house,Mortgage Deals,quick-mortgages,Quick Mortgages Review: A Fee-Free Birmingham Broker Paid by the Lender,https://compare100.com/quick-mortgages/,,Companies House,"11896670, incorporated 21 March 2019",,,,,,own_review,2026-09-05,false,high,current,
quick-mortgages__complaints-contact,Mortgage Deals,quick-mortgages,Quick Mortgages Review: A Fee-Free Birmingham Broker Paid by the Lender,https://compare100.com/quick-mortgages/,,Complaints contact,"Rhiannon Tandy, Mortgage & Protection Manager, then the Financial Ombudsman Service",,,,,,own_review,2026-09-05,false,high,current,
quick-mortgages__fca-firm-reference,Mortgage Deals,quick-mortgages,Quick Mortgages Review: A Fee-Free Birmingham Broker Paid by the Lender,https://compare100.com/quick-mortgages/,,FCA firm reference,"841262, directly authorised in its own name",841262,,,,,own_review,2026-09-05,false,high,current,
quick-mortgages__legal-entity,Mortgage Deals,quick-mortgages,Quick Mortgages Review: A Fee-Free Birmingham Broker Paid by the Lender,https://compare100.com/quick-mortgages/,,Legal entity,"Cherry Street Holdings Ltd, trading as Quick Mortgages",,,,,,own_review,2026-09-05,false,high,current,
quick-mortgages__mortgage-services,Mortgage Deals,quick-mortgages,Quick Mortgages Review: A Fee-Free Birmingham Broker Paid by the Lender,https://compare100.com/quick-mortgages/,,Mortgage services,"First-time buyer, purchase, remortgage, rate switch, buy-to-let, specialist lending, police mortgages, Own New",,,,,,own_review,2026-09-05,false,high,current,
quick-mortgages__office,Mortgage Deals,quick-mortgages,Quick Mortgages Review: A Fee-Free Birmingham Broker Paid by the Lender,https://compare100.com/quick-mortgages/,,Office,"Bank House, 8 Cherry Street, Birmingham B2 5AL",,,,,,own_review,2026-09-05,false,high,current,
quick-mortgages__phone,Mortgage Deals,quick-mortgages,Quick Mortgages Review: A Fee-Free Birmingham Broker Paid by the Lender,https://compare100.com/quick-mortgages/,,Phone,0800 779 7907 or 0121 661 4676,,,,,,own_review,2026-09-05,false,high,current,
quick-mortgages__protection-sold,Mortgage Deals,quick-mortgages,Quick Mortgages Review: A Fee-Free Birmingham Broker Paid by the Lender,https://compare100.com/quick-mortgages/,,Protection sold,"Life, critical illness and income protection",,,,,,own_review,2026-09-05,false,high,current,
quick-mortgages__record-retention,Mortgage Deals,quick-mortgages,Quick Mortgages Review: A Fee-Free Birmingham Broker Paid by the Lender,https://compare100.com/quick-mortgages/,,Record retention,"Six years from the end of the relationship, in line with MCOB",,,,,,own_review,2026-09-05,false,high,current,
quick-mortgages__team-listed,Mortgage Deals,quick-mortgages,Quick Mortgages Review: A Fee-Free Birmingham Broker Paid by the Lender,https://compare100.com/quick-mortgages/,,Team listed,"12 people on the team page, one of them the office dog",12,,,,,own_review,2026-09-05,false,high,current,
admiral-motorbike-insurance-review__admin-fees,Motorbike Insurance,admiral-motorbike-insurance-review,Admiral Motorbike Insurance Review,https://compare100.com/admiral-motorbike-insurance-review/,,Admin fees,About £15 to amend · £60–£160 to cancel,,,,,,own_review,2026-08-16,false,high,current,
admiral-motorbike-insurance-review__bikes-covered,Motorbike Insurance,admiral-motorbike-insurance-review,Admiral Motorbike Insurance Review,https://compare100.com/admiral-motorbike-insurance-review/,,Bikes covered,"Scooters, commuters, cruisers, sports bikes",,,,,,own_review,2026-08-16,false,high,current,
admiral-motorbike-insurance-review__breakdown-cover,Motorbike Insurance,admiral-motorbike-insurance-review,Admiral Motorbike Insurance Review,https://compare100.com/admiral-motorbike-insurance-review/,,Breakdown cover,Optional add-on,,,,,,own_review,2026-08-16,false,high,current,
admiral-motorbike-insurance-review__cover-levels,Motorbike Insurance,admiral-motorbike-insurance-review,Admiral Motorbike Insurance Review,https://compare100.com/admiral-motorbike-insurance-review/,,Cover levels,Third party · Third party fire and theft · Comprehensive,,,,,,own_review,2026-08-16,false,high,current,
admiral-motorbike-insurance-review__european-cover,Motorbike Insurance,admiral-motorbike-insurance-review,Admiral Motorbike Insurance Review,https://compare100.com/admiral-motorbike-insurance-review/,,European cover,Available; confirm the day allowance for your policy,,,,,,own_review,2026-08-16,false,high,current,
admiral-motorbike-insurance-review__helmet-and-leathers,Motorbike Insurance,admiral-motorbike-insurance-review,Admiral Motorbike Insurance Review,https://compare100.com/admiral-motorbike-insurance-review/,,Helmet and leathers,Usually an optional add-on — check the limit before assuming,,,,,,own_review,2026-08-16,false,high,current,
admiral-motorbike-insurance-review__legal-expenses,Motorbike Insurance,admiral-motorbike-insurance-review,Admiral Motorbike Insurance Review,https://compare100.com/admiral-motorbike-insurance-review/,,Legal expenses,Optional add-on,,,,,,own_review,2026-08-16,false,high,current,
admiral-motorbike-insurance-review__multi-bike,Motorbike Insurance,admiral-motorbike-insurance-review,Admiral Motorbike Insurance Review,https://compare100.com/admiral-motorbike-insurance-review/,,Multi-bike,Discount for insuring more than one machine on a single policy,,,,,,own_review,2026-08-16,false,high,current,
admiral-motorbike-insurance-review__security-requirements,Motorbike Insurance,admiral-motorbike-insurance-review,Admiral Motorbike Insurance Review,https://compare100.com/admiral-motorbike-insurance-review/,,Security requirements,Declared storage and security affect premium — and claims,,,,,,own_review,2026-08-16,false,high,current,
performance-direct-motorbike-insurance-review__accreditation,Motorbike Insurance,performance-direct-motorbike-insurance-review,Performance Direct Motorbike Insurance Review,https://compare100.com/performance-direct-motorbike-insurance-review/,,Accreditation,Chartered Insurance Broker; BIBA member since 2007,2007,,,,,own_review,2026-09-02,false,high,current,
performance-direct-motorbike-insurance-review__agreed-value,Motorbike Insurance,performance-direct-motorbike-insurance-review,Performance Direct Motorbike Insurance Review,https://compare100.com/performance-direct-motorbike-insurance-review/,,Agreed value,"Optional on classic machines, criteria not published",,,,,,own_review,2026-09-02,false,high,current,
performance-direct-motorbike-insurance-review__broker,Motorbike Insurance,performance-direct-motorbike-insurance-review,Performance Direct Motorbike Insurance Review,https://compare100.com/performance-direct-motorbike-insurance-review/,,Broker,"Grove & Dean Ltd trading as Performance Direct, company 1167043, FRN 307002",,,,,,own_review,2026-09-02,false,high,current,
performance-direct-motorbike-insurance-review__complaints,Motorbike Insurance,performance-direct-motorbike-insurance-review,Performance Direct Motorbike Insurance Review,https://compare100.com/performance-direct-motorbike-insurance-review/,,Complaints,"customer.care@performancedirect.co.uk, then the Financial Ombudsman Service on 0800 023 4567",,,,,,own_review,2026-09-02,false,high,current,
performance-direct-motorbike-insurance-review__contact,Motorbike Insurance,performance-direct-motorbike-insurance-review,Performance Direct Motorbike Insurance Review,https://compare100.com/performance-direct-motorbike-insurance-review/,,Contact,"01708 609 331, 7 Station Lane, Hornchurch, Essex RM12 6JL",,,,,,own_review,2026-09-02,false,high,current,
performance-direct-motorbike-insurance-review__cover-levels,Motorbike Insurance,performance-direct-motorbike-insurance-review,Performance Direct Motorbike Insurance Review,https://compare100.com/performance-direct-motorbike-insurance-review/,,Cover levels,"Comprehensive, third party fire and theft, third party only",,,,,,own_review,2026-09-02,false,high,current,
performance-direct-motorbike-insurance-review__foreign-use,Motorbike Insurance,performance-direct-motorbike-insurance-review,Performance Direct Motorbike Insurance Review,https://compare100.com/performance-direct-motorbike-insurance-review/,,Foreign use,Up to 90 days per period of insurance,90,,,,,own_review,2026-09-02,false,high,current,
performance-direct-motorbike-insurance-review__multi-bike,Motorbike Insurance,performance-direct-motorbike-insurance-review,Performance Direct Motorbike Insurance Review,https://compare100.com/performance-direct-motorbike-insurance-review/,,Multi-bike,"Up to five bikes quoted online, more by phone, one shared no claims discount",,,,,,own_review,2026-09-02,false,high,current,
performance-direct-motorbike-insurance-review__panel,Motorbike Insurance,performance-direct-motorbike-insurance-review,Performance Direct Motorbike Insurance Review,https://compare100.com/performance-direct-motorbike-insurance-review/,,Panel,Up to 100 motorcycle schemes from UK underwriters,100,,,,,own_review,2026-09-02,false,high,current,
performance-direct-motorbike-insurance-review__trading-since,Motorbike Insurance,performance-direct-motorbike-insurance-review,Performance Direct Motorbike Insurance Review,https://compare100.com/performance-direct-motorbike-insurance-review/,,Trading since,Grove & Dean incorporated 17 April 1974; Performance Direct launched 1995,,,,,,own_review,2026-09-02,false,high,current,
quotezone-motorbike-insurance-review__bike-panel-size,Motorbike Insurance,quotezone-motorbike-insurance-review,Quotezone.co.uk Motorbike Insurance,https://compare100.com/quotezone-motorbike-insurance-review/,,Bike panel size,"Stated as up to 25 providers, many of them brokers running schemes",25,,,,,own_review,2026-08-18,false,high,current,
quotezone-motorbike-insurance-review__complaints,Motorbike Insurance,quotezone-motorbike-insurance-review,Quotezone.co.uk Motorbike Insurance,https://compare100.com/quotezone-motorbike-insurance-review/,,Complaints,"Seopa Customer Relations, then the Financial Ombudsman Service after eight weeks",,,,,,own_review,2026-08-18,false,high,current,
quotezone-motorbike-insurance-review__cost-to-you,Motorbike Insurance,quotezone-motorbike-insurance-review,Quotezone.co.uk Motorbike Insurance,https://compare100.com/quotezone-motorbike-insurance-review/,,Cost to you,"Nothing. Providers pay Seopa a flat fee, a commission, or both",,,,,,own_review,2026-08-18,false,high,current,
quotezone-motorbike-insurance-review__cover-levels,Motorbike Insurance,quotezone-motorbike-insurance-review,Quotezone.co.uk Motorbike Insurance,https://compare100.com/quotezone-motorbike-insurance-review/,,Cover levels,"Third party only, third party fire and theft, comprehensive",,,,,,own_review,2026-08-18,false,high,current,
quotezone-motorbike-insurance-review__fca-firm-reference,Motorbike Insurance,quotezone-motorbike-insurance-review,Quotezone.co.uk Motorbike Insurance,https://compare100.com/quotezone-motorbike-insurance-review/,,FCA firm reference,313860 — non-investment insurance intermediary with credit broking permission,313860,,,,,own_review,2026-08-18,false,high,current,
quotezone-motorbike-insurance-review__ico-registration,Motorbike Insurance,quotezone-motorbike-insurance-review,Quotezone.co.uk Motorbike Insurance,https://compare100.com/quotezone-motorbike-insurance-review/,,ICO registration,"Z8733752, as data controller",8733752,,,,,own_review,2026-08-18,false,high,current,
quotezone-motorbike-insurance-review__machines-quoted,Motorbike Insurance,quotezone-motorbike-insurance-review,Quotezone.co.uk Motorbike Insurance,https://compare100.com/quotezone-motorbike-insurance-review/,,Machines quoted,Motorcycles · mopeds · scooters · 50cc and 125cc · quads · classics,,,,,,own_review,2026-08-18,false,high,current,
quotezone-motorbike-insurance-review__price-marker,Motorbike Insurance,quotezone-motorbike-insurance-review,Quotezone.co.uk Motorbike Insurance,https://compare100.com/quotezone-motorbike-insurance-review/,,Price marker,£256.34 — 51% of May 2026 quotes came in below it,,,,,,own_review,2026-08-18,false,high,current,
quotezone-motorbike-insurance-review__run-by,Motorbike Insurance,quotezone-motorbike-insurance-review,Quotezone.co.uk Motorbike Insurance,https://compare100.com/quotezone-motorbike-insurance-review/,,Run by,"Seopa Limited, Floor 4 Blackstaff Studios, 8-10 Amelia Street, Belfast BT2 7GS · company NI046322",,,,,,own_review,2026-08-18,false,high,current,
quotezone-motorbike-insurance-review__what-it-is,Motorbike Insurance,quotezone-motorbike-insurance-review,Quotezone.co.uk Motorbike Insurance,https://compare100.com/quotezone-motorbike-insurance-review/,,What it is,"A quote comparison and introduction service — not an insurer, and not an adviser",,,,,,own_review,2026-08-18,false,high,current,
the-aa-europa-bike-insurance-review__claims-line,Motorbike Insurance,the-aa-europa-bike-insurance-review,AA Motorbike Insurance (Europa Bike) Review,https://compare100.com/the-aa-europa-bike-insurance-review/,,Claims line,"0344 335 2934, 24 hours",,,,,,own_review,2026-08-29,false,high,current,
the-aa-europa-bike-insurance-review__complaints-upheld-jan-jun-2026,Motorbike Insurance,the-aa-europa-bike-insurance-review,AA Motorbike Insurance (Europa Bike) Review,https://compare100.com/the-aa-europa-bike-insurance-review/,,"Complaints upheld, Jan–Jun 2026",44% of 209 closed,,,,,,own_review,2026-08-29,false,high,current,
the-aa-europa-bike-insurance-review__cover-abroad,Motorbike Insurance,the-aa-europa-bike-insurance-review,AA Motorbike Insurance (Europa Bike) Review,https://compare100.com/the-aa-europa-bike-insurance-review/,,Cover abroad,"30 days per trip, 90 days per year",,,,,,own_review,2026-08-29,false,high,current,
the-aa-europa-bike-insurance-review__cover-levels,Motorbike Insurance,the-aa-europa-bike-insurance-review,AA Motorbike Insurance (Europa Bike) Review,https://compare100.com/the-aa-europa-bike-insurance-review/,,Cover levels,"Comprehensive, TPFT, third party only, laid up",,,,,,own_review,2026-08-29,false,high,current,
the-aa-europa-bike-insurance-review__fca-firm-reference,Motorbike Insurance,the-aa-europa-bike-insurance-review,AA Motorbike Insurance (Europa Bike) Review,https://compare100.com/the-aa-europa-bike-insurance-review/,,FCA firm reference,309794,309794,,,,,own_review,2026-08-29,false,high,current,
the-aa-europa-bike-insurance-review__incorporated,Motorbike Insurance,the-aa-europa-bike-insurance-review,AA Motorbike Insurance (Europa Bike) Review,https://compare100.com/the-aa-europa-bike-insurance-review/,,Incorporated,"15 November 1996, as Motor Cycle Direct Insurance Services Ltd",,,,,,own_review,2026-08-29,false,high,current,
the-aa-europa-bike-insurance-review__insurer-panel,Motorbike Insurance,the-aa-europa-bike-insurance-review,AA Motorbike Insurance (Europa Bike) Review,https://compare100.com/the-aa-europa-bike-insurance-review/,,Insurer panel,"Highway, Aviva, Tradex, Ageas, AXA",,,,,,own_review,2026-08-29,false,high,current,
the-aa-europa-bike-insurance-review__legal-entity,Motorbike Insurance,the-aa-europa-bike-insurance-review,AA Motorbike Insurance (Europa Bike) Review,https://compare100.com/the-aa-europa-bike-insurance-review/,,Legal entity,"Europa Group Limited, company no. 03279177",03279177,,,,,own_review,2026-08-29,false,high,current,
the-aa-europa-bike-insurance-review__renewal-fee,Motorbike Insurance,the-aa-europa-bike-insurance-review,AA Motorbike Insurance (Europa Bike) Review,https://compare100.com/the-aa-europa-bike-insurance-review/,,Renewal fee,up to £75,75,,,GBP,,own_review,2026-08-29,false,high,current,
the-aa-europa-bike-insurance-review__third-party-property-limit,Motorbike Insurance,the-aa-europa-bike-insurance-review,AA Motorbike Insurance (Europa Bike) Review,https://compare100.com/the-aa-europa-bike-insurance-review/,,Third-party property limit,"£20,000,000",20000000,,,GBP,,own_review,2026-08-29,false,high,current,
wicked-quotes-motorbike-insurance-review__broker-fee,Motorbike Insurance,wicked-quotes-motorbike-insurance-review,Wicked Quotes Motorbike Insurance Review,https://compare100.com/wicked-quotes-motorbike-insurance-review/,,Broker fee,Up to £150 to set up or renew on selected products,150,,,GBP,,own_review,2026-08-31,false,high,current,
wicked-quotes-motorbike-insurance-review__cover-levels,Motorbike Insurance,wicked-quotes-motorbike-insurance-review,Wicked Quotes Motorbike Insurance Review,https://compare100.com/wicked-quotes-motorbike-insurance-review/,,Cover levels,"Third party only, third party fire and theft, comprehensive",,,,,,own_review,2026-08-31,false,high,current,
wicked-quotes-motorbike-insurance-review__fca-firm-reference,Motorbike Insurance,wicked-quotes-motorbike-insurance-review,Wicked Quotes Motorbike Insurance Review,https://compare100.com/wicked-quotes-motorbike-insurance-review/,,FCA firm reference,307931,307931,,,,,own_review,2026-08-31,false,high,current,
wicked-quotes-motorbike-insurance-review__foreign-use,Motorbike Insurance,wicked-quotes-motorbike-insurance-review,Wicked Quotes Motorbike Insurance Review,https://compare100.com/wicked-quotes-motorbike-insurance-review/,,Foreign use,"Up to 30 days per trip, 90 days a year, 31 European countries",,,,,,own_review,2026-08-31,false,high,current,
wicked-quotes-motorbike-insurance-review__insurers-named,Motorbike Insurance,wicked-quotes-motorbike-insurance-review,Wicked Quotes Motorbike Insurance Review,https://compare100.com/wicked-quotes-motorbike-insurance-review/,,Insurers named,"Aviva, AXA and Markerstudy; two older schemes in run-off",,,,,,own_review,2026-08-31,false,high,current,
wicked-quotes-motorbike-insurance-review__mid-term-change,Motorbike Insurance,wicked-quotes-motorbike-insurance-review,Wicked Quotes Motorbike Insurance Review,https://compare100.com/wicked-quotes-motorbike-insurance-review/,,Mid-term change,£50 per adjustment; £50 to cancel; £5 for duplicate documents,,,,,,own_review,2026-08-31,false,high,current,
wicked-quotes-motorbike-insurance-review__sales-line,Motorbike Insurance,wicked-quotes-motorbike-insurance-review,Wicked Quotes Motorbike Insurance Review,https://compare100.com/wicked-quotes-motorbike-insurance-review/,,Sales line,0344 8800 962 (claims 0344 8800 967),,,,,,own_review,2026-08-31,false,high,current,
wicked-quotes-motorbike-insurance-review__third-party-property-limit,Motorbike Insurance,wicked-quotes-motorbike-insurance-review,Wicked Quotes Motorbike Insurance Review,https://compare100.com/wicked-quotes-motorbike-insurance-review/,,Third party property limit,"£20,000,000 per occurrence",20000000,,,GBP,,own_review,2026-08-31,false,high,current,
wicked-quotes-motorbike-insurance-review__trading-name-of,Motorbike Insurance,wicked-quotes-motorbike-insurance-review,Wicked Quotes Motorbike Insurance Review,https://compare100.com/wicked-quotes-motorbike-insurance-review/,,Trading name of,Novitas Underwriting Agency Limited (company 03106533),03106533,,,,,own_review,2026-08-31,false,high,current,
wicked-quotes-motorbike-insurance-review__trading-since,Motorbike Insurance,wicked-quotes-motorbike-insurance-review,Wicked Quotes Motorbike Insurance Review,https://compare100.com/wicked-quotes-motorbike-insurance-review/,,Trading since,1996 as Novitas; the Wicked Quotes brand for 15+ years,,,,,,own_review,2026-08-31,false,high,current,
carphone-warehouse-new-phone-contract-deals__airtime-seller-id-deals,New Phone Contract,carphone-warehouse-new-phone-contract-deals,Carphone Warehouse New Phone Contract Deals: The Real 24-Month Cost,https://compare100.com/carphone-warehouse-new-phone-contract-deals/,,Airtime seller (iD deals),"Currys Group Limited, Currys Newark Campus, Newark NG24 2NH",,,,,,own_review,2026-09-04,false,high,current,
carphone-warehouse-new-phone-contract-deals__cheapest-pay-monthly-deal,New Phone Contract,carphone-warehouse-new-phone-contract-deals,Carphone Warehouse New Phone Contract Deals: The Real 24-Month Cost,https://compare100.com/carphone-warehouse-new-phone-contract-deals/,,Cheapest pay monthly deal,"£11.99 a month, £5.00 up front (Samsung Galaxy A16 4G)",,,,,,own_review,2026-09-04,false,high,current,
carphone-warehouse-new-phone-contract-deals__dispute-scheme,New Phone Contract,carphone-warehouse-new-phone-contract-deals,Carphone Warehouse New Phone Contract Deals: The Real 24-Month Cost,https://compare100.com/carphone-warehouse-new-phone-contract-deals/,,Dispute scheme,"Communications Ombudsman (iD Mobile) or CISAS (Vodafone, VOXI)",,,,,,own_review,2026-09-04,false,high,current,
carphone-warehouse-new-phone-contract-deals__free-upgrade-window,New Phone Contract,carphone-warehouse-new-phone-contract-deals,Carphone Warehouse New Phone Contract Deals: The Real 24-Month Cost,https://compare100.com/carphone-warehouse-new-phone-contract-deals/,,Free upgrade window,Up to 75 days before the contract ends,75,,,,,own_review,2026-09-04,false,high,current,
carphone-warehouse-new-phone-contract-deals__handset-deals-listed,New Phone Contract,carphone-warehouse-new-phone-contract-deals,Carphone Warehouse New Phone Contract Deals: The Real 24-Month Cost,https://compare100.com/carphone-warehouse-new-phone-contract-deals/,,Handset deals listed,"131 — iD Mobile 100, Vodafone 31",,,,,,own_review,2026-09-04,false,high,current,
carphone-warehouse-new-phone-contract-deals__id-mobile-annual-increase,New Phone Contract,carphone-warehouse-new-phone-contract-deals,Carphone Warehouse New Phone Contract Deals: The Real 24-Month Cost,https://compare100.com/carphone-warehouse-new-phone-contract-deals/,,iD Mobile annual increase,£1.80 each April on phone contracts taken from 11 March 2026,,,,,,own_review,2026-09-04,false,high,current,
carphone-warehouse-new-phone-contract-deals__minimum-term,New Phone Contract,carphone-warehouse-new-phone-contract-deals,Carphone Warehouse New Phone Contract Deals: The Real 24-Month Cost,https://compare100.com/carphone-warehouse-new-phone-contract-deals/,,Minimum term,24 months on every handset deal listed,24,,,,,own_review,2026-09-04,false,high,current,
carphone-warehouse-new-phone-contract-deals__price-at-end-of-that-contract,New Phone Contract,carphone-warehouse-new-phone-contract-deals,Carphone Warehouse New Phone Contract Deals: The Real 24-Month Cost,https://compare100.com/carphone-warehouse-new-phone-contract-deals/,,Price at end of that contract,"£15.59 a month, after two April increases",15.59,,,GBP,,own_review,2026-09-04,false,high,current,
carphone-warehouse-new-phone-contract-deals__retailer,New Phone Contract,carphone-warehouse-new-phone-contract-deals,Carphone Warehouse New Phone Contract Deals: The Real 24-Month Cost,https://compare100.com/carphone-warehouse-new-phone-contract-deals/,,Retailer,"Currys Retail Limited, company 02142673",02142673,,,,,own_review,2026-09-04,false,high,current,
carphone-warehouse-new-phone-contract-deals__sim-only-from,New Phone Contract,carphone-warehouse-new-phone-contract-deals,Carphone Warehouse New Phone Contract Deals: The Real 24-Month Cost,https://compare100.com/carphone-warehouse-new-phone-contract-deals/,,SIM-only from,"£6.00 a month, 10GB, one-month rolling",,,,,,own_review,2026-09-04,false,high,current,
carphone-warehouse-new-phone-contract-deals__trade-in,New Phone Contract,carphone-warehouse-new-phone-contract-deals,Carphone Warehouse New Phone Contract Deals: The Real 24-Month Cost,https://compare100.com/carphone-warehouse-new-phone-contract-deals/,,Trade-in,Up to £200 against a Galaxy S26 FE; quote valid 21 calendar days,,,,,,own_review,2026-09-04,false,high,current,
carphone-warehouse-new-phone-contract-deals__vodafone-annual-increase,New Phone Contract,carphone-warehouse-new-phone-contract-deals,Carphone Warehouse New Phone Contract Deals: The Real 24-Month Cost,https://compare100.com/carphone-warehouse-new-phone-contract-deals/,,Vodafone annual increase,£2.50 each 1 April on airtime; device plans unaffected,,,,,,own_review,2026-09-04,false,high,current,
tesco-mobile-new-phone-contract__airtime-contract,New Phone Contract,tesco-mobile-new-phone-contract,Tesco Mobile Phone Contracts Reviewed,https://compare100.com/tesco-mobile-new-phone-contract/,,Airtime contract,"Rolling one month, changeable up or down once a month",,,,,,own_review,2026-09-10,false,high,current,
tesco-mobile-new-phone-contract__complaints,New Phone Contract,tesco-mobile-new-phone-contract,Tesco Mobile Phone Contracts Reviewed,https://compare100.com/tesco-mobile-new-phone-contract/,,Complaints,Communications Ombudsman after six weeks for airtime; Financial Ombudsman Service for the credit agreement,,,,,,own_review,2026-09-10,false,high,current,
tesco-mobile-new-phone-contract__cooling-off,New Phone Contract,tesco-mobile-new-phone-contract,Tesco Mobile Phone Contracts Reviewed,https://compare100.com/tesco-mobile-new-phone-contract/,,Cooling-off,14 working days from receipt of the SIM and handset,14,,,,,own_review,2026-09-10,false,high,current,
tesco-mobile-new-phone-contract__customers,New Phone Contract,tesco-mobile-new-phone-contract,Tesco Mobile Phone Contracts Reviewed,https://compare100.com/tesco-mobile-new-phone-contract/,,Customers,More than 6 million; 5.5 million quoted at the January 2024 renewal,,,,,,own_review,2026-09-10,false,high,current,
tesco-mobile-new-phone-contract__device-plan-terms,New Phone Contract,tesco-mobile-new-phone-contract,Tesco Mobile Phone Contracts Reviewed,https://compare100.com/tesco-mobile-new-phone-contract/,,Device plan terms,"12, 18, 24, 30 or 36 months, same handset total on each",,,,,,own_review,2026-09-10,false,high,current,
tesco-mobile-new-phone-contract__entry-prices,New Phone Contract,tesco-mobile-new-phone-contract,Tesco Mobile Phone Contracts Reviewed,https://compare100.com/tesco-mobile-new-phone-contract/,,Entry prices,Pay monthly from £7.50 a month; SIM only from £9,,,,,,own_review,2026-09-10,false,high,current,
tesco-mobile-new-phone-contract__legal-entity,New Phone Contract,tesco-mobile-new-phone-contract,Tesco Mobile Phone Contracts Reviewed,https://compare100.com/tesco-mobile-new-phone-contract/,,Legal entity,"Tesco Mobile Limited, company 04780736, incorporated 29 May 2003",,,,,,own_review,2026-09-10,false,high,current,
tesco-mobile-new-phone-contract__network,New Phone Contract,tesco-mobile-new-phone-contract,Tesco Mobile Phone Contracts Reviewed,https://compare100.com/tesco-mobile-new-phone-contract/,,Network,"O2, 99% UK population 4G coverage",,,,,,own_review,2026-09-10,false,high,current,
tesco-mobile-new-phone-contract__ownership,New Phone Contract,tesco-mobile-new-phone-contract,Tesco Mobile Phone Contracts Reviewed,https://compare100.com/tesco-mobile-new-phone-contract/,,Ownership,"50:50 joint venture, Tesco plc and Virgin Media O2, renewed for 10 years on 31 January 2024",,,,,,own_review,2026-09-10,false,high,current,
tesco-mobile-new-phone-contract__price-freeze,New Phone Contract,tesco-mobile-new-phone-contract,Tesco Mobile Phone Contracts Reviewed,https://compare100.com/tesco-mobile-new-phone-contract/,,Price freeze,"Clubcard Price deals only, for the minimum contract period",,,,,,own_review,2026-09-10,false,high,current,
tesco-mobile-new-phone-contract__roaming,New Phone Contract,tesco-mobile-new-phone-contract,Tesco Mobile Phone Contracts Reviewed,https://compare100.com/tesco-mobile-new-phone-contract/,,Roaming,"48 Home from Home destinations at no extra cost; 1p per MB in the USA, Canada, South Africa, Australia and New Zealand",,,,,,own_review,2026-09-10,false,high,current,
aviva-over-50s-insurance__age-to-apply,Over 50's Insurance,aviva-over-50s-insurance,Aviva Over 50s Life Insurance Review,https://compare100.com/aviva-over-50s-insurance/,,Age to apply,"50 to 80, UK residents",,,,,,own_review,2026-09-01,false,high,current,
aviva-over-50s-insurance__cash-in-value,Over 50's Insurance,aviva-over-50s-insurance,Aviva Over 50s Life Insurance Review,https://compare100.com/aviva-over-50s-insurance/,,Cash-in value,"None, at any time",,,,,,own_review,2026-09-01,false,high,current,
aviva-over-50s-insurance__cooling-off-period,Over 50's Insurance,aviva-over-50s-insurance,Aviva Over 50s Life Insurance Review,https://compare100.com/aviva-over-50s-insurance/,,Cooling-off period,"30 days, premiums refunded in full",30,,,,,own_review,2026-09-01,false,high,current,
aviva-over-50s-insurance__current-incentive,Over 50's Insurance,aviva-over-50s-insurance,Aviva Over 50s Life Insurance Review,https://compare100.com/aviva-over-50s-insurance/,,Current incentive,Amazon gift card £50 to £200 after six premiums,,,,,,own_review,2026-09-01,false,high,current,
aviva-over-50s-insurance__defaqto-rating,Over 50's Insurance,aviva-over-50s-insurance,Aviva Over 50s Life Insurance Review,https://compare100.com/aviva-over-50s-insurance/,,Defaqto rating,"5 Star, over 50s life assurance (undated on Aviva's page)",,,,,,own_review,2026-09-01,false,high,current,
aviva-over-50s-insurance__first-12-months,Over 50's Insurance,aviva-over-50s-insurance,Aviva Over 50s Life Insurance Review,https://compare100.com/aviva-over-50s-insurance/,,First 12 months,Accidental death pays the full amount; any other death refunds premiums only,,,,,,own_review,2026-09-01,false,high,current,
aviva-over-50s-insurance__insurer,Over 50's Insurance,aviva-over-50s-insurance,Aviva Over 50s Life Insurance Review,https://compare100.com/aviva-over-50s-insurance/,,Insurer,"Aviva Life & Pensions UK Limited, company 3253947, FRN 185896",,,,,,own_review,2026-09-01,false,high,current,
aviva-over-50s-insurance__monthly-premium,Over 50's Insurance,aviva-over-50s-insurance,Aviva Over 50s Life Insurance Review,https://compare100.com/aviva-over-50s-insurance/,,Monthly premium,"£5 to £100, fixed for life, £100 maximum across all policies",,,,,,own_review,2026-09-01,false,high,current,
aviva-over-50s-insurance__premiums-stop,Over 50's Insurance,aviva-over-50s-insurance,Aviva Over 50s Life Insurance Review,https://compare100.com/aviva-over-50s-insurance/,,Premiums stop,After 30 years or the anniversary after your 90th birthday,,,,,,own_review,2026-09-01,false,high,current,
aviva-over-50s-insurance__underwriting,Over 50's Insurance,aviva-over-50s-insurance,Aviva Over 50s Life Insurance Review,https://compare100.com/aviva-over-50s-insurance/,,Underwriting,"Guaranteed acceptance — no medical, no health questions",,,,,,own_review,2026-09-01,false,high,current,
british-seniors-over-50s-insurance__accidental-death,Over 50's Insurance,british-seniors-over-50s-insurance,British Seniors Over 50s Life Insurance Review,https://compare100.com/british-seniors-over-50s-insurance/,,Accidental death,"Two times the benefit amount, if death follows within 90 days of the accident",90,,,,,own_review,2026-09-14,false,high,current,
british-seniors-over-50s-insurance__age-to-apply,Over 50's Insurance,british-seniors-over-50s-insurance,British Seniors Over 50s Life Insurance Review,https://compare100.com/british-seniors-over-50s-insurance/,,Age to apply,"50 to 80, UK resident at the policy start date",,,,,,own_review,2026-09-14,false,high,current,
british-seniors-over-50s-insurance__benefit-amount,Over 50's Insurance,british-seniors-over-50s-insurance,British Seniors Over 50s Life Insurance Review,https://compare100.com/british-seniors-over-50s-insurance/,,Benefit amount,"£1,000 minimum; maximum £10,000 at 50 to 69, £9,000 at 70 to 74, £6,000 at 75 to 80",,,,,,own_review,2026-09-14,false,high,current,
british-seniors-over-50s-insurance__cash-in-value,Over 50's Insurance,british-seniors-over-50s-insurance,British Seniors Over 50s Life Insurance Review,https://compare100.com/british-seniors-over-50s-insurance/,,Cash-in value,"None, at any point",,,,,,own_review,2026-09-14,false,high,current,
british-seniors-over-50s-insurance__cheapest-advertised-premium,Over 50's Insurance,british-seniors-over-50s-insurance,British Seniors Over 50s Life Insurance Review,https://compare100.com/british-seniors-over-50s-insurance/,,Cheapest advertised premium,"£4.52 a month — £1,000 of cover, age 50, non-smoker",,,,,,own_review,2026-09-14,true,high,current,
british-seniors-over-50s-insurance__cheapest-advertised-premium,Over 50's Insurance,british-seniors-over-50s-insurance,British Seniors Over 50s Life Insurance Review,https://compare100.com/british-seniors-over-50s-insurance/,,Cheapest advertised premium,"£4.52 a month for £1,000 of cover, age 50, non-smoker",,,,,,own_review,2026-09-14,false,high,current,
british-seniors-over-50s-insurance__compensation,Over 50's Insurance,british-seniors-over-50s-insurance,British Seniors Over 50s Life Insurance Review,https://compare100.com/british-seniors-over-50s-insurance/,,Compensation,"FSCS would first look to move the policy to another insurer, preserving 100% of the benefits",100,,,,,own_review,2026-09-14,false,high,current,
british-seniors-over-50s-insurance__cooling-off-period,Over 50's Insurance,british-seniors-over-50s-insurance,British Seniors Over 50s Life Insurance Review,https://compare100.com/british-seniors-over-50s-insurance/,,Cooling-off period,"30 days from receiving the policy documents, premiums refunded in full",30,,,,,own_review,2026-09-14,false,high,current,
british-seniors-over-50s-insurance__first-12-months,Over 50's Insurance,british-seniors-over-50s-insurance,British Seniors Over 50s Life Insurance Review,https://compare100.com/british-seniors-over-50s-insurance/,,First 12 months,Non-accidental death returns the premiums paid; accidental death pays in full,,,,,,own_review,2026-09-14,false,high,current,
british-seniors-over-50s-insurance__increasing-benefit-option,Over 50's Insurance,british-seniors-over-50s-insurance,British Seniors Over 50s Life Insurance Review,https://compare100.com/british-seniors-over-50s-insurance/,,Increasing Benefit Option,Benefit rises 3% of the initial amount a year; premium rises 4.5% of the initial amount a year,,,,,,own_review,2026-09-14,false,high,current,
british-seniors-over-50s-insurance__insurer,Over 50's Insurance,british-seniors-over-50s-insurance,British Seniors Over 50s Life Insurance Review,https://compare100.com/british-seniors-over-50s-insurance/,,Insurer,"Aviva Life & Pensions UK Limited, company 3253947, firm reference 185896",,,,,,own_review,2026-09-14,false,high,current,
british-seniors-over-50s-insurance__key-facts-document,Over 50's Insurance,british-seniors-over-50s-insurance,British Seniors Over 50s Life Insurance Review,https://compare100.com/british-seniors-over-50s-insurance/,,Key facts document,BSIA KFO50 v4.2 LIVE JAN26,,,,,,own_review,2026-09-14,false,high,current,
british-seniors-over-50s-insurance__missed-payments,Over 50's Insurance,british-seniors-over-50s-insurance,British Seniors Over 50s Life Insurance Review,https://compare100.com/british-seniors-over-50s-insurance/,,Missed payments,Two consecutive missed premiums end the policy with no value,,,,,,own_review,2026-09-14,false,high,current,
british-seniors-over-50s-insurance__new-customer-offer,Over 50's Insurance,british-seniors-over-50s-insurance,British Seniors Over 50s Life Insurance Review,https://compare100.com/british-seniors-over-50s-insurance/,,New customer offer,"£135 gift card, £270 joint, after six premiums and once premiums paid exceed the card value",,,,,,own_review,2026-09-14,false,high,current,
british-seniors-over-50s-insurance__premiums-stop,Over 50's Insurance,british-seniors-over-50s-insurance,British Seniors Over 50s Life Insurance Review,https://compare100.com/british-seniors-over-50s-insurance/,,Premiums stop,At the policy anniversary on or following age 95,95,,,,,own_review,2026-09-14,false,high,current,
british-seniors-over-50s-insurance__seller,Over 50's Insurance,british-seniors-over-50s-insurance,British Seniors Over 50s Life Insurance Review,https://compare100.com/british-seniors-over-50s-insurance/,,Seller,"British Seniors Insurance Agency, a trading name of Neilson Financial Services Limited, company 07986483, firm reference 594926",,,,,,own_review,2026-09-14,false,high,current,
insurance2go-phone-insurance__accessories-limit,Phone Insurance,insurance2go-phone-insurance,Insurance2go Phone Insurance Review,https://compare100.com/insurance2go-phone-insurance/,,Accessories limit,£150 per claim,150,,,GBP,,own_review,2026-09-01,false,high,current,
insurance2go-phone-insurance__administrator-and-claims-handler,Phone Insurance,insurance2go-phone-insurance,Insurance2go Phone Insurance Review,https://compare100.com/insurance2go-phone-insurance/,,Administrator and claims handler,"Citymain Administrators Ltd (company 03979666), FRN 306535",,,,,,own_review,2026-09-01,false,high,current,
insurance2go-phone-insurance__brand-owner,Phone Insurance,insurance2go-phone-insurance,Insurance2go Phone Insurance Review,https://compare100.com/insurance2go-phone-insurance/,,Brand owner,"Loyal Insurance Services Ltd (company 05350177), FRN 430316",,,,,,own_review,2026-09-01,false,high,current,
insurance2go-phone-insurance__cheapest-phone-premium,Phone Insurance,insurance2go-phone-insurance,Insurance2go Phone Insurance Review,https://compare100.com/insurance2go-phone-insurance/,,Cheapest phone premium,"£1.99 a month on Essential, £3.49 on Full",,,,,,own_review,2026-09-01,false,high,current,
insurance2go-phone-insurance__claims-line,Phone Insurance,insurance2go-phone-insurance,Insurance2go Phone Insurance Review,https://compare100.com/insurance2go-phone-insurance/,,Claims line,"0333 999 7905, Monday to Saturday, 9am to 5.30pm",,,,,,own_review,2026-09-01,false,high,current,
insurance2go-phone-insurance__cooling-off-period,Phone Insurance,insurance2go-phone-insurance,Insurance2go Phone Insurance Review,https://compare100.com/insurance2go-phone-insurance/,,Cooling-off period,14 days with a full refund if no claim has been made,14,,,,,own_review,2026-09-01,false,high,current,
insurance2go-phone-insurance__e-wallet-protection,Phone Insurance,insurance2go-phone-insurance,Insurance2go Phone Insurance Review,https://compare100.com/insurance2go-phone-insurance/,,E-wallet protection,£100 per claim,100,,,GBP,,own_review,2026-09-01,false,high,current,
insurance2go-phone-insurance__early-excess,Phone Insurance,insurance2go-phone-insurance,Insurance2go Phone Insurance Review,https://compare100.com/insurance2go-phone-insurance/,,Early excess,Extra charge on any claim within 31 days of the policy starting or the device changing,31,,,,,own_review,2026-09-01,false,high,current,
insurance2go-phone-insurance__independent-rating-published,Phone Insurance,insurance2go-phone-insurance,Insurance2go Phone Insurance Review,https://compare100.com/insurance2go-phone-insurance/,,Independent rating published,"Defaqto 5 Star, dated 1 February 2019",,,,,,own_review,2026-09-01,false,high,current,
insurance2go-phone-insurance__insurer-on-the-current-gadget-wording,Phone Insurance,insurance2go-phone-insurance,Insurance2go Phone Insurance Review,https://compare100.com/insurance2go-phone-insurance/,,Insurer on the current gadget wording,"Collinson Insurance, a trading name of Astrenska Insurance Limited, FRN 202846",202846,,,,,own_review,2026-09-01,false,high,current,
insurance2go-phone-insurance__maximum-device-age-at-inception,Phone Insurance,insurance2go-phone-insurance,Insurance2go Phone Insurance Review,https://compare100.com/insurance2go-phone-insurance/,,Maximum device age at inception,"36 months, UK purchase only",36,,,,,own_review,2026-09-01,false,high,current,
insurance2go-phone-insurance__number-of-claims-allowed,Phone Insurance,insurance2go-phone-insurance,Insurance2go Phone Insurance Review,https://compare100.com/insurance2go-phone-insurance/,,Number of claims allowed,No limit stated while cover is in force,,,,,,own_review,2026-09-01,false,high,current,
insurance2go-phone-insurance__typical-excess,Phone Insurance,insurance2go-phone-insurance,Insurance2go Phone Insurance Review,https://compare100.com/insurance2go-phone-insurance/,,Typical excess,£50 to £150 by handset; the company quotes a range from about £25,,,,,,own_review,2026-09-01,false,high,current,
insurance2go-phone-insurance__unauthorised-usage,Phone Insurance,insurance2go-phone-insurance,Insurance2go Phone Insurance Review,https://compare100.com/insurance2go-phone-insurance/,,Unauthorised usage,"£1,000, within 24 hours of discovering the theft or loss",,,,,,own_review,2026-09-01,false,high,current,
protect-your-bubble-phone-insurance__cheapest-advertised-monthly-premium,Phone Insurance,protect-your-bubble-phone-insurance,"Protect Your Bubble Phone Insurance: The Price, The Excess and Who Actually Pays",https://compare100.com/protect-your-bubble-phone-insurance/,,Cheapest advertised monthly premium,"£5.99 a month — iPhone 17 256GB, damage and breakdown, after the 20% new-phone discount",,,,,,own_review,2026-09-13,true,high,current,
protect-your-bubble-phone-insurance__cheapest-advertised-phone-premium,Phone Insurance,protect-your-bubble-phone-insurance,"Protect Your Bubble Phone Insurance: The Price, The Excess and Who Actually Pays",https://compare100.com/protect-your-bubble-phone-insurance/,,Cheapest advertised phone premium,"£5.99 a month (iPhone 17 256GB, with the 20% new-phone discount)",,,,,,own_review,2026-09-13,false,high,current,
protect-your-bubble-phone-insurance__claim-limits,Phone Insurance,protect-your-bubble-phone-insurance,"Protect Your Bubble Phone Insurance: The Price, The Excess and Who Actually Pays",https://compare100.com/protect-your-bubble-phone-insurance/,,Claim limits,Unlimited repairs; two replacements per item in any 12 months; two loss or theft claims per device per 12 months,,,,,,own_review,2026-09-13,false,high,current,
protect-your-bubble-phone-insurance__claims-accepted-july-to-december-2025,Phone Insurance,protect-your-bubble-phone-insurance,"Protect Your Bubble Phone Insurance: The Price, The Excess and Who Actually Pays",https://compare100.com/protect-your-bubble-phone-insurance/,,"Claims accepted, July to December 2025","96.7%, the company's own published figure",96.7,,,,,own_review,2026-09-13,false,high,current,
protect-your-bubble-phone-insurance__excess-range,Phone Insurance,protect-your-bubble-phone-insurance,"Protect Your Bubble Phone Insurance: The Price, The Excess and Who Actually Pays",https://compare100.com/protect-your-bubble-phone-insurance/,,Excess range,"£50 to £150 per approved claim, set by device and by claim type",,,,,,own_review,2026-09-13,false,high,current,
protect-your-bubble-phone-insurance__fos-cases-1-july-2025-to-31-march-2026,Phone Insurance,protect-your-bubble-phone-insurance,"Protect Your Bubble Phone Insurance: The Price, The Excess and Who Actually Pays",https://compare100.com/protect-your-bubble-phone-insurance/,,"FOS cases, 1 July 2025 to 31 March 2026","402 new cases against Assurant General Insurance Limited, all general insurance",402,,,,,own_review,2026-09-13,false,high,current,
protect-your-bubble-phone-insurance__loss-cover,Phone Insurance,protect-your-bubble-phone-insurance,"Protect Your Bubble Phone Insurance: The Price, The Excess and Who Actually Pays",https://compare100.com/protect-your-bubble-phone-insurance/,,Loss cover,"Not included — £1.50 per item per month, and not sold at all on laptops, MacBooks, desktop PCs or monitors",1.50,,,GBP,,own_review,2026-09-13,false,high,current,
protect-your-bubble-phone-insurance__registered-office,Phone Insurance,protect-your-bubble-phone-insurance,"Protect Your Bubble Phone Insurance: The Price, The Excess and Who Actually Pays",https://compare100.com/protect-your-bubble-phone-insurance/,,Registered office,"Emerald Buildings, Westmere Drive, Crewe, Cheshire CW1 6UN",,,,,,own_review,2026-09-13,false,high,current,
protect-your-bubble-phone-insurance__sold-and-underwritten-by,Phone Insurance,protect-your-bubble-phone-insurance,"Protect Your Bubble Phone Insurance: The Price, The Excess and Who Actually Pays",https://compare100.com/protect-your-bubble-phone-insurance/,,Sold and underwritten by,"Assurant General Insurance Limited, company 02341082, FRN 202735 — Protect Your Bubble is its trading name",,,,,,own_review,2026-09-13,false,high,current,
protect-your-bubble-phone-insurance__three-gadgets-on-one-policy,Phone Insurance,protect-your-bubble-phone-insurance,"Protect Your Bubble Phone Insurance: The Price, The Excess and Who Actually Pays",https://compare100.com/protect-your-bubble-phone-insurance/,,Three gadgets on one policy,"£16.99 a month, then £2.50 a month for each further item, up to 10",,,,,,own_review,2026-09-13,false,high,current,
protect-your-bubble-phone-insurance__unauthorised-network-charges,Phone Insurance,protect-your-bubble-phone-insurance,"Protect Your Bubble Phone Insurance: The Price, The Excess and Who Actually Pays",https://compare100.com/protect-your-bubble-phone-insurance/,,Unauthorised network charges,"Up to £10,000, running from discovery plus 24 hours",,,,,,own_review,2026-09-13,false,high,current,
row-co-uk-phone-insurance__accessories-limit,Phone Insurance,row-co-uk-phone-insurance,Row.co.uk Phone Insurance Review,https://compare100.com/row-co-uk-phone-insurance/,,Accessories limit,£100 per claim,100,,,GBP,,own_review,2026-09-03,false,high,current,
row-co-uk-phone-insurance__additional-excess,Phone Insurance,row-co-uk-phone-insurance,Row.co.uk Phone Insurance Review,https://compare100.com/row-co-uk-phone-insurance/,,Additional excess,"£30 more for each of loss or theft, an international claim, and a claim in the first three months",30,,,GBP,,own_review,2026-09-03,false,high,current,
row-co-uk-phone-insurance__administrator-and-brand,Phone Insurance,row-co-uk-phone-insurance,Row.co.uk Phone Insurance Review,https://compare100.com/row-co-uk-phone-insurance/,,Administrator and brand,"BIG Warranties Limited (company 07002567), FRN 798998, Poole",,,,,,own_review,2026-09-03,false,high,current,
row-co-uk-phone-insurance__cancellation,Phone Insurance,row-co-uk-phone-insurance,Row.co.uk Phone Insurance Review,https://compare100.com/row-co-uk-phone-insurance/,,Cancellation,14-day statutory right; annual policies refunded pro rata less a £30 administration charge; no refund once a claim is made,,,,,,own_review,2026-09-03,false,high,current,
row-co-uk-phone-insurance__cheapest-phone-premium,Phone Insurance,row-co-uk-phone-insurance,Row.co.uk Phone Insurance Review,https://compare100.com/row-co-uk-phone-insurance/,,Cheapest phone premium,"£1.49 a month, or £1.41 a month paid annually",,,,,,own_review,2026-09-03,false,high,current,
row-co-uk-phone-insurance__claims-allowed,Phone Insurance,row-co-uk-phone-insurance,Row.co.uk Phone Insurance Review,https://compare100.com/row-co-uk-phone-insurance/,,Claims allowed,Unlimited accidental damage and breakdown; one theft or loss claim per policy year,,,,,,own_review,2026-09-03,false,high,current,
row-co-uk-phone-insurance__exclusion-period,Phone Insurance,row-co-uk-phone-insurance,Row.co.uk Phone Insurance Review,https://compare100.com/row-co-uk-phone-insurance/,,Exclusion period,No claim paid in the first 14 days of the policy,14,,,,,own_review,2026-09-03,false,high,current,
row-co-uk-phone-insurance__independent-rating,Phone Insurance,row-co-uk-phone-insurance,Row.co.uk Phone Insurance Review,https://compare100.com/row-co-uk-phone-insurance/,,Independent rating,"Smart Money People 4.51 out of 5 from 247 reviews, last reviewed 31 March 2019",,,,,,own_review,2026-09-03,false,high,current,
row-co-uk-phone-insurance__insurer-carrying-the-risk,Phone Insurance,row-co-uk-phone-insurance,Row.co.uk Phone Insurance Review,https://compare100.com/row-co-uk-phone-insurance/,,Insurer carrying the risk,"Collinson Insurance, a trading name of Astrenska Insurance Limited (company 01708613), FRN 202846",,,,,,own_review,2026-09-03,false,high,current,
row-co-uk-phone-insurance__maximum-device-age-at-inception,Phone Insurance,row-co-uk-phone-insurance,Row.co.uk Phone Insurance Review,https://compare100.com/row-co-uk-phone-insurance/,,Maximum device age at inception,Under 12 months old at the date of application,12,,,,,own_review,2026-09-03,false,high,current,
row-co-uk-phone-insurance__multi-gadget-discount,Phone Insurance,row-co-uk-phone-insurance,Row.co.uk Phone Insurance Review,https://compare100.com/row-co-uk-phone-insurance/,,Multi-gadget discount,"5% per extra device, up to 15% off (20% on an annual plan)",,,,,,own_review,2026-09-03,false,high,current,
row-co-uk-phone-insurance__replacement-basis,Phone Insurance,row-co-uk-phone-insurance,Row.co.uk Phone Insurance Review,https://compare100.com/row-co-uk-phone-insurance/,,Replacement basis,New or reconditioned units,,,,,,own_review,2026-09-03,false,high,current,
row-co-uk-phone-insurance__standard-excess,Phone Insurance,row-co-uk-phone-insurance,Row.co.uk Phone Insurance Review,https://compare100.com/row-co-uk-phone-insurance/,,Standard excess,"£40 if the gadget is covered for £200 or less, £75 above that, £80 for a laptop",,,,,,own_review,2026-09-03,false,high,current,
row-co-uk-phone-insurance__time-abroad,Phone Insurance,row-co-uk-phone-insurance,Row.co.uk Phone Insurance Review,https://compare100.com/row-co-uk-phone-insurance/,,Time abroad,Up to 90 days outside the UK in any one year,90,,,,,own_review,2026-09-03,false,high,current,
row-co-uk-phone-insurance__unauthorised-calls,Phone Insurance,row-co-uk-phone-insurance,Row.co.uk Phone Insurance Review,https://compare100.com/row-co-uk-phone-insurance/,,Unauthorised calls,"Up to £1,000 including VAT, for 48 hours after a valid theft claim",,,,,,own_review,2026-09-03,false,high,current,
home-emergency-assist-plumbing-insurance__boiler-age-limit,Plumbing Insurance,home-emergency-assist-plumbing-insurance,Home Emergency Assist Review,https://compare100.com/home-emergency-assist-plumbing-insurance/,,Boiler age limit,"15 years, or 238,000 Btu (70kW) net input",,,,,,own_review,2026-09-19,false,high,current,
home-emergency-assist-plumbing-insurance__claims-line,Plumbing Insurance,home-emergency-assist-plumbing-insurance,Home Emergency Assist Review,https://compare100.com/home-emergency-assist-plumbing-insurance/,,Claims line,"03330 034 999, 24 hours a day, 365 days a year — report within 48 hours",,,,,,own_review,2026-09-19,false,high,current,
home-emergency-assist-plumbing-insurance__essentials-claim-limits,Plumbing Insurance,home-emergency-assist-plumbing-insurance,Home Emergency Assist Review,https://compare100.com/home-emergency-assist-plumbing-insurance/,,Essentials claim limits,"£1,000 a claim, £3,000 a year",,,,,,own_review,2026-09-19,false,high,current,
home-emergency-assist-plumbing-insurance__excess,Plumbing Insurance,home-emergency-assist-plumbing-insurance,Home Emergency Assist Review,https://compare100.com/home-emergency-assist-plumbing-insurance/,,Excess,"£0, £60 or £95 by choice, plus a compulsory £60 in the first 90 days and on boilers over 10 years",,,,,,own_review,2026-09-19,false,high,current,
home-emergency-assist-plumbing-insurance__fees-outside-the-premium,Plumbing Insurance,home-emergency-assist-plumbing-insurance,Home Emergency Assist Review,https://compare100.com/home-emergency-assist-plumbing-insurance/,,Fees outside the premium,"£35 arrangement fee, and £35 again to cancel after the 14-day cooling-off period",,,,,,own_review,2026-09-19,false,high,current,
home-emergency-assist-plumbing-insurance__home-emergency-cover-monthly-price,Plumbing Insurance,home-emergency-assist-plumbing-insurance,Home Emergency Assist Review,https://compare100.com/home-emergency-assist-plumbing-insurance/,,"Home emergency cover, monthly price","£9.78 a month for Complete cover — £1,000 a claim, £3,000 a year, excess £0, £60 or £95",,,,,,own_review,2026-09-19,true,high,current,
home-emergency-assist-plumbing-insurance__sold-by,Plumbing Insurance,home-emergency-assist-plumbing-insurance,Home Emergency Assist Review,https://compare100.com/home-emergency-assist-plumbing-insurance/,,Sold by,"Home Emergency Assist Limited, company 08279496, Poole — an appointed representative of Insure Group Limited (FRN 584710)",,,,,,own_review,2026-09-19,false,high,current,
home-emergency-assist-plumbing-insurance__supercharged-claim-limits,Plumbing Insurance,home-emergency-assist-plumbing-insurance,Home Emergency Assist Review,https://compare100.com/home-emergency-assist-plumbing-insurance/,,Supercharged claim limits,"£5,000 a claim, no annual cap, £12.23 a month",,,,,,own_review,2026-09-19,false,high,current,
home-emergency-assist-plumbing-insurance__underwritten-by,Plumbing Insurance,home-emergency-assist-plumbing-insurance,Home Emergency Assist Review,https://compare100.com/home-emergency-assist-plumbing-insurance/,,Underwritten by,"Astrenska Insurance Limited, trading as Collinson Insurance (FRN 202846), through Novus Underwriting",202846,,,,,own_review,2026-09-19,false,high,current,
home-emergency-assist-plumbing-insurance__waiting-periods,Plumbing Insurance,home-emergency-assist-plumbing-insurance,Home Emergency Assist Review,https://compare100.com/home-emergency-assist-plumbing-insurance/,,Waiting periods,"14 days on most sections, 6 months on the boiler replacement contribution",,,,,,own_review,2026-09-19,false,high,current,
home-emergency-assist-plumbing-insurance__who-can-buy,Plumbing Insurance,home-emergency-assist-plumbing-insurance,Home Emergency Assist Review,https://compare100.com/home-emergency-assist-plumbing-insurance/,,Who can buy,"Owner-occupiers only, UK main residence — no let property, holiday homes or park homes",,,,,,own_review,2026-09-19,false,high,current,
homeserve-plumbing-insurance__claim-limit,Plumbing Insurance,homeserve-plumbing-insurance,HomeServe Plumbing and Drainage Insurance,https://compare100.com/homeserve-plumbing-insurance/,,Claim limit,"£4,000 per claim, unlimited number of claims",4000,,,GBP,,own_review,2026-09-14,false,high,current,
homeserve-plumbing-insurance__complaints-first-half-of-2026,Plumbing Insurance,homeserve-plumbing-insurance,HomeServe Plumbing and Drainage Insurance,https://compare100.com/homeserve-plumbing-insurance/,,"Complaints, first half of 2026","2,264 opened, 3.05 per 1,000 policies, 22% upheld",,,,,,own_review,2026-09-14,false,high,current,
homeserve-plumbing-insurance__complaints-line,Plumbing Insurance,homeserve-plumbing-insurance,HomeServe Plumbing and Drainage Insurance,https://compare100.com/homeserve-plumbing-insurance/,,Complaints line,"0330 0247 999, eight weeks before the Ombudsman",,,,,,own_review,2026-09-14,false,high,current,
homeserve-plumbing-insurance__excess,Plumbing Insurance,homeserve-plumbing-insurance,HomeServe Plumbing and Drainage Insurance,https://compare100.com/homeserve-plumbing-insurance/,,Excess,£30 for each separate problem registered,30,,,GBP,,own_review,2026-09-14,false,high,current,
homeserve-plumbing-insurance__exclusion-period,Plumbing Insurance,homeserve-plumbing-insurance,HomeServe Plumbing and Drainage Insurance,https://compare100.com/homeserve-plumbing-insurance/,,Exclusion period,28 days from the start of the policy,28,,,,,own_review,2026-09-14,false,high,current,
homeserve-plumbing-insurance__plumbing-and-drainage-cover-monthly-price,Plumbing Insurance,homeserve-plumbing-insurance,HomeServe Plumbing and Drainage Insurance,https://compare100.com/homeserve-plumbing-insurance/,,"Plumbing and drainage cover, monthly price","50p a month in year one, then £16.45 a month — £30 excess per claim",,,,,,own_review,2026-09-14,true,high,current,
homeserve-plumbing-insurance__registered-office,Plumbing Insurance,homeserve-plumbing-insurance,HomeServe Plumbing and Drainage Insurance,https://compare100.com/homeserve-plumbing-insurance/,,Registered office,"Cable Drive, Walsall WS2 7BN, incorporated 3 December 1992",,,,,,own_review,2026-09-14,false,high,current,
homeserve-plumbing-insurance__sold-and-administered-by,Plumbing Insurance,homeserve-plumbing-insurance,HomeServe Plumbing and Drainage Insurance,https://compare100.com/homeserve-plumbing-insurance/,,Sold and administered by,"HomeServe Membership Limited, FRN 312518, company 02770612",,,,,,own_review,2026-09-14,false,high,current,
homeserve-plumbing-insurance__underwritten-by,Plumbing Insurance,homeserve-plumbing-insurance,HomeServe Plumbing and Drainage Insurance,https://compare100.com/homeserve-plumbing-insurance/,,Underwritten by,"Aviva Insurance Limited, registered in Scotland, company 2116",2116,,,,,own_review,2026-09-14,false,high,current,
homeserve-plumbing-insurance__year-one-price,Plumbing Insurance,homeserve-plumbing-insurance,HomeServe Plumbing and Drainage Insurance,https://compare100.com/homeserve-plumbing-insurance/,,Year one price,"50p a month, £6 for the year (offer ends 15 September 2026)",,,,,,own_review,2026-09-14,false,high,current,
homeserve-plumbing-insurance__year-two-price,Plumbing Insurance,homeserve-plumbing-insurance,HomeServe Plumbing and Drainage Insurance,https://compare100.com/homeserve-plumbing-insurance/,,Year two price,"£16.45 a month, £197.40 a year, for a customer who has not claimed",,,,,,own_review,2026-09-14,false,high,current,
smart-cover-plumbing-insurance__cancellation-after-cooling-off,Plumbing Insurance,smart-cover-plumbing-insurance,Smart Cover Plumbing and Drainage Insurance,https://compare100.com/smart-cover-plumbing-insurance/,,Cancellation after cooling-off,£15 administration fee on annual policies,15,,,GBP,,own_review,2026-08-30,false,high,current,
smart-cover-plumbing-insurance__cooling-off-period,Plumbing Insurance,smart-cover-plumbing-insurance,Smart Cover Plumbing and Drainage Insurance,https://compare100.com/smart-cover-plumbing-insurance/,,Cooling-off period,"14 days, full refund if no claim made",14,,,,,own_review,2026-08-30,false,high,current,
smart-cover-plumbing-insurance__engineer-attendance,Plumbing Insurance,smart-cover-plumbing-insurance,Smart Cover Plumbing and Drainage Insurance,https://compare100.com/smart-cover-plumbing-insurance/,,Engineer attendance,Within 24 hours of a claim being approved,24,,,,,own_review,2026-08-30,false,high,current,
smart-cover-plumbing-insurance__excess-options,Plumbing Insurance,smart-cover-plumbing-insurance,Smart Cover Plumbing and Drainage Insurance,https://compare100.com/smart-cover-plumbing-insurance/,,Excess options,"£0, £49, £69 or £99 depending on plan",,,,,,own_review,2026-08-30,false,high,current,
smart-cover-plumbing-insurance__independent-rating,Plumbing Insurance,smart-cover-plumbing-insurance,Smart Cover Plumbing and Drainage Insurance,https://compare100.com/smart-cover-plumbing-insurance/,,Independent rating,4.46 out of 5 across 83 reviews at Smart Money People,,,,,,own_review,2026-08-30,false,high,current,
smart-cover-plumbing-insurance__plumbing-and-drainage-plan,Plumbing Insurance,smart-cover-plumbing-insurance,Smart Cover Plumbing and Drainage Insurance,https://compare100.com/smart-cover-plumbing-insurance/,,Plumbing and drainage plan,£6.27 a month (from £6.96),,,,,,own_review,2026-08-30,false,high,current,
smart-cover-plumbing-insurance__plumbing-drainage-and-electrics,Plumbing Insurance,smart-cover-plumbing-insurance,Smart Cover Plumbing and Drainage Insurance,https://compare100.com/smart-cover-plumbing-insurance/,,"Plumbing, drainage and electrics","£9.00 a month, £1,000 a year and £250 per claim",,,,,,own_review,2026-08-30,false,high,current,
smart-cover-plumbing-insurance__principal-firm,Plumbing Insurance,smart-cover-plumbing-insurance,Smart Cover Plumbing and Drainage Insurance,https://compare100.com/smart-cover-plumbing-insurance/,,Principal firm,"City and Commercial Limited, FRN 314346",314346,,,,,own_review,2026-08-30,false,high,current,
smart-cover-plumbing-insurance__smart-home-essential,Plumbing Insurance,smart-cover-plumbing-insurance,Smart Cover Plumbing and Drainage Insurance,https://compare100.com/smart-cover-plumbing-insurance/,,Smart Home Essential,"£10.90 a month, unlimited annually, £500 per claim",,,,,,own_review,2026-08-30,false,high,current,
smart-cover-plumbing-insurance__sold-by,Plumbing Insurance,smart-cover-plumbing-insurance,Smart Cover Plumbing and Drainage Insurance,https://compare100.com/smart-cover-plumbing-insurance/,,Sold by,"Smart-Cover Direct Limited, FRN 600428, company 08493961",,,,,,own_review,2026-08-30,false,high,current,
smart-cover-plumbing-insurance__waiting-period,Plumbing Insurance,smart-cover-plumbing-insurance,Smart Cover Plumbing and Drainage Insurance,https://compare100.com/smart-cover-plumbing-insurance/,,Waiting period,"14 days for homeowners, 28 days for landlords",,,,,,own_review,2026-08-30,false,high,current,
breeze-esim-review__activation-window,SIM Only,breeze-esim-review,"breeze eSIM Review: Plans, Networks and the Small Print",https://compare100.com/breeze-esim-review/,,Activation window,"12 months from purchase, then the plan expires without refund",12,,,,,own_review,2026-09-06,false,high,current,
breeze-esim-review__complaints,SIM Only,breeze-esim-review,"breeze eSIM Review: Plans, Networks and the Small Print",https://compare100.com/breeze-esim-review/,,Complaints,"complaints@breezesim.com, +44 330 320 2064, then an Ofcom-approved adjudicator",,,,,,own_review,2026-09-06,false,high,current,
breeze-esim-review__coverage-claimed,SIM Only,breeze-esim-review,"breeze eSIM Review: Plans, Networks and the Small Print",https://compare100.com/breeze-esim-review/,,Coverage claimed,"190+ countries, 1,200+ networks",,,,,,own_review,2026-09-06,false,high,current,
breeze-esim-review__entry-price,SIM Only,breeze-esim-review,"breeze eSIM Review: Plans, Networks and the Small Print",https://compare100.com/breeze-esim-review/,,Entry price,From $3.99; 10GB for 30 days in the USA listed at $13.99,,,,,,own_review,2026-09-06,false,high,current,
breeze-esim-review__fair-use-limit,SIM Only,breeze-esim-review,"breeze eSIM Review: Plans, Networks and the Small Print",https://compare100.com/breeze-esim-review/,,Fair use limit,60 consecutive days in any one country,60,,,,,own_review,2026-09-06,false,high,current,
breeze-esim-review__liability-cap,SIM Only,breeze-esim-review,"breeze eSIM Review: Plans, Networks and the Small Print",https://compare100.com/breeze-esim-review/,,Liability cap,"£1,000 per incident, £3,000 in any 12 months",,,,,,own_review,2026-09-06,false,high,current,
breeze-esim-review__operating-company,SIM Only,breeze-esim-review,"breeze eSIM Review: Plans, Networks and the Small Print",https://compare100.com/breeze-esim-review/,,Operating company,"eSIM Go Limited (12465777), trading as Breeze; retail arm Breezesim Limited (16221665)",,,,,,own_review,2026-09-06,false,high,current,
breeze-esim-review__plan-sizes,SIM Only,breeze-esim-review,"breeze eSIM Review: Plans, Networks and the Small Print",https://compare100.com/breeze-esim-review/,,Plan sizes,"1GB to 100GB fixed, plus unlimited and 24-hour day plans",,,,,,own_review,2026-09-06,false,high,current,
breeze-esim-review__registered-office,SIM Only,breeze-esim-review,"breeze eSIM Review: Plans, Networks and the Small Print",https://compare100.com/breeze-esim-review/,,Registered office,"First Floor, 18-19 South Bar Street, Banbury, Oxfordshire OX16 9AF",,,,,,own_review,2026-09-06,false,high,current,
breeze-esim-review__validity,SIM Only,breeze-esim-review,"breeze eSIM Review: Plans, Networks and the Small Print",https://compare100.com/breeze-esim-review/,,Validity,"Starts on first use in the destination, not at purchase",,,,,,own_review,2026-09-06,false,high,current,
carphone-warehouse-sim-only__cashback-method,SIM Only,carphone-warehouse-sim-only,Carphone Warehouse SIM Only,https://compare100.com/carphone-warehouse-sim-only/,,Cashback method,"Cheque, claimed within 28 or 60 days of purchase",,,,,,own_review,2026-09-16,false,high,current,
carphone-warehouse-sim-only__cheapest-no-commitment-plan,SIM Only,carphone-warehouse-sim-only,Carphone Warehouse SIM Only,https://compare100.com/carphone-warehouse-sim-only/,,Cheapest no-commitment plan,"£6.00 a month (10GB, rolling month, iD Mobile)",,,,,,own_review,2026-09-16,false,high,current,
carphone-warehouse-sim-only__cheapest-plan,SIM Only,carphone-warehouse-sim-only,Carphone Warehouse SIM Only,https://compare100.com/carphone-warehouse-sim-only/,,Cheapest plan,"£6.00 a month (20GB, 24 months, iD Mobile)",,,,,,own_review,2026-09-16,false,high,current,
carphone-warehouse-sim-only__cheapest-sim-only-plan,SIM Only,carphone-warehouse-sim-only,Carphone Warehouse SIM Only,https://compare100.com/carphone-warehouse-sim-only/,,Cheapest SIM-only plan,"£6.00 a month — 20GB, unlimited minutes and texts, iD Mobile, 24-month term",,,,,,own_review,2026-09-16,true,high,current,
carphone-warehouse-sim-only__dearest-plan,SIM Only,carphone-warehouse-sim-only,Carphone Warehouse SIM Only,https://compare100.com/carphone-warehouse-sim-only/,,Dearest plan,"£23.00 a month (unlimited data, 24 months, Vodafone)",,,,,,own_review,2026-09-16,false,high,current,
carphone-warehouse-sim-only__id-mobile-sim-only-price-rises,SIM Only,carphone-warehouse-sim-only,Carphone Warehouse SIM Only,https://compare100.com/carphone-warehouse-sim-only/,,iD Mobile SIM-only price rises,"None — ""not subject to annual CPI or RPI price increases""",,,,,,own_review,2026-09-16,false,high,current,
carphone-warehouse-sim-only__retailer-s-own-network,SIM Only,carphone-warehouse-sim-only,Carphone Warehouse SIM Only,https://compare100.com/carphone-warehouse-sim-only/,,Retailer's own network,"iD Mobile, 2.6m subscribers, running on Three",2.6,,,,,own_review,2026-09-16,false,high,current,
carphone-warehouse-sim-only__roaming-included-id,SIM Only,carphone-warehouse-sim-only,Carphone Warehouse SIM Only,https://compare100.com/carphone-warehouse-sim-only/,,Roaming included (iD),"50 destinations, up to 30GB",,,,,,own_review,2026-09-16,false,high,current,
carphone-warehouse-sim-only__roaming-included-vodafone,SIM Only,carphone-warehouse-sim-only,Carphone Warehouse SIM Only,https://compare100.com/carphone-warehouse-sim-only/,,Roaming included (Vodafone),"Zone A only — Ireland, Isle of Man, Iceland, Norway",,,,,,own_review,2026-09-16,false,high,current,
carphone-warehouse-sim-only__sim-only-plans-listed,SIM Only,carphone-warehouse-sim-only,Carphone Warehouse SIM Only,https://compare100.com/carphone-warehouse-sim-only/,,SIM-only plans listed,"14, across iD Mobile, Vodafone and VOXI",14,,,,,own_review,2026-09-16,false,high,current,
carphone-warehouse-sim-only__terms-available,SIM Only,carphone-warehouse-sim-only,Carphone Warehouse SIM Only,https://compare100.com/carphone-warehouse-sim-only/,,Terms available,"1 month, 12 months, 24 months",,,,,,own_review,2026-09-16,false,high,current,
carphone-warehouse-sim-only__upfront-cost,SIM Only,carphone-warehouse-sim-only,Carphone Warehouse SIM Only,https://compare100.com/carphone-warehouse-sim-only/,,Upfront cost,£0.00 on every SIM-only plan listed,0.00,,,GBP,,own_review,2026-09-16,false,high,current,
carphone-warehouse-sim-only__vodafone-sim-only-price-rises,SIM Only,carphone-warehouse-sim-only,Carphone Warehouse SIM Only,https://compare100.com/carphone-warehouse-sim-only/,,Vodafone SIM-only price rises,Stepped in pounds and pence each 1 April,1,,,,,own_review,2026-09-16,false,high,current,
aldermore-savings-account__4-year-bond,Savings Accounts,aldermore-savings-account,Aldermore Savings Accounts: The Fixed-Term Specialist,https://compare100.com/aldermore-savings-account/,,4-year bond,4.61% AER — the only 4-year term in this comparison; Which? best buy,,,,,,own_review,2026-08-15,false,high,current,
aldermore-savings-account__best-advertised-rate,Savings Accounts,aldermore-savings-account,Aldermore Savings Accounts: The Fixed-Term Specialist,https://compare100.com/aldermore-savings-account/,,Best advertised rate,"4.65% AER — 5-year fixed bond, £1,000 minimum",,,,,,own_review,2026-08-15,true,high,current,
aldermore-savings-account__best-fixed-bond,Savings Accounts,aldermore-savings-account,Aldermore Savings Accounts: The Fixed-Term Specialist,https://compare100.com/aldermore-savings-account/,,Best fixed bond,5 years at 4.65% AER,,,,,,own_review,2026-08-15,false,high,current,
aldermore-savings-account__best-fixed-cash-isa,Savings Accounts,aldermore-savings-account,Aldermore Savings Accounts: The Fixed-Term Specialist,https://compare100.com/aldermore-savings-account/,,Best fixed cash ISA,3 years at 4.75% AER tax-free,,,,,,own_review,2026-08-15,false,high,current,
aldermore-savings-account__double-access-account,Savings Accounts,aldermore-savings-account,Aldermore Savings Accounts: The Fixed-Term Specialist,https://compare100.com/aldermore-savings-account/,,Double Access Account,"3.75% with up to 2 withdrawals a year, then 1.50%; £1,000 minimum",,,,,,own_review,2026-08-15,false,high,current,
aldermore-savings-account__easy-access-account,Savings Accounts,aldermore-savings-account,Aldermore Savings Accounts: The Fixed-Term Specialist,https://compare100.com/aldermore-savings-account/,,Easy Access Account,"2.25%, £100 minimum",,,,,,own_review,2026-08-15,false,high,current,
aldermore-savings-account__fca-complaints-2025-h2,Savings Accounts,aldermore-savings-account,Aldermore Savings Accounts: The Fixed-Term Specialist,https://compare100.com/aldermore-savings-account/,,"FCA complaints, 2025 H2","1,445 opened (754 banking/credit cards, 691 home finance)",,,,,,own_review,2026-08-15,false,high,current,
aldermore-savings-account__fixed-rate-savings-terms,Savings Accounts,aldermore-savings-account,Aldermore Savings Accounts: The Fixed-Term Specialist,https://compare100.com/aldermore-savings-account/,,Fixed Rate Savings terms,"9 months, 1yr, 18 months, 2, 3, 4 and 5 years — £1,000 minimum",,,,,,own_review,2026-08-15,false,high,current,
aldermore-savings-account__fos-new-cases-jul-2025-mar-2026,Savings Accounts,aldermore-savings-account,Aldermore Savings Accounts: The Fixed-Term Specialist,https://compare100.com/aldermore-savings-account/,,"FOS new cases, Jul 2025–Mar 2026",74 — lowest of the five (uphold rate unverified),74,,,,,own_review,2026-08-15,false,high,current,
aldermore-savings-account__fscs-protection,Savings Accounts,aldermore-savings-account,Aldermore Savings Accounts: The Fixed-Term Specialist,https://compare100.com/aldermore-savings-account/,,FSCS protection,"£120,000 per person; own licence, not shared with another brand",120000,,,GBP,,own_review,2026-08-15,false,high,current,
aldermore-savings-account__independent-recognition,Savings Accounts,aldermore-savings-account,Aldermore Savings Accounts: The Fixed-Term Specialist,https://compare100.com/aldermore-savings-account/,,Independent recognition,"Which? Recommended Provider; Defaqto Banking Award 2026, Fixed Term Cash ISAs",2026,,,,,own_review,2026-08-15,false,high,current,
aldermore-savings-account__notice-accounts,Savings Accounts,aldermore-savings-account,Aldermore Savings Accounts: The Fixed-Term Specialist,https://compare100.com/aldermore-savings-account/,,Notice accounts,45 Day Notice 4.05%; 60 Day Notice Cash ISA 3.51%,,,,,,own_review,2026-08-15,false,high,current,
aldermore-savings-account__regular-saver,Savings Accounts,aldermore-savings-account,Aldermore Savings Accounts: The Fixed-Term Specialist,https://compare100.com/aldermore-savings-account/,,Regular Saver,"4.20%, £25 minimum, £300 maximum per month",,,,,,own_review,2026-08-15,false,high,current,
aldermore-savings-account__reward-isa-single-access,Savings Accounts,aldermore-savings-account,Aldermore Savings Accounts: The Fixed-Term Specialist,https://compare100.com/aldermore-savings-account/,,Reward ISA Single Access,"4.00% with 1 or fewer withdrawals a year, then 2.00%; £100 minimum",,,,,,own_review,2026-08-15,false,high,current,
close-brothers-savings-account__95-day-notice,Savings Accounts,close-brothers-savings-account,"Close Brothers Savings: £10,000 Minimum, 4.85% Ceiling",https://compare100.com/close-brothers-savings-account/,,95 Day Notice,"4.10% AER variable, top-ups allowed at any time",4.10,,,,,own_review,2026-08-15,false,high,current,
close-brothers-savings-account__awards,Savings Accounts,close-brothers-savings-account,"Close Brothers Savings: £10,000 Minimum, 4.85% Ceiling",https://compare100.com/close-brothers-savings-account/,,Awards,Moneyfacts Compare Awards 2026 — Fixed Rate Savings Provider and ISA Provider of the Year,2026,,,,,own_review,2026-08-15,false,high,current,
close-brothers-savings-account__best-advertised-rate,Savings Accounts,close-brothers-savings-account,"Close Brothers Savings: £10,000 Minimum, 4.85% Ceiling",https://compare100.com/close-brothers-savings-account/,,Best advertised rate,"4.85% AER — 5-year fixed bond, £10,000 minimum",,,,,,own_review,2026-08-15,true,high,current,
close-brothers-savings-account__early-isa-exit-penalty,Savings Accounts,close-brothers-savings-account,"Close Brothers Savings: £10,000 Minimum, 4.85% Ceiling",https://compare100.com/close-brothers-savings-account/,,Early ISA exit penalty,90–365 days' interest depending on term,,,,,,own_review,2026-08-15,false,high,current,
close-brothers-savings-account__easy-access,Savings Accounts,close-brothers-savings-account,"Close Brothers Savings: £10,000 Minimum, 4.85% Ceiling",https://compare100.com/close-brothers-savings-account/,,Easy Access,"3.85% AER variable, unlimited withdrawals, no bonus",3.85,,,,,own_review,2026-08-15,false,high,current,
close-brothers-savings-account__fixed-rate-bonds,Savings Accounts,close-brothers-savings-account,"Close Brothers Savings: £10,000 Minimum, 4.85% Ceiling",https://compare100.com/close-brothers-savings-account/,,Fixed Rate Bonds,"5yr 4.85%, 3yr 4.80%, 2yr 4.80%, 1yr 4.72% AER",,,,,,own_review,2026-08-15,false,high,current,
close-brothers-savings-account__fixed-rate-cash-isas,Savings Accounts,close-brothers-savings-account,"Close Brothers Savings: £10,000 Minimum, 4.85% Ceiling",https://compare100.com/close-brothers-savings-account/,,Fixed Rate Cash ISAs,"Up to 4.75% over 1, 2, 3 and 5-year terms",,,,,,own_review,2026-08-15,false,high,current,
close-brothers-savings-account__fos-new-cases-jul-2025-mar-2026,Savings Accounts,close-brothers-savings-account,"Close Brothers Savings: £10,000 Minimum, 4.85% Ceiling",https://compare100.com/close-brothers-savings-account/,,"FOS new cases, Jul 2025–Mar 2026","671 against Close Brothers Limited, mostly motor finance (uphold rate unverified)",671,,,,,own_review,2026-08-15,false,high,current,
close-brothers-savings-account__funding-window,Savings Accounts,close-brothers-savings-account,"Close Brothers Savings: £10,000 Minimum, 4.85% Ceiling",https://compare100.com/close-brothers-savings-account/,,Funding window,"10 days, multiple transfers accepted; then no deposits or withdrawals",10,,,,,own_review,2026-08-15,false,high,current,
close-brothers-savings-account__group-conduct-provision,Savings Accounts,close-brothers-savings-account,"Close Brothers Savings: £10,000 Minimum, 4.85% Ceiling",https://compare100.com/close-brothers-savings-account/,,Group conduct provision,"Motor finance redress provision raised to £300m from £165m, with further provisions since",,,,,,own_review,2026-08-15,false,high,current,
close-brothers-savings-account__interest-treatment,Savings Accounts,close-brothers-savings-account,"Close Brothers Savings: £10,000 Minimum, 4.85% Ceiling",https://compare100.com/close-brothers-savings-account/,,Interest treatment,Paid away annually and/or at maturity — not compounded,,,,,,own_review,2026-08-15,false,high,current,
close-brothers-savings-account__maximum-deposit,Savings Accounts,close-brothers-savings-account,"Close Brothers Savings: £10,000 Minimum, 4.85% Ceiling",https://compare100.com/close-brothers-savings-account/,,Maximum deposit,"£2,000,000 per account (FSCS protects £120,000)",,,,,,own_review,2026-08-15,false,high,current,
close-brothers-savings-account__minimum-deposit,Savings Accounts,close-brothers-savings-account,"Close Brothers Savings: £10,000 Minimum, 4.85% Ceiling",https://compare100.com/close-brothers-savings-account/,,Minimum deposit,"£10,000 on every product — the highest entry barrier in this comparison",10000,,,GBP,,own_review,2026-08-15,false,high,current,
close-brothers-savings-account__not-available,Savings Accounts,close-brothers-savings-account,"Close Brothers Savings: £10,000 Minimum, 4.85% Ceiling",https://compare100.com/close-brothers-savings-account/,,Not available,"Branches, regular saver, under-18 products",18,,,,,own_review,2026-08-15,false,high,current,
cynergy-bank-savings-account__1-year-fixed-rate-cash-isa,Savings Accounts,cynergy-bank-savings-account,"Cynergy Bank Savings Accounts: Rates, Bonus Trap and Verdict",https://compare100.com/cynergy-bank-savings-account/,,1-Year Fixed Rate Cash ISA,"4.67% AER tax-free, £500 minimum, £20,000 subscription cap",,,,,,own_review,2026-08-15,false,high,current,
cynergy-bank-savings-account__best-advertised-rate,Savings Accounts,cynergy-bank-savings-account,"Cynergy Bank Savings Accounts: Rates, Bonus Trap and Verdict",https://compare100.com/cynergy-bank-savings-account/,,Best advertised rate,4.67% AER — 1-year fixed cash ISA. Easy access 4.55%,,,,,,own_review,2026-08-15,true,high,current,
cynergy-bank-savings-account__bond-funding-window,Savings Accounts,cynergy-bank-savings-account,"Cynergy Bank Savings Accounts: Rates, Bonus Trap and Verdict",https://compare100.com/cynergy-bank-savings-account/,,Bond funding window,"14 days, then no further deposits and no withdrawals",14,,,,,own_review,2026-08-15,false,high,current,
cynergy-bank-savings-account__branches,Savings Accounts,cynergy-bank-savings-account,"Cynergy Bank Savings Accounts: Rates, Bonus Trap and Verdict",https://compare100.com/cynergy-bank-savings-account/,,Branches,None — online management only,,,,,,own_review,2026-08-15,false,high,current,
cynergy-bank-savings-account__early-isa-closure-penalty,Savings Accounts,cynergy-bank-savings-account,"Cynergy Bank Savings Accounts: Rates, Bonus Trap and Verdict",https://compare100.com/cynergy-bank-savings-account/,,Early ISA closure penalty,180 days' loss of interest; not a flexible ISA,180,,,,,own_review,2026-08-15,false,high,current,
cynergy-bank-savings-account__eligibility,Savings Accounts,cynergy-bank-savings-account,"Cynergy Bank Savings Accounts: Rates, Bonus Trap and Verdict",https://compare100.com/cynergy-bank-savings-account/,,Eligibility,18+ and UK resident for tax purposes,18,,,,,own_review,2026-08-15,false,high,current,
cynergy-bank-savings-account__fixed-rate-bonds,Savings Accounts,cynergy-bank-savings-account,"Cynergy Bank Savings Accounts: Rates, Bonus Trap and Verdict",https://compare100.com/cynergy-bank-savings-account/,,Fixed Rate Bonds,"£1,000 minimum to £1,000,000; 6-month shown at 4.27% AER",,,,,,own_review,2026-08-15,false,high,current,
cynergy-bank-savings-account__fos-new-cases-jul-2025-mar-2026,Savings Accounts,cynergy-bank-savings-account,"Cynergy Bank Savings Accounts: Rates, Bonus Trap and Verdict",https://compare100.com/cynergy-bank-savings-account/,,"FOS new cases, Jul 2025–Mar 2026",83 (uphold rate unverified),83,,,,,own_review,2026-08-15,false,high,current,
cynergy-bank-savings-account__fscs-protection,Savings Accounts,cynergy-bank-savings-account,"Cynergy Bank Savings Accounts: Rates, Bonus Trap and Verdict",https://compare100.com/cynergy-bank-savings-account/,,FSCS protection,"£120,000 per person (£240,000 joint); own licence, not shared",,,,,,own_review,2026-08-15,false,high,current,
cynergy-bank-savings-account__minimum-to-open-easy-access,Savings Accounts,cynergy-bank-savings-account,"Cynergy Bank Savings Accounts: Rates, Bonus Trap and Verdict",https://compare100.com/cynergy-bank-savings-account/,,Minimum to open easy access,£1,1,,,GBP,,own_review,2026-08-15,false,high,current,
cynergy-bank-savings-account__notice-accounts,Savings Accounts,cynergy-bank-savings-account,"Cynergy Bank Savings Accounts: Rates, Bonus Trap and Verdict",https://compare100.com/cynergy-bank-savings-account/,,Notice accounts,"35 / 95 / 120 days, £500 minimum — rates indicative, confirm with Cynergy",,,,,,own_review,2026-08-15,false,high,current,
cynergy-bank-savings-account__online-easy-access-rate,Savings Accounts,cynergy-bank-savings-account,"Cynergy Bank Savings Accounts: Rates, Bonus Trap and Verdict",https://compare100.com/cynergy-bank-savings-account/,,Online Easy Access rate,4.55% AER variable (includes 2.00% AER bonus for 12 months),,,,,,own_review,2026-08-15,false,high,current,
cynergy-bank-savings-account__online-isa,Savings Accounts,cynergy-bank-savings-account,"Cynergy Bank Savings Accounts: Rates, Bonus Trap and Verdict",https://compare100.com/cynergy-bank-savings-account/,,Online ISA,"4.15% AER variable, £1 minimum, transfers in accepted",,,,,,own_review,2026-08-15,false,high,current,
cynergy-bank-savings-account__underlying-rate-after-bonus,Savings Accounts,cynergy-bank-savings-account,"Cynergy Bank Savings Accounts: Rates, Bonus Trap and Verdict",https://compare100.com/cynergy-bank-savings-account/,,Underlying rate after bonus,Approx. 2.55% AER (derived: headline minus stated bonus),2.55,,,,,own_review,2026-08-15,false,high,current,
nationwide-savings-account__1-year-triple-access-saver-isa,Savings Accounts,nationwide-savings-account,Nationwide Savings Accounts: Member Rates and the Catch,https://compare100.com/nationwide-savings-account/,,1 Year Triple Access Saver / ISA,"3.30%, 3 free withdrawals then 1.05%",,,,,,own_review,2026-08-15,false,high,current,
nationwide-savings-account__best-advertised-rate,Savings Accounts,nationwide-savings-account,Nationwide Savings Accounts: Member Rates and the Catch,https://compare100.com/nationwide-savings-account/,,Best advertised rate,"6.50% AER — Flex Regular Saver, max £200 a month",,,,,,own_review,2026-08-15,true,high,current,
nationwide-savings-account__children-s-future-saver,Savings Accounts,nationwide-savings-account,Nationwide Savings Accounts: Member Rates and the Catch,https://compare100.com/nationwide-savings-account/,,Children's Future Saver,"2.80% on up to £5,000/year, 2 free withdrawals then 1.35%",,,,,,own_review,2026-08-15,false,high,current,
nationwide-savings-account__fairer-share-payment,Savings Accounts,nationwide-savings-account,Nationwide Savings Accounts: Member Rates and the Catch,https://compare100.com/nationwide-savings-account/,,Fairer Share Payment,"£100 to around 4.4 million members, June 2026 (approx. £440m total)",,,,,,own_review,2026-08-15,false,high,current,
nationwide-savings-account__fixed-rate-cash-isas,Savings Accounts,nationwide-savings-account,Nationwide Savings Accounts: Member Rates and the Catch,https://compare100.com/nationwide-savings-account/,,Fixed Rate Cash ISAs,"5yr 4.70%, 3yr 4.65%, 2yr 4.50%, 1yr 4.40% — sole accounts, 18+",,,,,,own_review,2026-08-15,false,high,current,
nationwide-savings-account__fixed-rate-online-bonds,Savings Accounts,nationwide-savings-account,Nationwide Savings Accounts: Member Rates and the Catch,https://compare100.com/nationwide-savings-account/,,Fixed Rate Online Bonds,"5yr 4.65%, 3yr 4.60%, 2yr 4.30%, 1yr 4.25% — available from 16",,,,,,own_review,2026-08-15,false,high,current,
nationwide-savings-account__flex-instant-saver,Savings Accounts,nationwide-savings-account,Nationwide Savings Accounts: Member Rates and the Catch,https://compare100.com/nationwide-savings-account/,,Flex Instant Saver,2.30% (online only),2.30,,,,,own_review,2026-08-15,false,high,current,
nationwide-savings-account__flex-regular-saver,Savings Accounts,nationwide-savings-account,Nationwide Savings Accounts: Member Rates and the Catch,https://compare100.com/nationwide-savings-account/,,Flex Regular Saver,"6.50% AER variable, max £200/month, 4 free withdrawals then 1.05%",,,,,,own_review,2026-08-15,false,high,current,
nationwide-savings-account__flexone-saver,Savings Accounts,nationwide-savings-account,Nationwide Savings Accounts: Member Rates and the Catch,https://compare100.com/nationwide-savings-account/,,FlexOne Saver,"5.00% on up to £5,000, for 11–17 year olds with a FlexOne account",,,,,,own_review,2026-08-15,false,high,current,
nationwide-savings-account__fos-new-cases-jul-2025-mar-2026,Savings Accounts,nationwide-savings-account,Nationwide Savings Accounts: Member Rates and the Catch,https://compare100.com/nationwide-savings-account/,,"FOS new cases, Jul 2025–Mar 2026","3,001 (uphold rate unverified)",3001,,,,,own_review,2026-08-15,false,high,current,
nationwide-savings-account__fscs-protection,Savings Accounts,nationwide-savings-account,Nationwide Savings Accounts: Member Rates and the Catch,https://compare100.com/nationwide-savings-account/,,FSCS protection,"£120,000 per person combined across Nationwide and Virgin Money",120000,,,GBP,,own_review,2026-08-15,false,high,current,
nationwide-savings-account__instant-access-saver,Savings Accounts,nationwide-savings-account,Nationwide Savings Accounts: Member Rates and the Catch,https://compare100.com/nationwide-savings-account/,,Instant Access Saver,1.10–1.20% tiered,,,,,,own_review,2026-08-15,false,high,current,
nationwide-savings-account__ownership,Savings Accounts,nationwide-savings-account,Nationwide Savings Accounts: Member Rates and the Catch,https://compare100.com/nationwide-savings-account/,,Ownership,"Building society (mutual), owned by its members",,,,,,own_review,2026-08-15,false,high,current,
santander-savings-account__best-advertised-rate,Savings Accounts,santander-savings-account,Santander Savings Accounts: What the 8% Actually Pays,https://compare100.com/santander-savings-account/,,Best advertised rate,"8.00% AER — Regular Saver, max £200 a month",,,,,,own_review,2026-08-15,true,high,current,
santander-savings-account__cash-isas,Savings Accounts,santander-savings-account,Santander Savings Accounts: What the 8% Actually Pays,https://compare100.com/santander-savings-account/,,Cash ISAs,Fixed 4.50–4.70%; Easy Access ISA 2.00%; Junior ISA 2.70%; Inheritance ISA 2.45%,,,,,,own_review,2026-08-15,false,high,current,
santander-savings-account__cma-ipsos-service-quality-gb-feb-2026,Savings Accounts,santander-savings-account,Santander Savings Accounts: What the 8% Actually Pays,https://compare100.com/santander-savings-account/,,"CMA/Ipsos service quality (GB, Feb 2026)",12th of 17 overall (57%); 12th of 17 online/mobile (69%); 5th of 17 branches (66%),,,,,,own_review,2026-08-15,false,high,current,
santander-savings-account__deposit-range,Savings Accounts,santander-savings-account,Santander Savings Accounts: What the 8% Actually Pays,https://compare100.com/santander-savings-account/,,Deposit range,"£1 minimum to £2,000,000 maximum on most accounts",,,,,,own_review,2026-08-15,false,high,current,
santander-savings-account__easy-access-saver,Savings Accounts,santander-savings-account,Santander Savings Accounts: What the 8% Actually Pays,https://compare100.com/santander-savings-account/,,Easy Access Saver,2.00% AER for 12 months,,,,,,own_review,2026-08-15,false,high,current,
santander-savings-account__edge-current-account-cost,Savings Accounts,santander-savings-account,Santander Savings Accounts: What the 8% Actually Pays,https://compare100.com/santander-savings-account/,,Edge current account cost,"£3/month, plus £500/month in and 2 active Direct Debits",,,,,,own_review,2026-08-15,false,high,current,
santander-savings-account__edge-saver,Savings Accounts,santander-savings-account,Santander Savings Accounts: What the 8% Actually Pays,https://compare100.com/santander-savings-account/,,Edge Saver,"6.00% AER (includes 2.50% bonus) on balances up to £4,000 only",,,,,,own_review,2026-08-15,false,high,current,
santander-savings-account__fixed-term-saver,Savings Accounts,santander-savings-account,Santander Savings Accounts: What the 8% Actually Pays,https://compare100.com/santander-savings-account/,,Fixed Term Saver,"4.30% AER fixed, no withdrawals",4.30,,,,,own_review,2026-08-15,false,high,current,
santander-savings-account__fos-new-cases-jul-2025-mar-2026,Savings Accounts,santander-savings-account,Santander Savings Accounts: What the 8% Actually Pays,https://compare100.com/santander-savings-account/,,"FOS new cases, Jul 2025–Mar 2026","5,261 (uphold rate unverified)",5261,,,,,own_review,2026-08-15,false,high,current,
santander-savings-account__fscs-protection,Savings Accounts,santander-savings-account,Santander Savings Accounts: What the 8% Actually Pays,https://compare100.com/santander-savings-account/,,FSCS protection,"£120,000 per person — shared licence with cahoot",120000,,,GBP,,own_review,2026-08-15,false,high,current,
santander-savings-account__limited-access-saver,Savings Accounts,santander-savings-account,Santander Savings Accounts: What the 8% Actually Pays,https://compare100.com/santander-savings-account/,,Limited Access Saver,"3.00%, falling to 1.00% from the 3rd withdrawal in a calendar month",,,,,,own_review,2026-08-15,false,high,current,
santander-savings-account__realistic-regular-saver-return,Savings Accounts,santander-savings-account,Santander Savings Accounts: What the 8% Actually Pays,https://compare100.com/santander-savings-account/,,Realistic Regular Saver return,"Approx. £100 interest on £2,400 paid in over a year",,,,,,own_review,2026-08-15,false,high,current,
santander-savings-account__regular-saver,Savings Accounts,santander-savings-account,Santander Savings Accounts: What the 8% Actually Pays,https://compare100.com/santander-savings-account/,,Regular Saver,"8.00% AER variable (includes 5.00% bonus for 12 months), max £200/month",,,,,,own_review,2026-08-15,false,high,current,
cazoo-sell-my-car__car-age-and-mileage-limits,Sell Your Car,cazoo-sell-my-car,Cazoo Sell My Car,https://compare100.com/cazoo-sell-my-car/,,Car age and mileage limits,"Under 15 years old and under 150,000 miles",,,,,,own_review,2026-09-15,false,high,current,
cazoo-sell-my-car__cost-to-hand-the-car-over,Sell Your Car,cazoo-sell-my-car,Cazoo Sell My Car,https://compare100.com/cazoo-sell-my-car/,,Cost to hand the car over,"Free at a drop-off point, or £99 for home pickup, deducted from the price",99,,,GBP,,own_review,2026-09-15,false,high,current,
cazoo-sell-my-car__fine-processing,Sell Your Car,cazoo-sell-my-car,Cazoo Sell My Car,https://compare100.com/cazoo-sell-my-car/,,Fine processing,£20 for each fine the buyer processes after handover,20,,,GBP,,own_review,2026-09-15,false,high,current,
cazoo-sell-my-car__late-cancellation-fee,Sell Your Car,cazoo-sell-my-car,Cazoo Sell My Car,https://compare100.com/cazoo-sell-my-car/,,Late cancellation fee,£49 for a pickup cancelled or rearranged with under 24 hours' notice,,,,,,own_review,2026-09-15,false,high,current,
cazoo-sell-my-car__market-benchmark,Sell Your Car,cazoo-sell-my-car,Cazoo Sell My Car,https://compare100.com/cazoo-sell-my-car/,,Market benchmark,"£17,397 average used car retail price, 27 days to sell (Auto Trader, April 2026)",,,,,,own_review,2026-09-15,false,high,current,
cazoo-sell-my-car__market-size,Sell Your Car,cazoo-sell-my-car,Cazoo Sell My Car,https://compare100.com/cazoo-sell-my-car/,,Market size,"7,807,872 used cars changed hands in the UK in 2025, up 2.2%",,,,,,own_review,2026-09-15,false,high,current,
cazoo-sell-my-car__other-eligibility-rules,Sell Your Car,cazoo-sell-my-car,Cazoo Sell My Car,https://compare100.com/cazoo-sell-my-car/,,Other eligibility rules,"At least 2 weeks of MOT, registered keeper for at least 3 months",,,,,,own_review,2026-09-15,false,high,current,
cazoo-sell-my-car__payment,Sell Your Car,cazoo-sell-my-car,Cazoo Sell My Car,https://compare100.com/cazoo-sell-my-car/,,Payment,"Bank transfer, usually processed within 2 hours; same-day not guaranteed in the terms",2,,,,,own_review,2026-09-15,false,high,current,
cazoo-sell-my-car__refused-outright,Sell Your Car,cazoo-sell-my-car,Cazoo Sell My Car,https://compare100.com/cazoo-sell-my-car/,,Refused outright,"Outstanding finance, write-offs, imports, modified, ex-rental, major damage, vans, bikes, trucks",,,,,,own_review,2026-09-15,false,high,current,
cazoo-sell-my-car__valuation-validity,Sell Your Car,cazoo-sell-my-car,Cazoo Sell My Car,https://compare100.com/cazoo-sell-my-car/,,Valuation validity,"7 days, expiring at 23:59 on the seventh day",,,,,,own_review,2026-09-15,false,high,current,
cazoo-sell-my-car__what-selling-costs-you,Sell Your Car,cazoo-sell-my-car,Cazoo Sell My Car,https://compare100.com/cazoo-sell-my-car/,,What selling costs you,"£0 to drop off, £99 for home pickup — plus £49 if you cancel a pickup inside 24 hours",,,,,,own_review,2026-09-15,true,high,current,
cazoo-sell-my-car__who-runs-the-cazoo-brand,Sell Your Car,cazoo-sell-my-car,Cazoo Sell My Car,https://compare100.com/cazoo-sell-my-car/,,Who runs the Cazoo brand,"Motors.co.uk Limited, company 05975777, incorporated 23 October 2006",,,,,,own_review,2026-09-15,false,high,current,
cazoo-sell-my-car__whose-name-is-on-the-sell-terms,Sell Your Car,cazoo-sell-my-car,Cazoo Sell My Car,https://compare100.com/cazoo-sell-my-car/,,Whose name is on the sell terms,"Cazoo Ltd, company 11624245 — now CL 1 REALISATIONS LTD, in administration since 29 May 2024",,,,,,own_review,2026-09-15,false,high,current,
kwik-fit-servicing__customer-care,Servicing,kwik-fit-servicing,"Kwik Fit Servicing Review: Prices, Guarantees and the Paperwork",https://compare100.com/kwik-fit-servicing/,,Customer Care,"0800 75 76 77, customercare@kwik-fit.com",,,,,,own_review,2026-09-08,false,high,current,
kwik-fit-servicing__ev-service,Servicing,kwik-fit-servicing,"Kwik Fit Servicing Review: Prices, Guarantees and the Paperwork",https://compare100.com/kwik-fit-servicing/,,EV service,"From £230.95, every 24 months or 20,000 miles",,,,,,own_review,2026-09-08,false,high,current,
kwik-fit-servicing__full-service,Servicing,kwik-fit-servicing,"Kwik Fit Servicing Review: Prices, Guarantees and the Paperwork",https://compare100.com/kwik-fit-servicing/,,Full service,"From £246.95, every 12 months or 12,000 miles",,,,,,own_review,2026-09-08,false,high,current,
kwik-fit-servicing__full-service-with-mot,Servicing,kwik-fit-servicing,"Kwik Fit Servicing Review: Prices, Guarantees and the Paperwork",https://compare100.com/kwik-fit-servicing/,,Full service with MOT,From £281.95,281.95,,,GBP,,own_review,2026-09-08,false,high,current,
kwik-fit-servicing__interim-service,Servicing,kwik-fit-servicing,"Kwik Fit Servicing Review: Prices, Guarantees and the Paperwork",https://compare100.com/kwik-fit-servicing/,,Interim service,"From £186.95, every 6 months or 6,000 miles",,,,,,own_review,2026-09-08,false,high,current,
kwik-fit-servicing__network,Servicing,kwik-fit-servicing,"Kwik Fit Servicing Review: Prices, Guarantees and the Paperwork",https://compare100.com/kwik-fit-servicing/,,Network,"Over 600 centres, UK and Northern Ireland",600,,,,,own_review,2026-09-08,false,high,current,
kwik-fit-servicing__owner,Servicing,kwik-fit-servicing,"Kwik Fit Servicing Review: Prices, Guarantees and the Paperwork",https://compare100.com/kwik-fit-servicing/,,Owner,"ITOCHU Corporation since June 2011, through European Tyre Enterprise Limited",2011,,,,,own_review,2026-09-08,false,high,current,
kwik-fit-servicing__parts-guarantee,Servicing,kwik-fit-servicing,"Kwik Fit Servicing Review: Prices, Guarantees and the Paperwork",https://compare100.com/kwik-fit-servicing/,,Parts guarantee,"12 months or 12,000 miles on service components",,,,,,own_review,2026-09-08,false,high,current,
kwik-fit-servicing__registered-office,Servicing,kwik-fit-servicing,"Kwik Fit Servicing Review: Prices, Guarantees and the Paperwork",https://compare100.com/kwik-fit-servicing/,,Registered office,"ETEL House, Avenue One, Letchworth Garden City, Hertfordshire SG6 2HU",,,,,,own_review,2026-09-08,false,high,current,
kwik-fit-servicing__trading-company,Servicing,kwik-fit-servicing,"Kwik Fit Servicing Review: Prices, Guarantees and the Paperwork",https://compare100.com/kwik-fit-servicing/,,Trading company,"Kwik-Fit (GB) Limited, company 01009184, incorporated 27 April 1971",,,,,,own_review,2026-09-08,false,high,current,
national-tyres-and-autocare-servicing__dispute-scheme,Servicing,national-tyres-and-autocare-servicing,"National Tyres and Autocare Servicing: Prices, the MOT Sum and the Halfords Stamp",https://compare100.com/national-tyres-and-autocare-servicing/,,Dispute scheme,"The National Conciliation Service, named in the terms and conditions",,,,,,own_review,2026-09-08,false,high,current,
national-tyres-and-autocare-servicing__full-service,Servicing,national-tyres-and-autocare-servicing,"National Tyres and Autocare Servicing: Prices, the MOT Sum and the Halfords Stamp",https://compare100.com/national-tyres-and-autocare-servicing/,,Full service,£279.99 / £309.99 / £349.99 by the same engine bands,,,,,,own_review,2026-09-08,false,high,current,
national-tyres-and-autocare-servicing__inspection-points,Servicing,national-tyres-and-autocare-servicing,"National Tyres and Autocare Servicing: Prices, the MOT Sum and the Halfords Stamp",https://compare100.com/national-tyres-and-autocare-servicing/,,Inspection points,"50+ interim, 60+ full, 70+ major",,,,,,own_review,2026-09-08,false,high,current,
national-tyres-and-autocare-servicing__interim-service,Servicing,national-tyres-and-autocare-servicing,"National Tyres and Autocare Servicing: Prices, the MOT Sum and the Halfords Stamp",https://compare100.com/national-tyres-and-autocare-servicing/,,Interim service,"£219.99 (0–1499cc), £249.99 (1500–2499cc), £289.99 (over 2499cc)",,,,,,own_review,2026-09-08,false,high,current,
national-tyres-and-autocare-servicing__major-service,Servicing,national-tyres-and-autocare-servicing,"National Tyres and Autocare Servicing: Prices, the MOT Sum and the Halfords Stamp",https://compare100.com/national-tyres-and-autocare-servicing/,,Major service,£329.99 / £359.99 / £399.99,,,,,,own_review,2026-09-08,false,high,current,
national-tyres-and-autocare-servicing__mot,Servicing,national-tyres-and-autocare-servicing,"National Tyres and Autocare Servicing: Prices, the MOT Sum and the Halfords Stamp",https://compare100.com/national-tyres-and-autocare-servicing/,,MOT,"£49.99 alone; £39.85, £34.85 or £29.85 added to a service",,,,,,own_review,2026-09-08,false,high,current,
national-tyres-and-autocare-servicing__network,Servicing,national-tyres-and-autocare-servicing,"National Tyres and Autocare Servicing: Prices, the MOT Sum and the Halfords Stamp",https://compare100.com/national-tyres-and-autocare-servicing/,,Network,200+ National garages within a Halfords estate of about 600,,,,,,own_review,2026-09-08,false,high,current,
national-tyres-and-autocare-servicing__parts-guarantee,Servicing,national-tyres-and-autocare-servicing,"National Tyres and Autocare Servicing: Prices, the MOT Sum and the Halfords Stamp",https://compare100.com/national-tyres-and-autocare-servicing/,,Parts guarantee,"Minimum 2 years or 24,000 miles, whichever is sooner",,,,,,own_review,2026-09-08,false,high,current,
national-tyres-and-autocare-servicing__paying-over-time,Servicing,national-tyres-and-autocare-servicing,"National Tyres and Autocare Servicing: Prices, the MOT Sum and the Halfords Stamp",https://compare100.com/national-tyres-and-autocare-servicing/,,Paying over time,Payment Assist spreads orders over £200 across four months,200,,,GBP,,own_review,2026-09-08,false,high,current,
national-tyres-and-autocare-servicing__service-intervals,Servicing,national-tyres-and-autocare-servicing,"National Tyres and Autocare Servicing: Prices, the MOT Sum and the Halfords Stamp",https://compare100.com/national-tyres-and-autocare-servicing/,,Service intervals,"Interim 6,000 miles or 6 months; full 12,000 or 12 months; major 24,000 or 24 months",,,,,,own_review,2026-09-08,false,high,current,
national-tyres-and-autocare-servicing__statutory-mot-maximum,Servicing,national-tyres-and-autocare-servicing,"National Tyres and Autocare Servicing: Prices, the MOT Sum and the Halfords Stamp",https://compare100.com/national-tyres-and-autocare-servicing/,,Statutory MOT maximum,£54.85 for a class 4 car,,,,,,own_review,2026-09-08,false,high,current,
national-tyres-and-autocare-servicing__trading-company,Servicing,national-tyres-and-autocare-servicing,"National Tyres and Autocare Servicing: Prices, the MOT Sum and the Halfords Stamp",https://compare100.com/national-tyres-and-autocare-servicing/,,Trading company,"National Tyre Service Limited, company 00986754, incorporated 12 August 1970",,,,,,own_review,2026-09-08,false,high,current,
john-lewis-televisions__cheapest-set,Televisions,john-lewis-televisions,John Lewis Televisions,https://compare100.com/john-lewis-televisions/,,Cheapest set,"£139.99 — LG 32LB650B6LA (2026), 32-inch",,,,,,own_review,2026-09-20,false,high,current,
john-lewis-televisions__company,Televisions,john-lewis-televisions,John Lewis Televisions,https://compare100.com/john-lewis-televisions/,,Company,"John Lewis plc, number 00233462, incorporated 20 September 1928",,,,,,own_review,2026-09-20,false,high,current,
john-lewis-televisions__free-guarantee-included-in-the-price,Televisions,john-lewis-televisions,John Lewis Televisions,https://compare100.com/john-lewis-televisions/,,Free guarantee included in the price,"5 years on every television — all 252 sets listed, from £139.99, checked 20 September 2026",,,,,,own_review,2026-09-20,true,high,current,
john-lewis-televisions__guarantee,Televisions,john-lewis-televisions,John Lewis Televisions,https://compare100.com/john-lewis-televisions/,,Guarantee,"5 years included free on televisions, in addition to statutory rights",5,,,,,own_review,2026-09-20,false,high,current,
john-lewis-televisions__owner,Televisions,john-lewis-televisions,John Lewis Televisions,https://compare100.com/john-lewis-televisions/,,Owner,"John Lewis Partnership, around 65,000 Partners, £13.4bn sales in the 53 weeks to 31 January 2026",,,,,,own_review,2026-09-20,false,high,current,
john-lewis-televisions__price-promise,Televisions,john-lewis-televisions,John Lewis Televisions,https://compare100.com/john-lewis-televisions/,,Price promise,"Never Knowingly Undersold, relaunched 9 September 2024, 25 retailers, 7-day window",,,,,,own_review,2026-09-20,false,high,current,
john-lewis-televisions__returns,Televisions,john-lewis-televisions,John Lewis Televisions,https://compare100.com/john-lewis-televisions/,,Returns,30 days if you change your mind; £29.95 collection charge on large items that are not faulty,,,,,,own_review,2026-09-20,false,high,current,
john-lewis-televisions__televisions-listed,Televisions,john-lewis-televisions,John Lewis Televisions,https://compare100.com/john-lewis-televisions/,,Televisions listed,"252 on 20 September 2026, across Samsung, LG, Sony, Hisense and TCL",,,,,,own_review,2026-09-20,false,high,current,
john-lewis-televisions__which-customer-score,Televisions,john-lewis-televisions,John Lewis Televisions,https://compare100.com/john-lewis-televisions/,,Which? customer score,"87% for technology, 89% for appliances — second in both, Recommended Provider",,,,,,own_review,2026-09-20,false,high,current,
axa-tradesman-insurance-review__claims,Tradesman Insurance,axa-tradesman-insurance-review,AXA Tradesman Insurance Review,https://compare100.com/axa-tradesman-insurance-review/,,Claims,"0345 600 2715, weekdays 9am to 5pm, with a 24-hour out-of-hours team",,,,,,own_review,2026-09-02,false,high,current,
axa-tradesman-insurance-review__employers-liability,Tradesman Insurance,axa-tradesman-insurance-review,AXA Tradesman Insurance Review,https://compare100.com/axa-tradesman-insurance-review/,,Employers' liability,"£10,000,000, falling to £5,000,000 for claims resulting from terrorism",,,,,,own_review,2026-09-02,false,high,current,
axa-tradesman-insurance-review__legal-expenses,Tradesman Insurance,axa-tradesman-insurance-review,AXA Tradesman Insurance Review,https://compare100.com/axa-tradesman-insurance-review/,,Legal expenses,"Up to £1,000,000 in total, capped at £100,000 on any one claim",,,,,,own_review,2026-09-02,false,high,current,
axa-tradesman-insurance-review__liability-excess,Tradesman Insurance,axa-tradesman-insurance-review,AXA Tradesman Insurance Review,https://compare100.com/axa-tradesman-insurance-review/,,Liability excess,No standard excess on either liability section,,,,,,own_review,2026-09-02,false,high,current,
axa-tradesman-insurance-review__professional-indemnity,Tradesman Insurance,axa-tradesman-insurance-review,AXA Tradesman Insurance Review,https://compare100.com/axa-tradesman-insurance-review/,,Professional indemnity,"Up to £5,000,000, dependent on occupation, quoted from £6 a month",,,,,,own_review,2026-09-02,false,high,current,
axa-tradesman-insurance-review__public-liability,Tradesman Insurance,axa-tradesman-insurance-review,AXA Tradesman Insurance Review,https://compare100.com/axa-tradesman-insurance-review/,,Public liability,"Up to £10,000,000 — not every occupation is offered the top limit",10000000,,,GBP,,own_review,2026-09-02,false,high,current,
axa-tradesman-insurance-review__quoted-from,Tradesman Insurance,axa-tradesman-insurance-review,AXA Tradesman Insurance Review,https://compare100.com/axa-tradesman-insurance-review/,,Quoted from,"£7 a month or £77 a year — the cheapest tenth of customers, April to June 2026",,,,,,own_review,2026-09-02,false,high,current,
axa-tradesman-insurance-review__scale,Tradesman Insurance,axa-tradesman-insurance-review,AXA Tradesman Insurance Review,https://compare100.com/axa-tradesman-insurance-review/,,Scale,"Over 867,000 businesses insured; 4.6 out of 5 on Feefo from 19,163 reviews",,,,,,own_review,2026-09-02,false,high,current,
axa-tradesman-insurance-review__tools-cover,Tradesman Insurance,axa-tradesman-insurance-review,AXA Tradesman Insurance Review,https://compare100.com/axa-tradesman-insurance-review/,,Tools cover,"Fixed sums from £1,500; excess 10% of each claim, minimum £250, maximum £500",,,,,,own_review,2026-09-02,false,high,current,
axa-tradesman-insurance-review__underwriter,Tradesman Insurance,axa-tradesman-insurance-review,AXA Tradesman Insurance Review,https://compare100.com/axa-tradesman-insurance-review/,,Underwriter,"AXA Insurance UK plc, company 78950, firm reference 202312",,,,,,own_review,2026-09-02,false,high,current,
hiscox-tradesman-insurance-review__cancellation,Tradesman Insurance,hiscox-tradesman-insurance-review,Hiscox Tradesman Insurance,https://compare100.com/hiscox-tradesman-insurance-review/,,Cancellation,"30 days' written notice, pro rata refund, no fee",30,,,,,own_review,2026-08-25,false,high,current,
hiscox-tradesman-insurance-review__complaints-upheld-h1-2026,Tradesman Insurance,hiscox-tradesman-insurance-review,Hiscox Tradesman Insurance,https://compare100.com/hiscox-tradesman-insurance-review/,,"Complaints upheld, H1 2026",57% of 541 closed,,,,,,own_review,2026-08-25,false,high,current,
hiscox-tradesman-insurance-review__fca-firm-reference,Tradesman Insurance,hiscox-tradesman-insurance-review,Hiscox Tradesman Insurance,https://compare100.com/hiscox-tradesman-insurance-review/,,FCA firm reference,113849 (verifiable on the FCA Register),113849,,,,,own_review,2026-08-25,false,high,current,
hiscox-tradesman-insurance-review__maximum-liability-limit,Tradesman Insurance,hiscox-tradesman-insurance-review,Hiscox Tradesman Insurance,https://compare100.com/hiscox-tradesman-insurance-review/,,Maximum liability limit,£10 million,10,,,GBP,,own_review,2026-08-25,false,high,current,
hiscox-tradesman-insurance-review__public-liability-from,Tradesman Insurance,hiscox-tradesman-insurance-review,Hiscox Tradesman Insurance,https://compare100.com/hiscox-tradesman-insurance-review/,,Public liability from,£5.20 a month,5.20,,,GBP,,own_review,2026-08-25,false,high,current,
hiscox-tradesman-insurance-review__tool-cover-from,Tradesman Insurance,hiscox-tradesman-insurance-review,Hiscox Tradesman Insurance,https://compare100.com/hiscox-tradesman-insurance-review/,,Tool cover from,£7.20 a month,7.20,,,GBP,,own_review,2026-08-25,false,high,current,
hiscox-tradesman-insurance-review__uk-businesses-insured,Tradesman Insurance,hiscox-tradesman-insurance-review,Hiscox Tradesman Insurance,https://compare100.com/hiscox-tradesman-insurance-review/,,UK businesses insured,"460,000 (Hiscox figure)",460000,,,,,own_review,2026-08-25,false,high,current,
hiscox-tradesman-insurance-review__underwriter,Tradesman Insurance,hiscox-tradesman-insurance-review,Hiscox Tradesman Insurance,https://compare100.com/hiscox-tradesman-insurance-review/,,Underwriter,"Hiscox Insurance Company Limited, company number 70234",70234,,,,,own_review,2026-08-25,false,high,current,
quotezone-tradesman-insurance-review__also-quoted,Tradesman Insurance,quotezone-tradesman-insurance-review,Quotezone.co.uk Tradesman Insurance,https://compare100.com/quotezone-tradesman-insurance-review/,,Also quoted,Tools and equipment · legal expenses · business buildings and contents,,,,,,own_review,2026-08-19,false,high,current,
quotezone-tradesman-insurance-review__cost-to-use,Tradesman Insurance,quotezone-tradesman-insurance-review,Quotezone.co.uk Tradesman Insurance,https://compare100.com/quotezone-tradesman-insurance-review/,,Cost to use,Free — Seopa is paid commission or a fee by the provider you buy from,,,,,,own_review,2026-08-19,false,high,current,
quotezone-tradesman-insurance-review__employers-liability,Tradesman Insurance,quotezone-tradesman-insurance-review,Quotezone.co.uk Tradesman Insurance,https://compare100.com/quotezone-tradesman-insurance-review/,,Employers' liability,£5m is the legal minimum; most insurers issue £10m,,,,,,own_review,2026-08-19,false,high,current,
quotezone-tradesman-insurance-review__fca-reference,Tradesman Insurance,quotezone-tradesman-insurance-review,Quotezone.co.uk Tradesman Insurance,https://compare100.com/quotezone-tradesman-insurance-review/,,FCA reference,"313860 — permissions for insurance mediation and credit brokerage, verifiable on the FCA Register",313860,,,,,own_review,2026-08-19,false,high,current,
quotezone-tradesman-insurance-review__public-liability-limits,Tradesman Insurance,quotezone-tradesman-insurance-review,Quotezone.co.uk Tradesman Insurance,https://compare100.com/quotezone-tradesman-insurance-review/,,Public liability limits,"£1m to £5m typically, £10m on some schemes",,,,,,own_review,2026-08-19,false,high,current,
quotezone-tradesman-insurance-review__run-by,Tradesman Insurance,quotezone-tradesman-insurance-review,Quotezone.co.uk Tradesman Insurance,https://compare100.com/quotezone-tradesman-insurance-review/,,Run by,"Seopa Ltd, Floor 4 Blackstaff Studios, 8-10 Amelia Street, Belfast BT2 7GS · registered in Northern Ireland NI46322",,,,,,own_review,2026-08-19,false,high,current,
quotezone-tradesman-insurance-review__support,Tradesman Insurance,quotezone-tradesman-insurance-review,Quotezone.co.uk Tradesman Insurance,https://compare100.com/quotezone-tradesman-insurance-review/,,Support,"Email only, info@quotezone.co.uk, reply target two working days; no telephone service",,,,,,own_review,2026-08-19,false,high,current,
quotezone-tradesman-insurance-review__tax-on-the-premium,Tradesman Insurance,quotezone-tradesman-insurance-review,Quotezone.co.uk Tradesman Insurance,https://compare100.com/quotezone-tradesman-insurance-review/,,Tax on the premium,"Insurance Premium Tax at the standard 12%, unchanged since 1 June 2017",,,,,,own_review,2026-08-19,false,high,current,
quotezone-tradesman-insurance-review__trade-panel,Tradesman Insurance,quotezone-tradesman-insurance-review,Quotezone.co.uk Tradesman Insurance,https://compare100.com/quotezone-tradesman-insurance-review/,,Trade panel,30+ commercial insurers and brokers shown on the tradesman pages,30,,,,,own_review,2026-08-19,false,high,current,
quotezone-tradesman-insurance-review__what-it-is,Tradesman Insurance,quotezone-tradesman-insurance-review,Quotezone.co.uk Tradesman Insurance,https://compare100.com/quotezone-tradesman-insurance-review/,,What it is,"A quote comparison and introduction service — not an insurer, not a broker giving advice",,,,,,own_review,2026-08-19,false,high,current,
simply-business-tradesman-insurance-review__claims,Tradesman Insurance,simply-business-tradesman-insurance-review,Simply Business Tradesman Insurance Review,https://compare100.com/simply-business-tradesman-insurance-review/,,Claims,"Handled by Sedgwick on the insurer's behalf, 0333 207 0560, 24 hours",,,,,,own_review,2026-09-03,false,high,current,
simply-business-tradesman-insurance-review__complaints,Tradesman Insurance,simply-business-tradesman-insurance-review,Simply Business Tradesman Insurance Review,https://compare100.com/simply-business-tradesman-insurance-review/,,Complaints,"0333 014 6683, then the Financial Ombudsman Service on 0300 123 9123",,,,,,own_review,2026-09-03,false,high,current,
simply-business-tradesman-insurance-review__employers-liability,Tradesman Insurance,simply-business-tradesman-insurance-review,Simply Business Tradesman Insurance Review,https://compare100.com/simply-business-tradesman-insurance-review/,,Employers' liability,"Up to £10,000,000 on both the AXA and Covéa wordings",10000000,,,GBP,,own_review,2026-09-03,false,high,current,
simply-business-tradesman-insurance-review__monthly-payments,Tradesman Insurance,simply-business-tradesman-insurance-review,Simply Business Tradesman Insurance Review,https://compare100.com/simply-business-tradesman-insurance-review/,,Monthly payments,"Credit agreement with Premium Credit Limited; interest charged, rate shown only at checkout",,,,,,own_review,2026-09-03,false,high,current,
simply-business-tradesman-insurance-review__owner,Tradesman Insurance,simply-business-tradesman-insurance-review,Simply Business Tradesman Insurance Review,https://compare100.com/simply-business-tradesman-insurance-review/,,Owner,"Travelers, since 2017 ($490m purchase from Aquiline Capital Partners)",,,,,,own_review,2026-09-03,false,high,current,
simply-business-tradesman-insurance-review__public-liability-limits,Tradesman Insurance,simply-business-tradesman-insurance-review,Simply Business Tradesman Insurance Review,https://compare100.com/simply-business-tradesman-insurance-review/,,Public liability limits,"£1m, £2m, £5m and £10m offered; 85% of customers hold £1m and 15% hold £2m",,,,,,own_review,2026-09-03,false,high,current,
simply-business-tradesman-insurance-review__registered-office,Tradesman Insurance,simply-business-tradesman-insurance-review,Simply Business Tradesman Insurance Review,https://compare100.com/simply-business-tradesman-insurance-review/,,Registered office,"4th Floor Hylo, 105 Bunhill Row, London EC1Y 8LZ",,,,,,own_review,2026-09-03,false,high,current,
simply-business-tradesman-insurance-review__regulated-entity,Tradesman Insurance,simply-business-tradesman-insurance-review,Simply Business Tradesman Insurance Review,https://compare100.com/simply-business-tradesman-insurance-review/,,Regulated entity,"Xbridge Limited, company 3967717, FCA firm reference 313348",,,,,,own_review,2026-09-03,false,high,current,
simply-business-tradesman-insurance-review__service,Tradesman Insurance,simply-business-tradesman-insurance-review,Simply Business Tradesman Insurance Review,https://compare100.com/simply-business-tradesman-insurance-review/,,Service,"Non-advised — Simply Business arranges, it does not recommend",,,,,,own_review,2026-09-03,false,high,current,
simply-business-tradesman-insurance-review__starting-price,Tradesman Insurance,simply-business-tradesman-insurance-review,Simply Business Tradesman Insurance Review,https://compare100.com/simply-business-tradesman-insurance-review/,,Starting price,£5.40 a month for tradesman cover; 10% of customers paid £64.78 a year or less between 1 January and 30 June 2026,,,,,,own_review,2026-09-03,false,high,current,
towergate-tradesman-insurance__brand,Tradesman Insurance,towergate-tradesman-insurance,Towergate Tradesman Insurance (now Everywhen),https://compare100.com/towergate-tradesman-insurance/,,Brand,Everywhen since 17 November 2025; the Towergate name is retired,,,,,,own_review,2026-09-21,false,high,current,
towergate-tradesman-insurance__complaints,Tradesman Insurance,towergate-tradesman-insurance,Towergate Tradesman Insurance (now Everywhen),https://compare100.com/towergate-tradesman-insurance/,,Complaints,"Three business days to resolve, eight weeks to a final response, six months to reach the Ombudsman",,,,,,own_review,2026-09-21,false,high,current,
towergate-tradesman-insurance__employers-liability,Tradesman Insurance,towergate-tradesman-insurance,Towergate Tradesman Insurance (now Everywhen),https://compare100.com/towergate-tradesman-insurance/,,Employers' liability,"Quoted to £10,000,000",10000000,,,GBP,,own_review,2026-09-21,false,high,current,
towergate-tradesman-insurance__height-and-depth,Tradesman Insurance,towergate-tradesman-insurance,Towergate Tradesman Insurance (now Everywhen),https://compare100.com/towergate-tradesman-insurance/,,Height and depth,Work to 15 metres up and 2 metres down,,,,,,own_review,2026-09-21,false,high,current,
towergate-tradesman-insurance__insurers-named-on-the-panel,Tradesman Insurance,towergate-tradesman-insurance,Towergate Tradesman Insurance (now Everywhen),https://compare100.com/towergate-tradesman-insurance/,,Insurers named on the panel,"AXA, Arch, Covéa, Markel, QBE, Zurich and Intact — seven",,,,,,own_review,2026-09-21,false,high,current,
towergate-tradesman-insurance__legal-expenses,Tradesman Insurance,towergate-tradesman-insurance,Towergate Tradesman Insurance (now Everywhen),https://compare100.com/towergate-tradesman-insurance/,,Legal expenses,"From £100,000 on the contractors' all risks product",100000,,,GBP,,own_review,2026-09-21,false,high,current,
towergate-tradesman-insurance__maximum-public-liability-limit,Tradesman Insurance,towergate-tradesman-insurance,Towergate Tradesman Insurance (now Everywhen),https://compare100.com/towergate-tradesman-insurance/,,Maximum public liability limit,"£10,000,000 — quoted in £1m, £2m, £3m, £5m and £10m steps, higher on request",,,,,,own_review,2026-09-21,true,high,current,
towergate-tradesman-insurance__payment,Tradesman Insurance,towergate-tradesman-insurance,Towergate Tradesman Insurance (now Everywhen),https://compare100.com/towergate-tradesman-insurance/,,Payment,"Annually, or ten monthly direct debits",,,,,,own_review,2026-09-21,false,high,current,
towergate-tradesman-insurance__professional-indemnity,Tradesman Insurance,towergate-tradesman-insurance,Towergate Tradesman Insurance (now Everywhen),https://compare100.com/towergate-tradesman-insurance/,,Professional indemnity,"£1,000,000 to £10,000,000, written on a claims-made basis",,,,,,own_review,2026-09-21,false,high,current,
towergate-tradesman-insurance__public-and-product-liability,Tradesman Insurance,towergate-tradesman-insurance,Towergate Tradesman Insurance (now Everywhen),https://compare100.com/towergate-tradesman-insurance/,,Public and product liability,"£1m, £2m, £3m, £5m, £10m — “higher on request”",,,,,,own_review,2026-09-21,false,high,current,
towergate-tradesman-insurance__registered-office,Tradesman Insurance,towergate-tradesman-insurance,Towergate Tradesman Insurance (now Everywhen),https://compare100.com/towergate-tradesman-insurance/,,Registered office,"2 Minster Court, Mincing Lane, London EC3R 7PD",,,,,,own_review,2026-09-21,false,high,current,
towergate-tradesman-insurance__regulated-entity,Tradesman Insurance,towergate-tradesman-insurance,Towergate Tradesman Insurance (now Everywhen),https://compare100.com/towergate-tradesman-insurance/,,Regulated entity,"Advisory Insurance Brokers Limited — company 04043759, FCA firm reference 313250",,,,,,own_review,2026-09-21,false,high,current,
towergate-tradesman-insurance__tools,Tradesman Insurance,towergate-tradesman-insurance,Towergate Tradesman Insurance (now Everywhen),https://compare100.com/towergate-tradesman-insurance/,,Tools,"£1,000–£5,000 per person, single article to £1,500, £100 excess",,,,,,own_review,2026-09-21,false,high,current,
trainline-train-tickets__booking-fee,Train Tickets,trainline-train-tickets,"Trainline Review: The Booking Fee, the Refund Ladder and Who Pays When You Are Late",https://compare100.com/trainline-train-tickets/,,Booking fee,59p to £2.79 per booking; none in the app on the day of travel; never refundable,,,,,,own_review,2026-09-20,false,high,current,
trainline-train-tickets__booking-fee-per-transaction,Train Tickets,trainline-train-tickets,"Trainline Review: The Booking Fee, the Refund Ladder and Who Pays When You Are Late",https://compare100.com/trainline-train-tickets/,,Booking fee per transaction,59p to £2.79 — nothing at all in the Trainline app on the day of travel,,,,,,own_review,2026-09-20,true,high,current,
trainline-train-tickets__complaints,Train Tickets,trainline-train-tickets,"Trainline Review: The Booking Fee, the Refund Ladder and Who Pays When You Are Late",https://compare100.com/trainline-train-tickets/,,Complaints,"Rail Ombudsman, named in Trainline's own terms; 40 working days with Trainline first, then a decision binding on Trainline",40,,,,,own_review,2026-09-20,false,high,current,
trainline-train-tickets__delivery,Train Tickets,trainline-train-tickets,"Trainline Review: The Booking Fee, the Refund Ladder and Who Pays When You Are Late",https://compare100.com/trainline-train-tickets/,,Delivery,Digital tickets free; station collection £2.99; Royal Mail Special Delivery £12.99; no delivery fees at all through the app,,,,,,own_review,2026-09-20,false,high,current,
trainline-train-tickets__exchange-fee-trainline-s-own,Train Tickets,trainline-train-tickets,"Trainline Review: The Booking Fee, the Refund Ladder and Who Pays When You Are Late",https://compare100.com/trainline-train-tickets/,,Exchange fee (Trainline's own),"Nothing under £2, rising to £10 a ticket on fares of £15 and above",,,,,,own_review,2026-09-20,false,high,current,
trainline-train-tickets__independent-rating,Train Tickets,trainline-train-tickets,"Trainline Review: The Booking Fee, the Refund Ladder and Who Pays When You Are Late",https://compare100.com/trainline-train-tickets/,,Independent rating,None found — no ratings agency scores rail ticket retailers,,,,,,own_review,2026-09-20,false,high,current,
trainline-train-tickets__refund-fee-trainline-s-own,Train Tickets,trainline-train-tickets,"Trainline Review: The Booking Fee, the Refund Ladder and Who Pays When You Are Late",https://compare100.com/trainline-train-tickets/,,Refund fee (Trainline's own),"Nothing under £2, then a ladder rising to £5 a ticket on anything costing £7 or more; £10 to refund a Season Ticket",,,,,,own_review,2026-09-20,false,high,current,
trainline-train-tickets__scale,Train Tickets,trainline-train-tickets,"Trainline Review: The Booking Fee, the Refund Ladder and Who Pays When You Are Late",https://compare100.com/trainline-train-tickets/,,Scale,"£6,319m of net ticket sales and £453m of revenue in the year to 28 February 2026; 27 million active customers",,,,,,own_review,2026-09-20,false,high,current,
trainline-train-tickets__who-you-are-buying-from,Train Tickets,trainline-train-tickets,"Trainline Review: The Booking Fee, the Refund Ladder and Who Pays When You Are Late",https://compare100.com/trainline-train-tickets/,,Who you are buying from,"Trainline.com Limited, company 03846791, incorporated 17 September 1999, at 1 Stonecutter Street, London EC4A 4AH",,,,,,own_review,2026-09-20,false,high,current,
aviva-travel-insurance-review__annual-multi-trip,Travel Insurance,aviva-travel-insurance-review,Aviva Travel Insurance Review,https://compare100.com/aviva-travel-insurance-review/,,Annual multi-trip,"31 days per trip as standard, extendable to 60 or 90 days for extra premium",,,,,,own_review,2026-08-16,false,high,current,
aviva-travel-insurance-review__baggage-and-belongings,Travel Insurance,aviva-travel-insurance-review,Aviva Travel Insurance Review,https://compare100.com/aviva-travel-insurance-review/,,Baggage and belongings,"£500 (Basic) · £1,500 (Silver) · £2,500 (Gold and Lifetime)",,,,,,own_review,2026-08-16,false,high,current,
aviva-travel-insurance-review__baggage-and-belongings__1-500-silver,Travel Insurance,aviva-travel-insurance-review,Aviva Travel Insurance Review,https://compare100.com/aviva-travel-insurance-review/,baggage,Baggage and belongings,"£1,500 (Silver)",1500,,,GBP,Silver,own_review,2026-08-16,false,high,current,
aviva-travel-insurance-review__baggage-and-belongings__2-500-gold-and-lifet,Travel Insurance,aviva-travel-insurance-review,Aviva Travel Insurance Review,https://compare100.com/aviva-travel-insurance-review/,baggage,Baggage and belongings,"£2,500 (Gold and Lifetime)",2500,,,GBP,Gold,own_review,2026-08-16,false,high,current,
aviva-travel-insurance-review__baggage-and-belongings__500-basic,Travel Insurance,aviva-travel-insurance-review,Aviva Travel Insurance Review,https://compare100.com/aviva-travel-insurance-review/,baggage,Baggage and belongings,£500 (Basic),500,,,GBP,Basic,own_review,2026-08-16,false,high,current,
aviva-travel-insurance-review__cancellation-and-curtailment,Travel Insurance,aviva-travel-insurance-review,Aviva Travel Insurance Review,https://compare100.com/aviva-travel-insurance-review/,,Cancellation and curtailment,"£1,000 (Basic) · £3,000 (Silver) · £5,000 (Gold and Lifetime)",,,,,,own_review,2026-08-16,false,high,current,
aviva-travel-insurance-review__cancellation-and-curtailment__1-000-basic,Travel Insurance,aviva-travel-insurance-review,Aviva Travel Insurance Review,https://compare100.com/aviva-travel-insurance-review/,cancellation,Cancellation and curtailment,"£1,000 (Basic)",1000,,,GBP,Basic,own_review,2026-08-16,false,high,current,
aviva-travel-insurance-review__cancellation-and-curtailment__3-000-silver,Travel Insurance,aviva-travel-insurance-review,Aviva Travel Insurance Review,https://compare100.com/aviva-travel-insurance-review/,cancellation,Cancellation and curtailment,"£3,000 (Silver)",3000,,,GBP,Silver,own_review,2026-08-16,false,high,current,
aviva-travel-insurance-review__cancellation-and-curtailment__5-000-gold-and-lifet,Travel Insurance,aviva-travel-insurance-review,Aviva Travel Insurance Review,https://compare100.com/aviva-travel-insurance-review/,cancellation,Cancellation and curtailment,"£5,000 (Gold and Lifetime)",5000,,,GBP,Gold,own_review,2026-08-16,false,high,current,
aviva-travel-insurance-review__emergency-medical,Travel Insurance,aviva-travel-insurance-review,Aviva Travel Insurance Review,https://compare100.com/aviva-travel-insurance-review/,,Emergency medical,£5m (Basic) · £10m (Silver) · £15m (Gold and Lifetime),,,,,,own_review,2026-08-16,false,high,current,
aviva-travel-insurance-review__emergency-medical-cover,Travel Insurance,aviva-travel-insurance-review,Aviva Travel Insurance Review,https://compare100.com/aviva-travel-insurance-review/,,Emergency medical cover,£5m Basic · £10m Silver · £15m Gold,,,,,,own_review,2026-08-16,true,high,current,
aviva-travel-insurance-review__emergency-medical__10m-silver,Travel Insurance,aviva-travel-insurance-review,Aviva Travel Insurance Review,https://compare100.com/aviva-travel-insurance-review/,emergency_medical,Emergency medical,£10m (Silver),10000000,,,GBP,Silver,own_review,2026-08-16,false,high,current,
aviva-travel-insurance-review__emergency-medical__15m-gold-and-lifetim,Travel Insurance,aviva-travel-insurance-review,Aviva Travel Insurance Review,https://compare100.com/aviva-travel-insurance-review/,emergency_medical,Emergency medical,£15m (Gold and Lifetime),15000000,,,GBP,Gold,own_review,2026-08-16,false,high,current,
aviva-travel-insurance-review__emergency-medical__5m-basic,Travel Insurance,aviva-travel-insurance-review,Aviva Travel Insurance Review,https://compare100.com/aviva-travel-insurance-review/,emergency_medical,Emergency medical,£5m (Basic),5000000,,,GBP,Basic,own_review,2026-08-16,false,high,current,
aviva-travel-insurance-review__excess-buy-down,Travel Insurance,aviva-travel-insurance-review,Aviva Travel Insurance Review,https://compare100.com/aviva-travel-insurance-review/,,Excess buy-down,Not offered — unusual among UK insurers,,,,,,own_review,2026-08-16,false,high,current,
aviva-travel-insurance-review__personal-liability,Travel Insurance,aviva-travel-insurance-review,Aviva Travel Insurance Review,https://compare100.com/aviva-travel-insurance-review/,,Personal liability,£1m (Basic) · £2m (Silver and above),,,,,,own_review,2026-08-16,false,high,current,
aviva-travel-insurance-review__personal-liability__1m-basic,Travel Insurance,aviva-travel-insurance-review,Aviva Travel Insurance Review,https://compare100.com/aviva-travel-insurance-review/,personal_liability,Personal liability,£1m (Basic),1000000,,,GBP,Basic,own_review,2026-08-16,false,high,current,
aviva-travel-insurance-review__personal-liability__2m-silver-and-above,Travel Insurance,aviva-travel-insurance-review,Aviva Travel Insurance Review,https://compare100.com/aviva-travel-insurance-review/,personal_liability,Personal liability,£2m (Silver and above),2000000,,,GBP,Silver and above,own_review,2026-08-16,false,high,current,
aviva-travel-insurance-review__personal-money,Travel Insurance,aviva-travel-insurance-review,Aviva Travel Insurance Review,https://compare100.com/aviva-travel-insurance-review/,,Personal money,£250 · £500 · £750 by tier,,,,,,own_review,2026-08-16,false,high,current,
aviva-travel-insurance-review__pre-existing-conditions,Travel Insurance,aviva-travel-insurance-review,Aviva Travel Insurance Review,https://compare100.com/aviva-travel-insurance-review/,,Pre-existing conditions,Covered after online medical screening; most accepted with a premium loading,,,,,,own_review,2026-08-16,false,high,current,
aviva-travel-insurance-review__single-trip-length,Travel Insurance,aviva-travel-insurance-review,Aviva Travel Insurance Review,https://compare100.com/aviva-travel-insurance-review/,,Single trip length,Up to 120 consecutive days,120,,,,,own_review,2026-08-16,false,high,current,
aviva-travel-insurance-review__standard-excess,Travel Insurance,aviva-travel-insurance-review,Aviva Travel Insurance Review,https://compare100.com/aviva-travel-insurance-review/,,Standard excess,£150 (Basic) · £100 (Silver) · £75 (Gold and Lifetime),,,,,,own_review,2026-08-16,false,high,current,
aviva-travel-insurance-review__standard-excess__100-silver,Travel Insurance,aviva-travel-insurance-review,Aviva Travel Insurance Review,https://compare100.com/aviva-travel-insurance-review/,policy_excess,Standard excess,£100 (Silver),100,,,GBP,Silver,own_review,2026-08-16,false,high,current,Policy/standard excess (not medical-only)
aviva-travel-insurance-review__standard-excess__150-basic,Travel Insurance,aviva-travel-insurance-review,Aviva Travel Insurance Review,https://compare100.com/aviva-travel-insurance-review/,policy_excess,Standard excess,£150 (Basic),150,,,GBP,Basic,own_review,2026-08-16,false,high,current,Policy/standard excess (not medical-only)
aviva-travel-insurance-review__standard-excess__75-gold-and-lifetime,Travel Insurance,aviva-travel-insurance-review,Aviva Travel Insurance Review,https://compare100.com/aviva-travel-insurance-review/,policy_excess,Standard excess,£75 (Gold and Lifetime),75,,,GBP,Gold,own_review,2026-08-16,false,high,current,Policy/standard excess (not medical-only)
aviva-travel-insurance-review__upper-age-limit,Travel Insurance,aviva-travel-insurance-review,Aviva Travel Insurance Review,https://compare100.com/aviva-travel-insurance-review/,,Upper age limit,None on single trip; annual multi-trip capped at 79 for new policies,79,,,,,own_review,2026-08-16,false,high,current,
compare-your-travel-insurance__cheapest-quote-advertised,Travel Insurance,compare-your-travel-insurance,"Compare Your Travel Insurance Review: 26 Insurers, One Gibraltar Licence",https://compare100.com/compare-your-travel-insurance/,,Cheapest quote advertised,"£8.23, single trip",8.23,,,GBP,,own_review,2026-09-17,false,high,current,
compare-your-travel-insurance__complaints,Travel Insurance,compare-your-travel-insurance,"Compare Your Travel Insurance Review: 26 Insurers, One Gibraltar Licence",https://compare100.com/compare-your-travel-insurance/,,Complaints,Acknowledged within 5 working days; Ombudsman route offered after 8 weeks,,,,,,own_review,2026-09-17,false,high,current,
compare-your-travel-insurance__emergency-medical-cover,Travel Insurance,compare-your-travel-insurance,"Compare Your Travel Insurance Review: 26 Insurers, One Gibraltar Licence",https://compare100.com/compare-your-travel-insurance/,,Emergency medical cover,£5m to £20m across the named panel — Post Office Economy up to Admiral Platinum,,,,,,own_review,2026-09-17,true,high,current,
compare-your-travel-insurance__longest-single-trip,Travel Insurance,compare-your-travel-insurance,"Compare Your Travel Insurance Review: 26 Insurers, One Gibraltar Licence",https://compare100.com/compare-your-travel-insurance/,,Longest single trip,"94 days; duration bands of 35 days, 36–60 days and 61 days or more",,,,,,own_review,2026-09-17,false,high,current,
compare-your-travel-insurance__panel,Travel Insurance,compare-your-travel-insurance,"Compare Your Travel Insurance Review: 26 Insurers, One Gibraltar Licence",https://compare100.com/compare-your-travel-insurance/,,Panel,"26 named providers, all required to be FCA-authorised; site advertises 200+ prices",,,,,,own_review,2026-09-17,false,high,current,
compare-your-travel-insurance__right-to-cancel,Travel Insurance,compare-your-travel-insurance,"Compare Your Travel Insurance Review: 26 Insurers, One Gibraltar Licence",https://compare100.com/compare-your-travel-insurance/,,Right to cancel,14 days on any policy bought through the panel,14,,,,,own_review,2026-09-17,false,high,current,
compare-your-travel-insurance__service-type,Travel Insurance,compare-your-travel-insurance,"Compare Your Travel Insurance Review: 26 Insurers, One Gibraltar Licence",https://compare100.com/compare-your-travel-insurance/,,Service type,"Quote comparison paid by commission — not an insurer, and no advice or recommendation given",,,,,,own_review,2026-09-17,false,high,current,
compare-your-travel-insurance__sister-brands,Travel Insurance,compare-your-travel-insurance,"Compare Your Travel Insurance Review: 26 Insurers, One Gibraltar Licence",https://compare100.com/compare-your-travel-insurance/,,Sister brands,"Medical Travel Compared, Compare Your Cruise Insurance, Juxtify, Signposter Plus",,,,,,own_review,2026-09-17,false,high,current,
compare-your-travel-insurance__sold-by,Travel Insurance,compare-your-travel-insurance,"Compare Your Travel Insurance Review: 26 Insurers, One Gibraltar Licence",https://compare100.com/compare-your-travel-insurance/,,Sold by,"Aequotech Limited, Gibraltar (company 111831, GFSC licence 20376, UK firm reference 677661)",,,,,,own_review,2026-09-17,false,high,current,
compare-your-travel-insurance__trading-since,Travel Insurance,compare-your-travel-insurance,"Compare Your Travel Insurance Review: 26 Insurers, One Gibraltar Licence",https://compare100.com/compare-your-travel-insurance/,,Trading since,Site says 2013; the Gibraltar company was incorporated 18 July 2014,,,,,,own_review,2026-09-17,false,high,current,
coverwise-travel-insurance__advice,Travel Insurance,coverwise-travel-insurance,"Coverwise Travel Insurance Review: Five Levels, One Medical Limit",https://compare100.com/coverwise-travel-insurance/,,Advice,None. The terms say the firm “does not seek to advise you on which particular product or service you should purchase”,,,,,,own_review,2026-09-18,false,high,current,
coverwise-travel-insurance__age-ceilings,Travel Insurance,coverwise-travel-insurance,"Coverwise Travel Insurance Review: Five Levels, One Medical Limit",https://compare100.com/coverwise-travel-insurance/,,Age ceilings,Annual multi-trip closes at 66; single trip closes at 76,,,,,,own_review,2026-09-18,false,high,current,
coverwise-travel-insurance__cancellation-cover,Travel Insurance,coverwise-travel-insurance,"Coverwise Travel Insurance Review: Five Levels, One Medical Limit",https://compare100.com/coverwise-travel-insurance/,,Cancellation cover,"£1,000 on Standard Plus rising to £6,000 on Platinum",,,,,,own_review,2026-09-18,false,high,current,
coverwise-travel-insurance__cheapest-advertised-price,Travel Insurance,coverwise-travel-insurance,"Coverwise Travel Insurance Review: Five Levels, One Medical Limit",https://compare100.com/coverwise-travel-insurance/,,Cheapest advertised price,"£3.60 single trip (age 20–40, Europe, 4 days); £10.95 annual (age 26–30)",,,,,,own_review,2026-09-18,false,high,current,
coverwise-travel-insurance__cover-levels,Travel Insurance,coverwise-travel-insurance,"Coverwise Travel Insurance Review: Five Levels, One Medical Limit",https://compare100.com/coverwise-travel-insurance/,,Cover levels,"Five — Standard Plus, Bronze, Silver Plus, Gold, Platinum",,,,,,own_review,2026-09-18,false,high,current,
coverwise-travel-insurance__emergency-medical,Travel Insurance,coverwise-travel-insurance,"Coverwise Travel Insurance Review: Five Levels, One Medical Limit",https://compare100.com/coverwise-travel-insurance/,,Emergency medical,"£20,000,000 on every level; excess £100, £50 or nil",,,,,,own_review,2026-09-18,false,high,current,
coverwise-travel-insurance__emergency-medical-cover,Travel Insurance,coverwise-travel-insurance,"Coverwise Travel Insurance Review: Five Levels, One Medical Limit",https://compare100.com/coverwise-travel-insurance/,,Emergency medical cover,"£20,000,000 on all five levels — Standard Plus to Platinum. Excess £100, £50 or nil",,,,,,own_review,2026-09-18,true,high,current,
coverwise-travel-insurance__right-to-cancel,Travel Insurance,coverwise-travel-insurance,"Coverwise Travel Insurance Review: Five Levels, One Medical Limit",https://compare100.com/coverwise-travel-insurance/,,Right to cancel,"14 days from receiving the documents, and no refund at all after that",14,,,,,own_review,2026-09-18,false,high,current,
coverwise-travel-insurance__sold-by,Travel Insurance,coverwise-travel-insurance,"Coverwise Travel Insurance Review: Five Levels, One Medical Limit",https://compare100.com/coverwise-travel-insurance/,,Sold by,"Coverwise Limited, Gibraltar (company 103717, FSC registration FSC1107B, UK firm reference 533101)",,,,,,own_review,2026-09-18,false,high,current,
coverwise-travel-insurance__trip-length,Travel Insurance,coverwise-travel-insurance,"Coverwise Travel Insurance Review: Five Levels, One Medical Limit",https://compare100.com/coverwise-travel-insurance/,,Trip length,"24 days per trip on the two lower levels, 31 days on the three upper ones; winter sports capped at 17 days a year",,,,,,own_review,2026-09-18,false,high,current,
coverwise-travel-insurance__underwritten-by,Travel Insurance,coverwise-travel-insurance,"Coverwise Travel Insurance Review: Five Levels, One Medical Limit",https://compare100.com/coverwise-travel-insurance/,,Underwritten by,"Inter Partner Assistance S.A. UK Branch (AXA Group, firm reference 202664) or AWP P&C S.A. (Allianz, firm reference 534384) depending on the scheme",,,,,,own_review,2026-09-18,false,high,current,
insuremore-travel-insurance-review__arranged-by,Travel Insurance,insuremore-travel-insurance-review,InsureMore Travel Insurance Review,https://compare100.com/insuremore-travel-insurance-review/,,Arranged by,ERGO Travel Insurance Services on the insurer's behalf,,,,,,own_review,2026-08-31,false,high,current,
insuremore-travel-insurance-review__cancellation,Travel Insurance,insuremore-travel-insurance-review,InsureMore Travel Insurance Review,https://compare100.com/insuremore-travel-insurance-review/,,Cancellation,"£5,000 as standard, upgradable to £10,000 on Holiday+",,,,,,own_review,2026-08-31,false,high,current,
insuremore-travel-insurance-review__cooling-off-period,Travel Insurance,insuremore-travel-insurance-review,InsureMore Travel Insurance Review,https://compare100.com/insuremore-travel-insurance-review/,,Cooling-off period,"14 days, though short single trips may earn no refund",14,,,,,own_review,2026-08-31,false,high,current,
insuremore-travel-insurance-review__emergency-medical-cover,Travel Insurance,insuremore-travel-insurance-review,InsureMore Travel Insurance Review,https://compare100.com/insuremore-travel-insurance-review/,,Emergency medical cover,"£12,000,000 on Holiday Travel+, £50 excess",,,,,,own_review,2026-08-31,true,high,current,
insuremore-travel-insurance-review__emergency-medical-limit,Travel Insurance,insuremore-travel-insurance-review,InsureMore Travel Insurance Review,https://compare100.com/insuremore-travel-insurance-review/,,Emergency medical limit,"£12,000,000 on Holiday Travel+, £50 excess",,,,,,own_review,2026-08-31,false,high,current,
insuremore-travel-insurance-review__fees,Travel Insurance,insuremore-travel-insurance-review,InsureMore Travel Insurance Review,https://compare100.com/insuremore-travel-insurance-review/,,Fees,"No set-up or renewal fee, £15 mid-term change",15,,,GBP,,own_review,2026-08-31,false,high,current,
insuremore-travel-insurance-review__legal-expenses-insurer,Travel Insurance,insuremore-travel-insurance-review,InsureMore Travel Insurance Review,https://compare100.com/insuremore-travel-insurance-review/,,Legal expenses insurer,DAS Legal Expenses Insurance Company Limited (FRN 202106),202106,,,,,own_review,2026-08-31,false,high,current,
insuremore-travel-insurance-review__longest-trip,Travel Insurance,insuremore-travel-insurance-review,InsureMore Travel Insurance Review,https://compare100.com/insuremore-travel-insurance-review/,,Longest trip,"540 days on Adventure Travel, age 65 and under",,,,,,own_review,2026-08-31,false,high,current,
insuremore-travel-insurance-review__oldest-age-accepted,Travel Insurance,insuremore-travel-insurance-review,InsureMore Travel Insurance Review,https://compare100.com/insuremore-travel-insurance-review/,,Oldest age accepted,"85 on a Holiday+ single trip, 75 on any annual policy",,,,,,own_review,2026-08-31,false,high,current,
insuremore-travel-insurance-review__personal-liability,Travel Insurance,insuremore-travel-insurance-review,InsureMore Travel Insurance Review,https://compare100.com/insuremore-travel-insurance-review/,,Personal liability,"£2,000,000",2000000,,,GBP,,own_review,2026-08-31,false,high,current,
insuremore-travel-insurance-review__scheme-since,Travel Insurance,insuremore-travel-insurance-review,InsureMore Travel Insurance Review,https://compare100.com/insuremore-travel-insurance-review/,,Scheme since,"19 May 2021, endorsed by BIBA",,,,,,own_review,2026-08-31,false,high,current,
insuremore-travel-insurance-review__sold-by,Travel Insurance,insuremore-travel-insurance-review,InsureMore Travel Insurance Review,https://compare100.com/insuremore-travel-insurance-review/,,Sold by,"Virtual Insurance Products Ltd, Totnes (company 04233964, FRN 307038)",,,,,,own_review,2026-08-31,false,high,current,
insuremore-travel-insurance-review__underwriter,Travel Insurance,insuremore-travel-insurance-review,InsureMore Travel Insurance Review,https://compare100.com/insuremore-travel-insurance-review/,,Underwriter,"Great Lakes Insurance UK Limited (FRN 955859), part of Munich Re",955859,,,,,own_review,2026-08-31,false,high,current,
quotezone-travel-insurance-review__baggage-limits,Travel Insurance,quotezone-travel-insurance-review,Quotezone.co.uk Travel Insurance,https://compare100.com/quotezone-travel-insurance-review/,,Baggage limits,"£2,500 to £5,000",,,,,,own_review,2026-08-19,false,high,current,
quotezone-travel-insurance-review__cancellation-limits,Travel Insurance,quotezone-travel-insurance-review,Quotezone.co.uk Travel Insurance,https://compare100.com/quotezone-travel-insurance-review/,,Cancellation limits,"£10,000 to £25,000 depending on insurer",,,,,,own_review,2026-08-19,false,high,current,
quotezone-travel-insurance-review__cost-to-you,Travel Insurance,quotezone-travel-insurance-review,Quotezone.co.uk Travel Insurance,https://compare100.com/quotezone-travel-insurance-review/,,Cost to you,"Nothing. Providers pay Seopa a flat fee, a commission, or both",,,,,,own_review,2026-08-19,false,high,current,
quotezone-travel-insurance-review__emergency-medical-cover,Travel Insurance,quotezone-travel-insurance-review,Quotezone.co.uk Travel Insurance,https://compare100.com/quotezone-travel-insurance-review/,,Emergency medical cover,"£10m to unlimited across the panel — a comparison service, not an insurer",10,,,GBP,,own_review,2026-08-19,true,high,current,
quotezone-travel-insurance-review__emergency-medical-limits,Travel Insurance,quotezone-travel-insurance-review,Quotezone.co.uk Travel Insurance,https://compare100.com/quotezone-travel-insurance-review/,,Emergency medical limits,£10m to unlimited across the specialist insurers listed,10,,,GBP,,own_review,2026-08-19,false,high,current,
quotezone-travel-insurance-review__fca-reference,Travel Insurance,quotezone-travel-insurance-review,Quotezone.co.uk Travel Insurance,https://compare100.com/quotezone-travel-insurance-review/,,FCA reference,"313860, as a non-investment insurance intermediary and credit broker",313860,,,,,own_review,2026-08-19,false,high,current,
quotezone-travel-insurance-review__if-it-goes-wrong,Travel Insurance,quotezone-travel-insurance-review,Quotezone.co.uk Travel Insurance,https://compare100.com/quotezone-travel-insurance-review/,,If it goes wrong,"Seopa first, Financial Ombudsman Service after eight weeks · FSCS covers 90% of a mediation claim with no upper limit",90,,,,,own_review,2026-08-19,false,high,current,
quotezone-travel-insurance-review__maximum-excess,Travel Insurance,quotezone-travel-insurance-review,Quotezone.co.uk Travel Insurance,https://compare100.com/quotezone-travel-insurance-review/,,Maximum excess,"£60 at one insurer, £500 at another — an eight-fold spread",,,,,,own_review,2026-08-19,false,high,current,
quotezone-travel-insurance-review__policy-types-quoted,Travel Insurance,quotezone-travel-insurance-review,Quotezone.co.uk Travel Insurance,https://compare100.com/quotezone-travel-insurance-review/,,Policy types quoted,Single trip · annual multi-trip · backpacker · cruise · winter sports · business · family,,,,,,own_review,2026-08-19,false,high,current,
quotezone-travel-insurance-review__run-by,Travel Insurance,quotezone-travel-insurance-review,Quotezone.co.uk Travel Insurance,https://compare100.com/quotezone-travel-insurance-review/,,Run by,"Seopa Ltd, Belfast · Northern Ireland company NI46322",46322,,,,,own_review,2026-08-19,false,high,current,
quotezone-travel-insurance-review__service-type,Travel Insurance,quotezone-travel-insurance-review,Quotezone.co.uk Travel Insurance,https://compare100.com/quotezone-travel-insurance-review/,,Service type,"Quote comparison and internet directory — not an insurer, not a broker, no advice given",,,,,,own_review,2026-08-19,false,high,current,
quotezone-travel-insurance-review__tax-inside-the-price,Travel Insurance,quotezone-travel-insurance-review,Quotezone.co.uk Travel Insurance,https://compare100.com/quotezone-travel-insurance-review/,,Tax inside the price,"Insurance Premium Tax at the higher rate of 20%, which travel insurance has attracted since 1998",,,,,,own_review,2026-08-19,false,high,current,
quotezone-travel-insurance-review__travel-panel,Travel Insurance,quotezone-travel-insurance-review,Quotezone.co.uk Travel Insurance,https://compare100.com/quotezone-travel-insurance-review/,,Travel panel,Stated as up to 15 providers — against 300+ relationships across the wider site,,,,,,own_review,2026-08-19,false,high,current,
quotezone-travel-insurance-review__trip-length,Travel Insurance,quotezone-travel-insurance-review,Quotezone.co.uk Travel Insurance,https://compare100.com/quotezone-travel-insurance-review/,,Trip length,"Single trip usually 30–31 days · annual policies 31–45 days per trip, 90 on request",,,,,,own_review,2026-08-19,false,high,current,
saga-travel-insurance-review__abandonment,Travel Insurance,saga-travel-insurance-review,Saga Travel Insurance Review,https://compare100.com/saga-travel-insurance-review/,,Abandonment,"Up to £20,000",20000,,,GBP,,own_review,2026-08-16,false,high,current,
saga-travel-insurance-review__annual-multi-trip,Travel Insurance,saga-travel-insurance-review,Saga Travel Insurance Review,https://compare100.com/saga-travel-insurance-review/,,Annual multi-trip,"180 days a year total, 45 days maximum per trip (extendable to 60–90 for some regions)",,,,,,own_review,2026-08-16,false,high,current,
saga-travel-insurance-review__baggage-plus,Travel Insurance,saga-travel-insurance-review,Saga Travel Insurance Review,https://compare100.com/saga-travel-insurance-review/,,Baggage (Plus),"Up to £10,000",10000,,,GBP,,own_review,2026-08-16,false,high,current,
saga-travel-insurance-review__cancellation-plus,Travel Insurance,saga-travel-insurance-review,Saga Travel Insurance Review,https://compare100.com/saga-travel-insurance-review/,,Cancellation (Plus),"Up to £20,000",20000,,,GBP,,own_review,2026-08-16,false,high,current,
saga-travel-insurance-review__cover-tiers,Travel Insurance,saga-travel-insurance-review,Saga Travel Insurance Review,https://compare100.com/saga-travel-insurance-review/,,Cover tiers,"Single trip: Essential, Standard, Plus · Annual: Standard, Plus",,,,,,own_review,2026-08-16,false,high,current,
saga-travel-insurance-review__cruise-cover,Travel Insurance,saga-travel-insurance-review,Saga Travel Insurance Review,https://compare100.com/saga-travel-insurance-review/,,Cruise cover,Included as standard,,,,,,own_review,2026-08-16,false,high,current,
saga-travel-insurance-review__defaqto-rating,Travel Insurance,saga-travel-insurance-review,Saga Travel Insurance Review,https://compare100.com/saga-travel-insurance-review/,,Defaqto rating,5 stars,5,,,,,own_review,2026-08-16,false,high,current,
saga-travel-insurance-review__emergency-medical-cover,Travel Insurance,saga-travel-insurance-review,Saga Travel Insurance Review,https://compare100.com/saga-travel-insurance-review/,,Emergency medical cover,"Up to £20 million on Plus. Minimum age 50, no upper limit",,,,,,own_review,2026-08-16,true,high,current,
saga-travel-insurance-review__emergency-medical-plus,Travel Insurance,saga-travel-insurance-review,Saga Travel Insurance Review,https://compare100.com/saga-travel-insurance-review/,,Emergency medical (Plus),Up to £20 million,20,,,GBP,,own_review,2026-08-16,false,high,current,
saga-travel-insurance-review__minimum-age,Travel Insurance,saga-travel-insurance-review,Saga Travel Insurance Review,https://compare100.com/saga-travel-insurance-review/,,Minimum age,50 — no exceptions,50,,,,,own_review,2026-08-16,false,high,current,
saga-travel-insurance-review__missed-departure,Travel Insurance,saga-travel-insurance-review,Saga Travel Insurance Review,https://compare100.com/saga-travel-insurance-review/,,Missed departure,"Up to £1,500",1500,,,GBP,,own_review,2026-08-16,false,high,current,
saga-travel-insurance-review__pre-existing-conditions,Travel Insurance,saga-travel-insurance-review,Saga Travel Insurance Review,https://compare100.com/saga-travel-insurance-review/,,Pre-existing conditions,Most covered after medical screening — diagnosed conditions only,,,,,,own_review,2026-08-16,false,high,current,
saga-travel-insurance-review__single-trip-length,Travel Insurance,saga-travel-insurance-review,Saga Travel Insurance Review,https://compare100.com/saga-travel-insurance-review/,,Single trip length,Up to 180 days,180,,,,,own_review,2026-08-16,false,high,current,
saga-travel-insurance-review__upper-age-limit,Travel Insurance,saga-travel-insurance-review,Saga Travel Insurance Review,https://compare100.com/saga-travel-insurance-review/,,Upper age limit,None,,,,,,own_review,2026-08-16,false,high,current,
voyager-travel-insurance-review__activities-as-standard,Travel Insurance,voyager-travel-insurance-review,Voyager Travel Insurance Review,https://compare100.com/voyager-travel-insurance-review/,,Activities as standard,Over 100,100,,,,,own_review,2026-08-28,false,high,current,
voyager-travel-insurance-review__cancellation,Travel Insurance,voyager-travel-insurance-review,Voyager Travel Insurance Review,https://compare100.com/voyager-travel-insurance-review/,,Cancellation,"£1,000 to £10,000 by tier",,,,,,own_review,2026-08-28,false,high,current,
voyager-travel-insurance-review__cover-levels,Travel Insurance,voyager-travel-insurance-review,Voyager Travel Insurance Review,https://compare100.com/voyager-travel-insurance-review/,,Cover levels,"Standard, Enhanced, Prime, Supreme",,,,,,own_review,2026-08-28,false,high,current,
voyager-travel-insurance-review__emergency-medical,Travel Insurance,voyager-travel-insurance-review,Voyager Travel Insurance Review,https://compare100.com/voyager-travel-insurance-review/,,Emergency medical,£5m to £10m by tier,,,,,,own_review,2026-08-28,false,high,current,
voyager-travel-insurance-review__emergency-medical-cover,Travel Insurance,voyager-travel-insurance-review,Voyager Travel Insurance Review,https://compare100.com/voyager-travel-insurance-review/,,Emergency medical cover,£5m to £10m by tier. Excess £150 down to £50,,,,,,own_review,2026-08-28,true,high,current,
voyager-travel-insurance-review__excess-per-claim,Travel Insurance,voyager-travel-insurance-review,Voyager Travel Insurance Review,https://compare100.com/voyager-travel-insurance-review/,,Excess per claim,£150 / £100 / £75 / £50 by tier,,,,,,own_review,2026-08-28,false,high,current,
voyager-travel-insurance-review__fca-firm-reference,Travel Insurance,voyager-travel-insurance-review,Voyager Travel Insurance Review,https://compare100.com/voyager-travel-insurance-review/,,FCA firm reference,305814,305814,,,,,own_review,2026-08-28,false,high,current,
voyager-travel-insurance-review__legal-entity,Travel Insurance,voyager-travel-insurance-review,Voyager Travel Insurance Review,https://compare100.com/voyager-travel-insurance-review/,,Legal entity,"Caledon MGA Ltd, company no. 3251842",3251842,,,,,own_review,2026-08-28,false,high,current,
voyager-travel-insurance-review__telephone-admin-fee,Travel Insurance,voyager-travel-insurance-review,Voyager Travel Insurance Review,https://compare100.com/voyager-travel-insurance-review/,,Telephone admin fee,£12; nothing online,12,,,GBP,,own_review,2026-08-28,false,high,current,
voyager-travel-insurance-review__trading-since,Travel Insurance,voyager-travel-insurance-review,Voyager Travel Insurance Review,https://compare100.com/voyager-travel-insurance-review/,,Trading since,September 1996,1996,,,,,own_review,2026-08-28,false,high,current,
voyager-travel-insurance-review__underwriter,Travel Insurance,voyager-travel-insurance-review,Voyager Travel Insurance Review,https://compare100.com/voyager-travel-insurance-review/,,Underwriter,"Starr International (Europe) Limited, FRN 472977",472977,,,,,own_review,2026-08-28,false,high,current,
ats-euromaster-tyres__cheapest-205-55-r16-tyre-fitted,Tyres,ats-euromaster-tyres,"ATS Euromaster Tyres: The Chain Has Closed, the Guarantee Has Not",https://compare100.com/ats-euromaster-tyres/,,"Cheapest 205/55 R16 tyre, fitted",No longer sold — all 152 UK points of sale stopped trading on 1 May 2026,,,,,,own_review,2026-09-22,true,high,current,
ats-euromaster-tyres__company,Tyres,ats-euromaster-tyres,"ATS Euromaster Tyres: The Chain Has Closed, the Guarantee Has Not",https://compare100.com/ats-euromaster-tyres/,,Company,"ATS Euromaster Limited, registered number 04303731, Birmingham — still active on the register",04303731,,,,,own_review,2026-09-22,false,high,current,
ats-euromaster-tyres__last-trading-day,Tyres,ats-euromaster-tyres,"ATS Euromaster Tyres: The Chain Has Closed, the Guarantee Has Not",https://compare100.com/ats-euromaster-tyres/,,Last trading day,"1 May 2026, after 152 points of sale were wound down",,,,,,own_review,2026-09-22,false,high,current,
ats-euromaster-tyres__masterservice-free-replacement-band,Tyres,ats-euromaster-tyres,"ATS Euromaster Tyres: The Chain Has Closed, the Guarantee Has Not",https://compare100.com/ats-euromaster-tyres/,,Masterservice free-replacement band,6mm of remaining tread or more,6,,,,,own_review,2026-09-22,false,high,current,
ats-euromaster-tyres__owner,Tyres,ats-euromaster-tyres,"ATS Euromaster Tyres: The Chain Has Closed, the Guarantee Has Not",https://compare100.com/ats-euromaster-tyres/,,Owner,"Michelin, through Associated Tyre Specialists (Investment) Limited",,,,,,own_review,2026-09-22,false,high,current,
ats-euromaster-tyres__sites-still-trading,Tyres,ats-euromaster-tyres,"ATS Euromaster Tyres: The Chain Has Closed, the Guarantee Has Not",https://compare100.com/ats-euromaster-tyres/,,Sites still trading,"35 under Formula One Autocentres, 14 under Elite Garages",,,,,,own_review,2026-09-22,false,high,current,
ats-euromaster-tyres__time-limit-on-a-claim,Tyres,ats-euromaster-tyres,"ATS Euromaster Tyres: The Chain Has Closed, the Guarantee Has Not",https://compare100.com/ats-euromaster-tyres/,,Time limit on a claim,"Six years from the breach, under section 5 of the Limitation Act 1980",,,,,,own_review,2026-09-22,false,high,current,
ats-euromaster-tyres__warranty-claims,Tyres,ats-euromaster-tyres,"ATS Euromaster Tyres: The Chain Has Closed, the Guarantee Has Not",https://compare100.com/ats-euromaster-tyres/,,Warranty claims,"gen.uk.warranty@euromaster.com, on the ATS Warranties Claim Form",,,,,,own_review,2026-09-22,false,high,current,
kwik-fit-tyres__fitted-price-includes,Tyres,kwik-fit-tyres,"Kwik Fit Tyres: Fitted Prices, the Label and What the Law Demands",https://compare100.com/kwik-fit-tyres/,,Fitted price includes,"Tyre, replacement valve, wheel balancing, disposal of the old tyre, VAT",,,,,,own_review,2026-09-08,false,high,current,
kwik-fit-tyres__fitting-balancing-valve-and-disposal,Tyres,kwik-fit-tyres,"Kwik Fit Tyres: Fitted Prices, the Label and What the Law Demands",https://compare100.com/kwik-fit-tyres/,,"Fitting, balancing, valve and disposal","£20.50 per tyre, excluded from every discount code",20.50,,,GBP,,own_review,2026-09-08,false,high,current,
kwik-fit-tyres__legal-tread-depth,Tyres,kwik-fit-tyres,"Kwik Fit Tyres: Fitted Prices, the Label and What the Law Demands",https://compare100.com/kwik-fit-tyres/,,Legal tread depth,"1.6mm across the central three-quarters, round the whole circumference",1.6,,,,,own_review,2026-09-08,false,high,current,
kwik-fit-tyres__mobile-fitting,Tyres,kwik-fit-tyres,"Kwik Fit Tyres: Fitted Prices, the Label and What the Law Demands",https://compare100.com/kwik-fit-tyres/,,Mobile fitting,"Over 200 mobile fitters, 7 days a week, free with 4 tyres bought online",,,,,,own_review,2026-09-08,false,high,current,
kwik-fit-tyres__network,Tyres,kwik-fit-tyres,"Kwik Fit Tyres: Fitted Prices, the Label and What the Law Demands",https://compare100.com/kwik-fit-tyres/,,Network,"Over 600 centres, UK and Northern Ireland, many open 7 days",,,,,,own_review,2026-09-08,false,high,current,
kwik-fit-tyres__owner,Tyres,kwik-fit-tyres,"Kwik Fit Tyres: Fitted Prices, the Label and What the Law Demands",https://compare100.com/kwik-fit-tyres/,,Owner,"European Tyre Enterprise Limited, brought together by ITOCHU in 2011",2011,,,,,own_review,2026-09-08,false,high,current,
kwik-fit-tyres__penalty-for-a-worn-tyre,Tyres,kwik-fit-tyres,"Kwik Fit Tyres: Fitted Prices, the Label and What the Law Demands",https://compare100.com/kwik-fit-tyres/,,Penalty for a worn tyre,"Level 4 fine, up to £2,500, and 3 penalty points, per tyre",,,,,,own_review,2026-09-08,false,high,current,
kwik-fit-tyres__puncture-repair,Tyres,kwik-fit-tyres,"Kwik Fit Tyres: Fitted Prices, the Label and What the Law Demands",https://compare100.com/kwik-fit-tyres/,,Puncture repair,"From £29.95 per tyre, to British Standard BS AU 159",,,,,,own_review,2026-09-08,false,high,current,
kwik-fit-tyres__tyre-guarantee,Tyres,kwik-fit-tyres,"Kwik Fit Tyres: Fitted Prices, the Label and What the Law Demands",https://compare100.com/kwik-fit-tyres/,,Tyre guarantee,Manufacturing defects for the legal life of the tyre; refund for remaining tread,,,,,,own_review,2026-09-08,false,high,current,
kwik-fit-tyres__tyre-label-classes,Tyres,kwik-fit-tyres,"Kwik Fit Tyres: Fitted Prices, the Label and What the Law Demands",https://compare100.com/kwik-fit-tyres/,,Tyre label classes,A to E for fuel efficiency and wet grip; noise in decibels,,,,,,own_review,2026-09-08,false,high,current,
kwik-fit-tyres__tyrecare-insurance,Tyres,kwik-fit-tyres,"Kwik Fit Tyres: Fitted Prices, the Label and What the Law Demands",https://compare100.com/kwik-fit-tyres/,,TyreCare insurance,"£6.99 to £42.99 per tyre, 12 months, insurance premium tax included",,,,,,own_review,2026-09-08,false,high,current,
kwik-fit-tyres__tyrecare-insurer,Tyres,kwik-fit-tyres,"Kwik Fit Tyres: Fitted Prices, the Label and What the Law Demands",https://compare100.com/kwik-fit-tyres/,,TyreCare insurer,"London General Insurance Company Limited, FCA firm reference 202689",202689,,,,,own_review,2026-09-08,false,high,current,
tyres-net__cancellation,Tyres,tyres-net,Tyres.net Review: What 750 Prices for One Tyre Size Leave Out,https://compare100.com/tyres-net/,,Cancellation,"14 days from delivery under the site's own withdrawal notice, with TyresNET collecting the goods and paying the return carriage",14,,,,,own_review,2026-09-20,false,high,current,
tyres-net__catalogue,Tyres,tyres-net,Tyres.net Review: What 750 Prices for One Tyre Size Leave Out,https://compare100.com/tyres-net/,,Catalogue,"More than 10,000 items in the product feed — car, van, motorcycle, truck and bicycle tyres, plus wheels, oils and accessories",10000,,,,,own_review,2026-09-20,false,high,current,
tyres-net__cheapest-205-55-r16-tyre-listed,Tyres,tyres-net,Tyres.net Review: What 750 Prices for One Tyre Size Leave Out,https://compare100.com/tyres-net/,,Cheapest 205/55 R16 tyre listed,"£35.58 for a 91V Dovroad Zyphira — one of 750 offers in that size, delivered price, fitting not included",,,,,,own_review,2026-09-20,true,high,current,
tyres-net__directors,Tyres,tyres-net,Tyres.net Review: What 750 Prices for One Tyre Size Leave Out,https://compare100.com/tyres-net/,,Directors,Andreas Prüfer and Nina Andree,,,,,,own_review,2026-09-20,false,high,current,
tyres-net__dispute-route-named-in-the-terms,Tyres,tyres-net,Tyres.net Review: What 750 Prices for One Tyre Size Leave Out,https://compare100.com/tyres-net/,,Dispute route named in the terms,The European ODR portal — switched off on 20 July 2025,,,,,,own_review,2026-09-20,false,high,current,
tyres-net__governing-law,Tyres,tyres-net,Tyres.net Review: What 750 Prices for One Tyre Size Leave Out,https://compare100.com/tyres-net/,,Governing law,"German law, per clause 8.3 of the general terms",8.3,,,,,own_review,2026-09-20,false,high,current,
tyres-net__independent-rating,Tyres,tyres-net,Tyres.net Review: What 750 Prices for One Tyre Size Leave Out,https://compare100.com/tyres-net/,,Independent rating,"None found. Defaqto rates insurance, Fairer Finance does not cover retail, and no ratings agency scores tyre comparison sites",,,,,,own_review,2026-09-20,false,high,current,
tyres-net__offers-in-one-common-size,Tyres,tyres-net,Tyres.net Review: What 750 Prices for One Tyre Size Leave Out,https://compare100.com/tyres-net/,,Offers in one common size,"750 for 205/55 R16, spread across 38 pages of results, cheapest £35.58 and dearest £150.11",,,,,,own_review,2026-09-20,false,high,current,
tyres-net__what-it-is,Tyres,tyres-net,Tyres.net Review: What 750 Prices for One Tyre Size Leave Out,https://compare100.com/tyres-net/,,What it is,"A price comparison platform and marketplace, live in 64 countries and 12 languages; it sells nothing itself",,,,,,own_review,2026-09-20,false,high,current,
tyres-net__who-runs-it,Tyres,tyres-net,Tyres.net Review: What 750 Prices for One Tyre Size Leave Out,https://compare100.com/tyres-net/,,Who runs it,"TyresNET GmbH, Franz-Joseph-Straße 11, 80801 Munich — Amtsgericht München HRB 221425, VAT DE301419717",,,,,,own_review,2026-09-20,false,high,current,
tyres-net__who-you-buy-from,Tyres,tyres-net,Tyres.net Review: What 750 Prices for One Tyre Size Leave Out,https://compare100.com/tyres-net/,,Who you buy from,"The listed shop, not Tyres.net — contracts are 'concluded solely between the customers and the listed online shops'",,,,,,own_review,2026-09-20,false,high,current,
samboat-boat-rental__charge-to-the-renter,UK Boating Holidays,samboat-boat-rental,"SamBoat Review: 50,000 Boats, a French Contract and Who Carries the Risk",https://compare100.com/samboat-boat-rental/,,Charge to the renter,"A Renter Protection Fee, payable on confirmation — the terms set no percentage for it",,,,,,own_review,2026-09-19,false,high,current,
samboat-boat-rental__commission-from-the-owner,UK Boating Holidays,samboat-boat-rental,"SamBoat Review: 50,000 Boats, a French Contract and Who Carries the Risk",https://compare100.com/samboat-boat-rental/,,Commission from the owner,"20% of the rental, cut to 10% on extras such as paddleboards and snorkelling gear",,,,,,own_review,2026-09-19,false,high,current,
samboat-boat-rental__default-cancellation,UK Boating Holidays,samboat-boat-rental,"SamBoat Review: 50,000 Boats, a French Contract and Who Carries the Risk",https://compare100.com/samboat-boat-rental/,,Default cancellation,"ZEN: 70% back if you cancel 5 days or more ahead, nothing inside 5 days",,,,,,own_review,2026-09-19,false,high,current,
samboat-boat-rental__deposit-handling-fee,UK Boating Holidays,samboat-boat-rental,"SamBoat Review: 50,000 Boats, a French Contract and Who Carries the Risk",https://compare100.com/samboat-boat-rental/,,Deposit handling fee,"5% of the deposit, minimum €100, if SamBoat has to activate it",,,,,,own_review,2026-09-19,false,high,current,
samboat-boat-rental__fleet,UK Boating Holidays,samboat-boat-rental,"SamBoat Review: 50,000 Boats, a French Contract and Who Carries the Risk",https://compare100.com/samboat-boat-rental/,,Fleet,"More than 50,000 boats and 1,400 destinations; 161 boats listed in the United Kingdom",,,,,,own_review,2026-09-19,false,high,current,
samboat-boat-rental__founded,UK Boating Holidays,samboat-boat-rental,"SamBoat Review: 50,000 Boats, a French Contract and Who Carries the Risk",https://compare100.com/samboat-boat-rental/,,Founded,2014 in Bordeaux by Laurent Calando and Nicolas Cargou,2014,,,,,own_review,2026-09-19,false,high,current,
samboat-boat-rental__governing-law,UK Boating Holidays,samboat-boat-rental,"SamBoat Review: 50,000 Boats, a French Contract and Who Carries the Risk",https://compare100.com/samboat-boat-rental/,,Governing law,French law; terms last updated 4 April 2026,,,,,,own_review,2026-09-19,false,high,current,
samboat-boat-rental__insurance-registration,UK Boating Holidays,samboat-boat-rental,"SamBoat Review: 50,000 Boats, a French Contract and Who Carries the Risk",https://compare100.com/samboat-boat-rental/,,Insurance registration,"ORIAS number 16001576, the French register of insurance intermediaries",16001576,,,,,own_review,2026-09-19,false,high,current,
samboat-boat-rental__operator,UK Boating Holidays,samboat-boat-rental,"SamBoat Review: 50,000 Boats, a French Contract and Who Carries the Risk",https://compare100.com/samboat-boat-rental/,,Operator,"LACANI SAS, trading as SamBoat, Bordeaux — RCS 799 758 412, share capital €2,030,000",,,,,,own_review,2026-09-19,false,high,current,
samboat-boat-rental__optional-cover,UK Boating Holidays,samboat-boat-rental,"SamBoat Review: 50,000 Boats, a French Contract and Who Carries the Risk",https://compare100.com/samboat-boat-rental/,,Optional cover,"Deposit insurance to €5,000 from €30; cancellation insurance to €20,000 from €20",,,,,,own_review,2026-09-19,false,high,current,
samboat-boat-rental__owner,UK Boating Holidays,samboat-boat-rental,"SamBoat Review: 50,000 Boats, a French Contract and Who Carries the Risk",https://compare100.com/samboat-boat-rental/,,Owner,"Dream Yacht Group (Belgian company, CBE 0861 876 643); bought SamBoat on 6 November 2018",,,,,,own_review,2026-09-19,false,high,current,
samboat-boat-rental__security-deposit,UK Boating Holidays,samboat-boat-rental,"SamBoat Review: 50,000 Boats, a French Contract and Who Carries the Risk",https://compare100.com/samboat-boat-rental/,,Security deposit,"Set by the owner, taken from your card 48 hours before departure",48,,,,,own_review,2026-09-19,false,high,current,
samboat-boat-rental__typical-price-for-a-week-s-hire,UK Boating Holidays,samboat-boat-rental,"SamBoat Review: 50,000 Boats, a French Contract and Who Carries the Risk",https://compare100.com/samboat-boat-rental/,,Typical price for a week's hire,"€2,400 for a monohull sailboat, €4,300 for a catamaran — SamBoat's own averages, boat only, before fuel and skipper",,,,,,own_review,2026-09-19,true,high,current,
admiral-van-insurance-review__admin-fees,Van Insurance,admiral-van-insurance-review,Admiral Van Insurance Review,https://compare100.com/admiral-van-insurance-review/,,Admin fees,About £15 to amend; £60–£160 to cancel,,,,,,own_review,2026-08-16,false,high,current,
admiral-van-insurance-review__courtesy-vehicle,Van Insurance,admiral-van-insurance-review,Admiral Van Insurance Review,https://compare100.com/admiral-van-insurance-review/,,Courtesy vehicle,"Check whether a like-for-like van is provided, not a car",,,,,,own_review,2026-08-16,false,high,current,
admiral-van-insurance-review__multicar,Van Insurance,admiral-van-insurance-review,Admiral Van Insurance Review,https://compare100.com/admiral-van-insurance-review/,,MultiCar,A van can be added alongside cars on one policy,,,,,,own_review,2026-08-16,false,high,current,
admiral-van-insurance-review__multicover,Van Insurance,admiral-van-insurance-review,Admiral Van Insurance Review,https://compare100.com/admiral-van-insurance-review/,,MultiCover,Bundling with home insurance attracts a further discount,,,,,,own_review,2026-08-16,false,high,current,
admiral-van-insurance-review__specific-van-limits-and-tiers,Van Insurance,admiral-van-insurance-review,Admiral Van Insurance Review,https://compare100.com/admiral-van-insurance-review/,,Specific van limits and tiers,Vary by vehicle and use — confirm at quote,,,,,,own_review,2026-08-16,false,high,current,
admiral-van-insurance-review__tools-cover,Van Insurance,admiral-van-insurance-review,Admiral Van Insurance Review,https://compare100.com/admiral-van-insurance-review/,,Tools cover,"Usually an add-on, not standard — confirm the limit and overnight conditions",,,,,,own_review,2026-08-16,false,high,current,
admiral-van-insurance-review__use-classes,Van Insurance,admiral-van-insurance-review,Admiral Van Insurance Review,https://compare100.com/admiral-van-insurance-review/,,Use classes,Social only · Carriage of own goods · Hire and reward — each priced differently,,,,,,own_review,2026-08-16,false,high,current,
admiral-van-insurance-review__voluntary-excess,Van Insurance,admiral-van-insurance-review,Admiral Van Insurance Review,https://compare100.com/admiral-van-insurance-review/,,Voluntary excess,"Wide range available, as with Admiral car policies",,,,,,own_review,2026-08-16,false,high,current,
quotezone-van-insurance-review__average-quoted-price,Van Insurance,quotezone-van-insurance-review,Quotezone.co.uk Van Insurance,https://compare100.com/quotezone-van-insurance-review/,,Average quoted price,"£575 — rising to £2,026 for drivers under 25",,,,,,own_review,2026-08-19,false,high,current,
quotezone-van-insurance-review__complaints,Van Insurance,quotezone-van-insurance-review,Quotezone.co.uk Van Insurance,https://compare100.com/quotezone-van-insurance-review/,,Complaints,"Seopa first, then the Financial Ombudsman Service once eight weeks have passed",,,,,,own_review,2026-08-19,false,high,current,
quotezone-van-insurance-review__cost-to-you,Van Insurance,quotezone-van-insurance-review,Quotezone.co.uk Van Insurance,https://compare100.com/quotezone-van-insurance-review/,,Cost to you,Nothing. Providers pay Seopa a flat fee or a commission on a completed sale,,,,,,own_review,2026-08-19,false,high,current,
quotezone-van-insurance-review__cover-levels,Van Insurance,quotezone-van-insurance-review,Quotezone.co.uk Van Insurance,https://compare100.com/quotezone-van-insurance-review/,,Cover levels,"Third party only · third party, fire and theft · comprehensive",,,,,,own_review,2026-08-19,false,high,current,
quotezone-van-insurance-review__fca-reference,Van Insurance,quotezone-van-insurance-review,Quotezone.co.uk Van Insurance,https://compare100.com/quotezone-van-insurance-review/,,FCA reference,"313860, authorised since 2003 — verifiable on the FCA Register",,,,,,own_review,2026-08-19,false,high,current,
quotezone-van-insurance-review__operated-by,Van Insurance,quotezone-van-insurance-review,Quotezone.co.uk Van Insurance,https://compare100.com/quotezone-van-insurance-review/,,Operated by,"Seopa Ltd, Floor 4 Blackstaff Studios, 8-10 Amelia Street, Belfast BT2 7GS · company NI046322",,,,,,own_review,2026-08-19,false,high,current,
quotezone-van-insurance-review__regional-spread,Van Insurance,quotezone-van-insurance-review,Quotezone.co.uk Van Insurance,https://compare100.com/quotezone-van-insurance-review/,,Regional spread,"London £1,139.81 against South West England £424.83",,,,,,own_review,2026-08-19,false,high,current,
quotezone-van-insurance-review__saving-claim,Van Insurance,quotezone-van-insurance-review,Quotezone.co.uk Van Insurance,https://compare100.com/quotezone-van-insurance-review/,,Saving claim,"£666.34 for 51% of customers, measured within the panel — April 2026",,,,,,own_review,2026-08-19,false,high,current,
quotezone-van-insurance-review__tax-inside-every-price,Van Insurance,quotezone-van-insurance-review,Quotezone.co.uk Van Insurance,https://compare100.com/quotezone-van-insurance-review/,,Tax inside every price,"Insurance Premium Tax at 12%, the standard rate since 1 June 2017",,,,,,own_review,2026-08-19,false,high,current,
quotezone-van-insurance-review__use-classes-quoted,Van Insurance,quotezone-van-insurance-review,Quotezone.co.uk Van Insurance,https://compare100.com/quotezone-van-insurance-review/,,Use classes quoted,Social only · social and commuting · carriage of own goods · hire and reward · courier · haulage,,,,,,own_review,2026-08-19,false,high,current,
quotezone-van-insurance-review__van-panel,Van Insurance,quotezone-van-insurance-review,Quotezone.co.uk Van Insurance,https://compare100.com/quotezone-van-insurance-review/,,Van panel,Stated as up to 60 providers on the van pages,60,,,,,own_review,2026-08-19,false,high,current,
quotezone-van-insurance-review__what-it-is,Van Insurance,quotezone-van-insurance-review,Quotezone.co.uk Van Insurance,https://compare100.com/quotezone-van-insurance-review/,,What it is,A quote comparison and introduction service — not an insurer and not an adviser,,,,,,own_review,2026-08-19,false,high,current,
the-aa-van-insurance-review__arranged-by,Van Insurance,the-aa-van-insurance-review,AA Van Insurance Review,https://compare100.com/the-aa-van-insurance-review/,,Arranged by,Automobile Association Insurance Services Limited,,,,,,own_review,2026-08-29,false,high,current,
the-aa-van-insurance-review__arrangement-fee,Van Insurance,the-aa-van-insurance-review,AA Van Insurance Review,https://compare100.com/the-aa-van-insurance-review/,,Arrangement fee,"£28, included in the price you are quoted",28,,,GBP,,own_review,2026-08-29,false,high,current,
the-aa-van-insurance-review__basis-of-sale,Van Insurance,the-aa-van-insurance-review,AA Van Insurance Review,https://compare100.com/the-aa-van-insurance-review/,,Basis of sale,"Non-advised, with the AA acting as agent of the insurer",,,,,,own_review,2026-08-29,false,high,current,
the-aa-van-insurance-review__breakdown-add-on,Van Insurance,the-aa-van-insurance-review,AA Van Insurance Review,https://compare100.com/the-aa-van-insurance-review/,,Breakdown add-on,Three call-outs a policy year,,,,,,own_review,2026-08-29,false,high,current,
the-aa-van-insurance-review__cancellation-fee,Van Insurance,the-aa-van-insurance-review,AA Van Insurance Review,https://compare100.com/the-aa-van-insurance-review/,,Cancellation fee,£32.50,32.50,,,GBP,,own_review,2026-08-29,false,high,current,
the-aa-van-insurance-review__change-by-phone-or-webchat,Van Insurance,the-aa-van-insurance-review,AA Van Insurance Review,https://compare100.com/the-aa-van-insurance-review/,,Change by phone or webchat,£25 admin fee; free in the online account,25,,,GBP,,own_review,2026-08-29,false,high,current,
the-aa-van-insurance-review__claims-line,Van Insurance,the-aa-van-insurance-review,AA Van Insurance Review,https://compare100.com/the-aa-van-insurance-review/,,Claims line,"0330 053 0322, 24 hours",,,,,,own_review,2026-08-29,false,high,current,
the-aa-van-insurance-review__class-of-use,Van Insurance,the-aa-van-insurance-review,AA Van Insurance Review,https://compare100.com/the-aa-van-insurance-review/,,Class of use,"Social and commuting, carriage of own goods, or haulage",,,,,,own_review,2026-08-29,false,high,current,
the-aa-van-insurance-review__complaints,Van Insurance,the-aa-van-insurance-review,AA Van Insurance Review,https://compare100.com/the-aa-van-insurance-review/,,Complaints,"0344 209 0556, then the Financial Ombudsman Service",,,,,,own_review,2026-08-29,false,high,current,
the-aa-van-insurance-review__cooling-off,Van Insurance,the-aa-van-insurance-review,AA Van Insurance Review,https://compare100.com/the-aa-van-insurance-review/,,Cooling off,"14 days, though the fees are still kept",14,,,,,own_review,2026-08-29,false,high,current,
the-aa-van-insurance-review__fca-firm-reference,Van Insurance,the-aa-van-insurance-review,AA Van Insurance Review,https://compare100.com/the-aa-van-insurance-review/,,FCA firm reference,"310562, verifiable on the FCA Register",310562,,,,,own_review,2026-08-29,false,high,current,
the-aa-van-insurance-review__fscs,Van Insurance,the-aa-van-insurance-review,AA Van Insurance Review,https://compare100.com/the-aa-van-insurance-review/,,FSCS,"90% of a claim for arranging, no upper limit",90,,,,,own_review,2026-08-29,false,high,current,
the-aa-van-insurance-review__named-drivers,Van Insurance,the-aa-van-insurance-review,AA Van Insurance Review,https://compare100.com/the-aa-van-insurance-review/,,Named drivers,Up to four in addition to the policyholder,,,,,,own_review,2026-08-29,false,high,current,
the-aa-van-insurance-review__tools-in-transit-add-on,Van Insurance,the-aa-van-insurance-review,AA Van Insurance Review,https://compare100.com/the-aa-van-insurance-review/,,Tools in transit add-on,Two claims a policy year within one combined limit,,,,,,own_review,2026-08-29,false,high,current,
the-aa-van-insurance-review__tracker-discount,Van Insurance,the-aa-van-insurance-review,AA Van Insurance Review,https://compare100.com/the-aa-van-insurance-review/,,Tracker discount,Up to 10% off where a GPS tracker is fitted,10,,,,,own_review,2026-08-29,false,high,current,
the-aa-van-insurance-review__van-hire-add-on,Van Insurance,the-aa-van-insurance-review,AA Van Insurance Review,https://compare100.com/the-aa-van-insurance-review/,,Van hire add-on,"Up to 28 days, two claims a policy year",28,,,,,own_review,2026-08-29,false,high,current,
the-aa-van-insurance-review__van-panel,Van Insurance,the-aa-van-insurance-review,AA Van Insurance Review,https://compare100.com/the-aa-van-insurance-review/,,Van panel,"Four insurers: Ageas, Aviva, Covéa and Highway",,,,,,own_review,2026-08-29,false,high,current,
the-aa-van-insurance-review__voluntary-excess,Van Insurance,the-aa-van-insurance-review,AA Van Insurance Review,https://compare100.com/the-aa-van-insurance-review/,,Voluntary excess,"Selectable up to £500, on top of the compulsory excess",500,,,GBP,,own_review,2026-08-29,false,high,current,
aa-vehicle-inspections__cancellation,Vehicle Inspections,aa-vehicle-inspections,"AA Vehicle Inspections Review: £110 to £339, With a Battery Test",https://compare100.com/aa-vehicle-inspections/,,Cancellation,"£20 by 2pm the day before, £76 after that, in the terms and conditions",,,,,,own_review,2026-09-15,false,high,current,
aa-vehicle-inspections__cheapest-inspection,Vehicle Inspections,aa-vehicle-inspections,"AA Vehicle Inspections Review: £110 to £339, With a Battery Test",https://compare100.com/aa-vehicle-inspections/,,Cheapest inspection,"£110 — Basic, up to a 98-point check with a road test of up to 1 mile (£99 for AA members)",,,,,,own_review,2026-09-15,true,high,current,
aa-vehicle-inspections__check-points,Vehicle Inspections,aa-vehicle-inspections,"AA Vehicle Inspections Review: £110 to £339, With a Battery Test",https://compare100.com/aa-vehicle-inspections/,,Check points,"Up to 98 on Basic, up to 214 on Comprehensive, up to 221 on Advanced",,,,,,own_review,2026-09-15,false,high,current,
aa-vehicle-inspections__member-prices,Vehicle Inspections,aa-vehicle-inspections,"AA Vehicle Inspections Review: £110 to £339, With a Battery Test",https://compare100.com/aa-vehicle-inspections/,,Member prices,"10% off — £99, £179–£269 and £251–£305",,,,,,own_review,2026-09-15,false,high,current,
aa-vehicle-inspections__public-prices,Vehicle Inspections,aa-vehicle-inspections,"AA Vehicle Inspections Review: £110 to £339, With a Battery Test",https://compare100.com/aa-vehicle-inspections/,,Public prices,"Basic £110, Comprehensive £199–£299, Advanced £279–£339",,,,,,own_review,2026-09-15,false,high,current,
aa-vehicle-inspections__regulated,Vehicle Inspections,aa-vehicle-inspections,"AA Vehicle Inspections Review: £110 to £339, With a Battery Test",https://compare100.com/aa-vehicle-inspections/,,Regulated?,"No — the AA's FCA authorisation, firm reference 310562, is held by its insurance arm and covers insurance, not inspections",310562,,,,,own_review,2026-09-15,false,high,current,
aa-vehicle-inspections__road-test,Vehicle Inspections,aa-vehicle-inspections,"AA Vehicle Inspections Review: £110 to £339, With a Battery Test",https://compare100.com/aa-vehicle-inspections/,,Road test,"Up to 1 mile on Basic, up to 10 miles on both upper packages",,,,,,own_review,2026-09-15,false,high,current,
aa-vehicle-inspections__seller,Vehicle Inspections,aa-vehicle-inspections,"AA Vehicle Inspections Review: £110 to £339, With a Battery Test",https://compare100.com/aa-vehicle-inspections/,,Seller,"Automobile Association Developments Limited, company 01878835, Level 3 Plant, Basing View, Basingstoke RG21 4HG",,,,,,own_review,2026-09-15,false,high,current,
aa-vehicle-inspections__turnaround,Vehicle Inspections,aa-vehicle-inspections,"AA Vehicle Inspections Review: £110 to £339, With a Battery Test",https://compare100.com/aa-vehicle-inspections/,,Turnaround,Inspection aimed at 2 to 4 working days from booking,,,,,,own_review,2026-09-15,false,high,current,
aa-vehicle-inspections__vehicle-age-limit,Vehicle Inspections,aa-vehicle-inspections,"AA Vehicle Inspections Review: £110 to £339, With a Battery Test",https://compare100.com/aa-vehicle-inspections/,,Vehicle age limit,"20 years, on every package",20,,,,,own_review,2026-09-15,false,high,current,
rac-vehicle-inspections__cheapest-inspection,Vehicle Inspections,rac-vehicle-inspections,RAC Vehicle Inspections Review: 307 Points and a 20-Mile Road Test,https://compare100.com/rac-vehicle-inspections/,,Cheapest inspection,"From £132 — Basic mechanical and structural inspection, road test up to 3 miles",,,,,,own_review,2026-09-14,true,high,current,
rac-vehicle-inspections__check-points,Vehicle Inspections,rac-vehicle-inspections,RAC Vehicle Inspections Review: 307 Points and a 20-Mile Road Test,https://compare100.com/rac-vehicle-inspections/,,Check points,307 on Comprehensive and Advanced,307,,,,,own_review,2026-09-14,false,high,current,
rac-vehicle-inspections__dispute-route,Vehicle Inspections,rac-vehicle-inspections,RAC Vehicle Inspections Review: 307 Points and a 20-Mile Road Test,https://compare100.com/rac-vehicle-inspections/,,Dispute route,National Conciliation Service; the Financial Ombudsman covers only RAC's regulated insurance work,,,,,,own_review,2026-09-14,false,high,current,
rac-vehicle-inspections__maximum-liability,Vehicle Inspections,rac-vehicle-inspections,RAC Vehicle Inspections Review: 307 Points and a 20-Mile Road Test,https://compare100.com/rac-vehicle-inspections/,,Maximum liability,Capped at the price you paid for the inspection,,,,,,own_review,2026-09-14,false,high,current,
rac-vehicle-inspections__optional-extras,Vehicle Inspections,rac-vehicle-inspections,RAC Vehicle Inspections Review: 307 Points and a 20-Mile Road Test,https://compare100.com/rac-vehicle-inspections/,,Optional extras,"Oil analysis £39, photo pack £18 on Comprehensive, specialist ramps £30",,,,,,own_review,2026-09-14,false,high,current,
rac-vehicle-inspections__packages-and-prices,Vehicle Inspections,rac-vehicle-inspections,RAC Vehicle Inspections Review: 307 Points and a 20-Mile Road Test,https://compare100.com/rac-vehicle-inspections/,,Packages and prices,"Basic from £132, Comprehensive from £225, Advanced from £290",,,,,,own_review,2026-09-14,false,high,current,
rac-vehicle-inspections__provider,Vehicle Inspections,rac-vehicle-inspections,RAC Vehicle Inspections Review: 307 Points and a 20-Mile Road Test,https://compare100.com/rac-vehicle-inspections/,,Provider,"RAC Motoring Services, company 01424399, RAC House, Brockhurst Crescent, Walsall WS5 4AW",,,,,,own_review,2026-09-14,false,high,current,
rac-vehicle-inspections__road-test,Vehicle Inspections,rac-vehicle-inspections,RAC Vehicle Inspections Review: 307 Points and a 20-Mile Road Test,https://compare100.com/rac-vehicle-inspections/,,Road test,"Up to 3, 10 or 20 miles by package",,,,,,own_review,2026-09-14,false,high,current,
rac-vehicle-inspections__typical-turnaround,Vehicle Inspections,rac-vehicle-inspections,RAC Vehicle Inspections Review: 307 Points and a 20-Mile Road Test,https://compare100.com/rac-vehicle-inspections/,,Typical turnaround,Within 48 hours of request; RAC also quotes 3 working days,,,,,,own_review,2026-09-14,false,high,current,
rac-vehicle-inspections__vehicle-limits,Vehicle Inspections,rac-vehicle-inspections,RAC Vehicle Inspections Review: 307 Points and a 20-Mile Road Test,https://compare100.com/rac-vehicle-inspections/,,Vehicle limits,"Up to 3.5 tonnes gross weight, no motorcycles",3.5,,,,,own_review,2026-09-14,false,high,current,
